Godot: C:/Users/valexander/Downloads/Godot_v4.7.1-stable_win64.exe/Godot_v4.7.1-stable_win64_console.exe (4.7.1.stable.official.a13da4feb)

=== Import project (builds .godot/global_script_class_cache.cfg)
Godot Engine v4.7.1.stable.official.a13da4feb - https://godotengine.org

[   0% ] [90m[1mfirst_scan_filesystem[22m | Started Project initialization (5 steps)[39m[0m
[   0% ] [90m[1mfirst_scan_filesystem[22m | Scanning file structure...[39m[0m
[  16% ] [90m[1mfirst_scan_filesystem[22m | Loading global class names...[39m[0m
[  33% ] [90m[1mfirst_scan_filesystem[22m | Verifying GDExtensions...[39m[0m
[  50% ] [90m[1mfirst_scan_filesystem[22m | Creating autoload scripts...[39m[0m
[  66% ] [90m[1mfirst_scan_filesystem[22m | Initializing plugins...[39m[0m
[38;2;218;165;32mIt was recognized that GdUnit4 is running in a test environment, therefore the GdUnit4 plugin will not be executed![0m
[  83% ] [90m[1mfirst_scan_filesystem[22m | Starting file scan...[39m[0m
[92m[ DONE ][39m [1mfirst_scan_filesystem[22m
[0m
[   0% ] [90m[1mupdate_scripts_classes[22m | Started Registering global classes... (7 steps)[39m[0m
[   0% ] [90m[1mupdate_scripts_classes[22m | MarginDecomposition[39m[0m
[  12% ] [90m[1mupdate_scripts_classes[22m | MarginGrowthAudit[39m[0m
[  25% ] [90m[1mupdate_scripts_classes[22m | ScoringCovariance[39m[0m
[  37% ] [90m[1mupdate_scripts_classes[22m | [39m[0m
[  50% ] [90m[1mupdate_scripts_classes[22m | TestMarginGrowthAudit[39m[0m
[  62% ] [90m[1mupdate_scripts_classes[22m | TestMarginGrowthLive[39m[0m
[  75% ] [90m[1mupdate_scripts_classes[22m | MarginGrowthFixtures[39m[0m
[92m[ DONE ][39m [1mupdate_scripts_classes[22m
[0m
[   0% ] [90m[1m_update_scan_actions[22m | Started Scanning actions... (3 steps)[39m[0m
[   0% ] [90m[1m_update_scan_actions[22m | logo.png[39m[0m
[  25% ] [90m[1m_update_scan_actions[22m | logo.png[39m[0m
[  50% ] [90m[1m_update_scan_actions[22m | logo.png[39m[0m
[92m[ DONE ][39m [1m_update_scan_actions[22m
[0m
[   0% ] [90m[1mreimport[22m | Started (Re)Importing Assets (3 steps)[39m[0m
[   0% ] [90m[1mreimport[22m | Preparing files to reimport...[39m[0m
[  25% ] [90m[1mreimport[22m | Preparing files to reimport...[39m[0m
[  50% ] [90m[1mreimport[22m | Preparing files to reimport...[39m[0m
[   0% ] [90m[1mreimport[22m | Executing pre-reimport operations...[39m[0m
[   0% ] [90m[1mreimport[22m | logo.png[39m[0m
[   0% ] [90m[1mreimport[22m | logo.png[39m[0m
[  25% ] [90m[1mreimport[22m | logo.png[39m[0m
[  50% ] [90m[1mreimport[22m | logo.png[39m[0m
[  75% ] [90m[1mreimport[22m | Finalizing Asset Import...[39m[0m
[92m[ DONE ][39m [1mreimport[22m
[0m
[   0% ] [90m[1mreimport[22m | Started (Re)Importing Assets (3 steps)[39m[0m
[   0% ] [90m[1mreimport[22m | Executing post-reimport operations...[39m[0m
[92m[ DONE ][39m [1mreimport[22m
[0m
[   0% ] [90m[1mloading_editor_layout[22m | Started Loading editor (5 steps)[39m[0m
[   0% ] [90m[1mloading_editor_layout[22m | Loading editor layout...[39m[0m
[  16% ] [90m[1mloading_editor_layout[22m | Loading docks...[39m[0m
[  33% ] [90m[1mloading_editor_layout[22m | Reopening scenes...[39m[0m
[  50% ] [90m[1mloading_editor_layout[22m | Loading central editor layout...[39m[0m
[  66% ] [90m[1mloading_editor_layout[22m | Loading plugin window layout...[39m[0m
[  83% ] [90m[1mloading_editor_layout[22m | Editor layout ready.[39m[0m
[92m[ DONE ][39m [1mloading_editor_layout[22m
[0m

=== Parse-check every script under warnings-as-errors
Godot Engine v4.7.1.stable.official.a13da4feb - https://godotengine.org

Parse check: self-testing the detector before walking the tree.
Parse check: the parse error immediately below is deliberate — it is the
Parse check: broken script the self-test compiles on purpose.
SCRIPT ERROR: Parse Error: Expected parameter name.
   at: GDScript::reload (gdscript://-9223372010111892020.gd:4)
   GDScript backtrace (most recent call first):
       [0] self_test (res://tools/script_validity.gd:103)
       [1] _run (res://tools/parse_check.gd:67)
Parse check: detector verified.
Parse check: 271 script(s) checked, 0 failure(s)

=== Project-owned headless acceptance runner
Godot Engine v4.7.1.stable.official.a13da4feb - https://godotengine.org

LeagueBound headless acceptance: PASS

=== Fixed-seed simulation smoke diagnostics
Godot Engine v4.7.1.stable.official.a13da4feb - https://godotengine.org

LeagueBound Stage 3 simulation smoke
  games: 10 (0 with overtime) in 20582 ms
  engine possessions/game: 39.5
  points/game: 41.5
  points/possession: 1.052
  FG%: 44.2%
  3P%: 32.3%
  3PA/FGA: 34.8%
  FT%: 80.7%
  FTA/FGA: 16.1%
  turnovers/100 possessions: 14.9
  offensive rebound %: 25.0%
  assist % of made FG: 52.8%
  steals/game: 2.7
  blocks/game: 1.6
  personal fouls/game: 8.1
  paint points/game: 18.4
  second-chance points/game: 4.5
  possession estimate/game: 40.6
Invariants: PASS

=== Builder smoke portfolio (BALANCE_SPEC §7.3.2 bands)
Godot Engine v4.7.1.stable.official.a13da4feb - https://godotengine.org

Ordinary completed-build high water: 50 OVR (guard/ready_now/early/body0/conventional), ceiling 54
Report written to res://reports/builder_calibration.json
Builds evaluated: 810

prospect       class           n   min   med   max     band
ready_now      ordinary      177    49    50    50    48-52
ready_now      specialist     93    47    48    49    46-54
balanced       ordinary      163    48    49    49    46-50
balanced       specialist    107    46    47    48    44-52
high_upside    ordinary      162    47    47    47    44-48
high_upside    specialist    108    45    46    46    42-50
Builder calibration: PASS
WARNING: 8 ObjectDB instances were leaked at exit (run with `--verbose` for details).
   at: cleanup (core/object/object.cpp:2536)
ERROR: 7 resources still in use at exit (run with --verbose for details).
   at: clear (core/io/resource.cpp:822)

=== Attribute sensitivity suite (PR-gate sample: 100000 resolutions)
Godot Engine v4.7.1.stable.official.a13da4feb - https://godotengine.org


  attribute                monotone     50->80 probe capability
  short_range                   yes      58.1% rim_touch_finish
  dunking                       yes      58.1% dunk_threat
  mid_range                     yes      85.7% midrange_shotmaking
  three_point                   yes      88.8% three_point_shotmaking
  free_throw                    yes     105.3% free_throw_shotmaking
  handle                        yes      64.5% ball_security
  passing                       yes      64.5% pass_accuracy
  vision                        yes      58.1% pass_read_quality
  offensive_iq                  yes      82.4% shot_selection
  perimeter_defense             yes      52.0% point_of_attack_containment
  interior_defense              yes      58.1% interior_positioning
  stealing                      yes      58.1% passing_lane_defense
  blocking                      yes      52.0% rim_protection
  defensive_iq                  yes      90.9% help_recognition
  offensive_rebounding          yes      58.1% offensive_rebound_positioning
  defensive_rebounding          yes      58.1% defensive_rebound_positioning
  speed                         yes     120.0% court_speed
  strength                      yes     120.0% contact_force
  stamina                       yes     120.0% work_capacity
  vertical                      yes      58.1% burst_reach

=== Attribute marginal-value and sensitivity ===
  commit=74b2c55028bbb1a4cc43440ffec52f015c9ba7b2 godot=4.7.1-stable (official) build=editor-debug (asserts active) rules=top_domestic_pro/competition-v2-stopped-clock-pace balance=simulation_baseline/simulation-v17-stopped-foul-clock-and-live-rebound ratings=ratings-v1 targets=calibration-targets-v1 rng=godot-pcg32-v1+sha256-stream-key-v1 seeds=1..100000 per test point n=100000 resolutions per probability test point elapsed=547ms rate=182815.4/s
  note: Â§27.1 isolated-boundary sample is 100000 resolutions per test point; this run used 100000.
  note: Capability movements are exact functions of the ratings and carry no interval. Probability movements are sampled and carry Wilson intervals.
  note: Box-score, role-relative, team-impact, and fatigue/availability observables are NOT covered by this run; they require the match-level suite.

  sample.meets_certification_size                            1.0000  target[1.0000, 1.0000]  PASS
  attribute.short_range.is_addressed                         1.0000  target[1.0000, 1.0000]  PASS
  attribute.short_range.monotonic                            1.0000  target[1.0000, 1.0000]  PASS
  attribute.short_range.effect_50_to_80                      0.5806  target[0.1000, 100.0000]  PASS
  attribute.dunking.is_addressed                             1.0000  target[1.0000, 1.0000]  PASS
  attribute.dunking.monotonic                                1.0000  target[1.0000, 1.0000]  PASS
  attribute.dunking.effect_50_to_80                          0.5806  target[0.1000, 100.0000]  PASS
  attribute.mid_range.is_addressed                           1.0000  target[1.0000, 1.0000]  PASS
  attribute.mid_range.monotonic                              1.0000  target[1.0000, 1.0000]  PASS
  attribute.mid_range.effect_50_to_80                        0.8571  target[0.1000, 100.0000]  PASS
  attribute.three_point.is_addressed                         1.0000  target[1.0000, 1.0000]  PASS
  attribute.three_point.monotonic                            1.0000  target[1.0000, 1.0000]  PASS
  attribute.three_point.effect_50_to_80                      0.8881  target[0.1000, 100.0000]  PASS
  attribute.free_throw.is_addressed                          1.0000  target[1.0000, 1.0000]  PASS
  attribute.free_throw.monotonic                             1.0000  target[1.0000, 1.0000]  PASS
  attribute.free_throw.effect_50_to_80                       1.0534  target[0.1000, 100.0000]  PASS
  attribute.handle.is_addressed                              1.0000  target[1.0000, 1.0000]  PASS
  attribute.handle.monotonic                                 1.0000  target[1.0000, 1.0000]  PASS
  attribute.handle.effect_50_to_80                           0.6446  target[0.1000, 100.0000]  PASS
  attribute.passing.is_addressed                             1.0000  target[1.0000, 1.0000]  PASS
  attribute.passing.monotonic                                1.0000  target[1.0000, 1.0000]  PASS
  attribute.passing.effect_50_to_80                          0.6446  target[0.1000, 100.0000]  PASS
  attribute.vision.is_addressed                              1.0000  target[1.0000, 1.0000]  PASS
  attribute.vision.monotonic                                 1.0000  target[1.0000, 1.0000]  PASS
  attribute.vision.effect_50_to_80                           0.5806  target[0.1000, 100.0000]  PASS
  attribute.offensive_iq.is_addressed                        1.0000  target[1.0000, 1.0000]  PASS
  attribute.offensive_iq.monotonic                           1.0000  target[1.0000, 1.0000]  PASS
  attribute.offensive_iq.effect_50_to_80                     0.8235  target[0.1000, 100.0000]  PASS
  attribute.perimeter_defense.is_addressed                   1.0000  target[1.0000, 1.0000]  PASS
  attribute.perimeter_defense.monotonic                      1.0000  target[1.0000, 1.0000]  PASS
  attribute.perimeter_defense.effect_50_to_80                0.5197  target[0.1000, 100.0000]  PASS
  attribute.interior_defense.is_addressed                    1.0000  target[1.0000, 1.0000]  PASS
  attribute.interior_defense.monotonic                       1.0000  target[1.0000, 1.0000]  PASS
  attribute.interior_defense.effect_50_to_80                 0.5806  target[0.1000, 100.0000]  PASS
  attribute.stealing.is_addressed                            1.0000  target[1.0000, 1.0000]  PASS
  attribute.stealing.monotonic                               1.0000  target[1.0000, 1.0000]  PASS
  attribute.stealing.effect_50_to_80                         0.5806  target[0.1000, 100.0000]  PASS
  attribute.blocking.is_addressed                            1.0000  target[1.0000, 1.0000]  PASS
  attribute.blocking.monotonic                               1.0000  target[1.0000, 1.0000]  PASS
  attribute.blocking.effect_50_to_80                         0.5197  target[0.1000, 100.0000]  PASS
  attribute.defensive_iq.is_addressed                        1.0000  target[1.0000, 1.0000]  PASS
  attribute.defensive_iq.monotonic                           1.0000  target[1.0000, 1.0000]  PASS
  attribute.defensive_iq.effect_50_to_80                     0.9091  target[0.1000, 100.0000]  PASS
  attribute.offensive_rebounding.is_addressed                1.0000  target[1.0000, 1.0000]  PASS
  attribute.offensive_rebounding.monotonic                   1.0000  target[1.0000, 1.0000]  PASS
  attribute.offensive_rebounding.effect_50_to_80             0.5806  target[0.1000, 100.0000]  PASS
  attribute.defensive_rebounding.is_addressed                1.0000  target[1.0000, 1.0000]  PASS
  attribute.defensive_rebounding.monotonic                   1.0000  target[1.0000, 1.0000]  PASS
  attribute.defensive_rebounding.effect_50_to_80             0.5806  target[0.1000, 100.0000]  PASS
  attribute.speed.is_addressed                               1.0000  target[1.0000, 1.0000]  PASS
  attribute.speed.monotonic                                  1.0000  target[1.0000, 1.0000]  PASS
  attribute.speed.effect_50_to_80                            1.2000  target[0.1000, 100.0000]  PASS
  attribute.strength.is_addressed                            1.0000  target[1.0000, 1.0000]  PASS
  attribute.strength.monotonic                               1.0000  target[1.0000, 1.0000]  PASS
  attribute.strength.effect_50_to_80                         1.2000  target[0.1000, 100.0000]  PASS
  attribute.stamina.is_addressed                             1.0000  target[1.0000, 1.0000]  PASS
  attribute.stamina.monotonic                                1.0000  target[1.0000, 1.0000]  PASS
  attribute.stamina.effect_50_to_80                          1.2000  target[0.1000, 100.0000]  PASS
  attribute.vertical.is_addressed                            1.0000  target[1.0000, 1.0000]  PASS
  attribute.vertical.monotonic                               1.0000  target[1.0000, 1.0000]  PASS
  attribute.vertical.effect_50_to_80                         0.5806  target[0.1000, 100.0000]  PASS
  amplifier.offensive_iq.in.ball_security                    0.3077  target[0.0000, 0.6000]  PASS
  amplifier.offensive_iq.in.handle_creation                  0.3636  target[0.0000, 0.6000]  PASS
  amplifier.offensive_iq.in.pass_accuracy                    0.3077  target[0.0000, 0.6000]  PASS
  amplifier.offensive_iq.in.pass_read_quality                0.4167  target[0.0000, 0.6000]  PASS
  amplifier.offensive_iq.in.rim_touch_finish                 0.2500  target[0.0000, 0.6000]  PASS
  amplifier.offensive_iq.in.midrange_shotmaking              0.2500  target[0.0000, 0.6000]  PASS
  amplifier.offensive_iq.in.three_point_shotmaking           0.2195  target[0.0000, 0.6000]  PASS
  amplifier.offensive_iq.in.free_throw_shotmaking            0.0870  target[0.0000, 0.6000]  PASS
  amplifier.offensive_iq.in.offensive_rebound_positioning       0.1667  target[0.0000, 0.6000]  PASS
  amplifier.defensive_iq.in.point_of_attack_containment       0.2727  target[0.0000, 0.6000]  PASS
  amplifier.defensive_iq.in.perimeter_contest                0.3636  target[0.0000, 0.6000]  PASS
  amplifier.defensive_iq.in.interior_positioning             0.3333  target[0.0000, 0.6000]  PASS
  amplifier.defensive_iq.in.rim_protection                   0.2727  target[0.0000, 0.6000]  PASS
  amplifier.defensive_iq.in.passing_lane_defense             0.4167  target[0.0000, 0.6000]  PASS
  amplifier.defensive_iq.in.on_ball_disruption               0.2727  target[0.0000, 0.6000]  PASS
  amplifier.defensive_iq.in.defensive_rebound_positioning       0.1667  target[0.0000, 0.6000]  PASS
  shot.short_range.close_non_rim.effect_50_to_80             0.2602 ±0.0044  target[0.1000, 100.0000]  PASS
  shot.mid_range.midrange.effect_50_to_80                    0.4354 ±0.0042  target[0.1000, 100.0000]  PASS
  shot.three_point.standard_three.effect_50_to_80            0.4697 ±0.0041  target[0.1000, 100.0000]  PASS

  report: res://reports/attribute_sensitivity_pr.json
  80 metric(s), 80 judged, 0 failures: PASS

=== Calibration smoke (PR-gate sample: 6 games)
Godot Engine v4.7.1.stable.official.a13da4feb - https://godotengine.org


=== Deterministic calibration smoke (structural, not a certification) ===
  commit=74b2c55028bbb1a4cc43440ffec52f015c9ba7b2 godot=4.7.1-stable (official) build=editor-debug (asserts active) rules=top_domestic_pro/competition-v2-stopped-clock-pace balance=simulation_baseline/simulation-v17-stopped-foul-clock-and-live-rebound ratings=ratings-v1 targets=calibration-targets-v1 rng=godot-pcg32-v1+sha256-stream-key-v1 seeds=1..6 n=6 complete games elapsed=29527ms rate=0.2/s
  note: STRUCTURAL SMOKE ONLY. Control limits are the §14.1 bands widened by 125% of their own width. §27.1 requires 100000 games per competition to certify; this run used 6.

  possessions_per_game                                      99.6667  target[87.2500, 111.7500]  PASS
  points_per_possession                                      1.1622  target[0.9550, 1.3050]  PASS
  field_goal_percentage                                      0.4540  target[0.3750, 0.5850]  PASS
  three_point_attempt_rate                                   0.3481  target[0.1975, 0.6525]  PASS
  free_throw_attempt_rate                                    0.2135  target[-0.0200, 0.5400]  PASS
  turnovers_per_100_possessions                             13.7960  target[4.7500, 22.2500]  PASS
  offensive_rebound_percentage                               0.2596  target[0.0625, 0.4475]  PASS
  assist_percentage                                          0.5870  target[0.2700, 0.9700]  PASS
  event_family.assists.present                               1.0000  target[1.0000, 1.0000]  PASS
  event_family.free_throws_attempted.present                 1.0000  target[1.0000, 1.0000]  PASS
  event_family.offensive_rebounds.present                    1.0000  target[1.0000, 1.0000]  PASS
  event_family.steals.present                                1.0000  target[1.0000, 1.0000]  PASS
  event_family.blocks.present                                1.0000  target[1.0000, 1.0000]  PASS
  event_family.three_pointers_attempted.present              1.0000  target[1.0000, 1.0000]  PASS
  event_family.personal_fouls.present                        1.0000  target[1.0000, 1.0000]  PASS

  report: res://reports/calibration_smoke_pr.json
  15 metric(s), 15 judged, 0 failures: PASS
  verdict: structural smoke only; not a §27.1 certification.

=== GdUnit4 suites
ERROR: The remote port number must be between 1 and 65535 (inclusive).
   at: connect_to_host (core/io/stream_peer_tcp.cpp:69)
ERROR: Remote Debugger: Unable to connect to host '127.0.0.1:0'.
   at: create_tcp (core/debugger/remote_debugger_peer.cpp:247)
Godot Engine v4.7.1.stable.official.a13da4feb - https://godotengine.org

[2J[H[38;2;233;150;122m
--------------------------------------------------------------------------------------------------
GdUnit4 Comandline Tool
--------------------------------------------------------------------------------------------------[0m
[38;2;218;165;32m
Headless mode is ignored by option '--ignoreHeadlessMode'"

Please note that tests that use UI interaction do not work correctly in headless mode.
Godot 'InputEvents' are not transported by the Godot engine in headless mode and therefore
have no effect in the test!
[0m
Scanning for test suites in: res://tests
[38;2;100;149;237mInstalling GdUnit4 session system hooks.[0m
[38;2;100;149;237mSession hook 'GdUnitHtmlTestReporter' installed.[0m
[38;2;100;149;237mSession hook 'GdUnitXMLTestReporter' installed.[0m
[38;2;0;206;209mRun Test Suite: [0m[38;2;250;235;215mres://tests/calibration/test_fg_decomposition.gd[0m
  [38;2;250;235;215mres://tests/calibration/test_fg_decomposition.gd[0m[38;2;128;128;128m > [0m[38;2;250;235;215mtest_the_field_goal_identities_close_on_every_axis[0m[38;2;34;139;34m STARTED[0m[38;2;128;128;128m[0m
  [38;2;250;235;215mres://tests/calibration/test_fg_decomposition.gd[0m[38;2;128;128;128m > [0m[38;2;250;235;215mtest_the_field_goal_identities_close_on_every_axis[0m[38;2;34;139;34m PASSED[0m[38;2;100;149;237m 20s 544ms[0m
[38;2;128;128;128m[0m
  [38;2;250;235;215mres://tests/calibration/test_fg_decomposition.gd[0m[38;2;128;128;128m > [0m[38;2;250;235;215mtest_made_field_goals_are_exactly_the_two_and_three_pointers[0m[38;2;34;139;34m STARTED[0m[38;2;128;128;128m[0m
  [38;2;250;235;215mres://tests/calibration/test_fg_decomposition.gd[0m[38;2;128;128;128m > [0m[38;2;250;235;215mtest_made_field_goals_are_exactly_the_two_and_three_pointers[0m[38;2;34;139;34m PASSED[0m[38;2;100;149;237m 20s 251ms[0m
[38;2;128;128;128m[0m
  [38;2;250;235;215mres://tests/calibration/test_fg_decomposition.gd[0m[38;2;128;128;128m > [0m[38;2;250;235;215mtest_the_ledger_and_the_box_score_agree_about_field_goals[0m[38;2;34;139;34m STARTED[0m[38;2;128;128;128m[0m
  [38;2;250;235;215mres://tests/calibration/test_fg_decomposition.gd[0m[38;2;128;128;128m > [0m[38;2;250;235;215mtest_the_ledger_and_the_box_score_agree_about_field_goals[0m[38;2;34;139;34m PASSED[0m[38;2;100;149;237m 29s 750ms[0m
[38;2;128;128;128m[0m
  [38;2;250;235;215mres://tests/calibration/test_fg_decomposition.gd[0m[38;2;128;128;128m > [0m[38;2;250;235;215mtest_the_field_goal_gate_reports_a_breach_rather_than_absorbing_it[0m[38;2;34;139;34m STARTED[0m[38;2;128;128;128m[0m
  [38;2;250;235;215mres://tests/calibration/test_fg_decomposition.gd[0m[38;2;128;128;128m > [0m[38;2;250;235;215mtest_the_field_goal_gate_reports_a_breach_rather_than_absorbing_it[0m[38;2;34;139;34m PASSED[0m[38;2;100;149;237m 7s 15ms[0m
[38;2;128;128;128m[0m
  [38;2;250;235;215mres://tests/calibration/test_fg_decomposition.gd[0m[38;2;128;128;128m > [0m[38;2;250;235;215mtest_contest_band_accuracy_is_monotone_in_the_bands_the_fixture_uses[0m[38;2;34;139;34m STARTED[0m[38;2;128;128;128m[0m
  [38;2;250;235;215mres://tests/calibration/test_fg_decomposition.gd[0m[38;2;128;128;128m > [0m[38;2;250;235;215mtest_contest_band_accuracy_is_monotone_in_the_bands_the_fixture_uses[0m[38;2;34;139;34m PASSED[0m[38;2;100;149;237m 1min 22s 715ms[0m
[38;2;128;128;128m[0m
  [38;2;250;235;215mres://tests/calibration/test_fg_decomposition.gd[0m[38;2;128;128;128m > [0m[38;2;250;235;215mtest_the_zone_and_contest_shares_each_sum_to_one[0m[38;2;34;139;34m STARTED[0m[38;2;128;128;128m[0m
  [38;2;250;235;215mres://tests/calibration/test_fg_decomposition.gd[0m[38;2;128;128;128m > [0m[38;2;250;235;215mtest_the_zone_and_contest_shares_each_sum_to_one[0m[38;2;34;139;34m PASSED[0m[38;2;100;149;237m 27s 752ms[0m
[38;2;128;128;128m[0m
  [38;2;250;235;215mres://tests/calibration/test_fg_decomposition.gd[0m[38;2;128;128;128m > [0m[38;2;250;235;215mtest_shooter_capability_moves_make_probability[0m[38;2;34;139;34m STARTED[0m[38;2;128;128;128m[0m
  [38;2;250;235;215mres://tests/calibration/test_fg_decomposition.gd[0m[38;2;128;128;128m > [0m[38;2;250;235;215mtest_shooter_capability_moves_make_probability[0m[38;2;34;139;34m PASSED[0m[38;2;100;149;237m 37s 901ms[0m
[38;2;128;128;128m[0m
  [38;2;250;235;215mres://tests/calibration/test_fg_decomposition.gd[0m[38;2;128;128;128m > [0m[38;2;250;235;215mtest_defender_capability_moves_contest_pressure[0m[38;2;34;139;34m STARTED[0m[38;2;128;128;128m[0m
  [38;2;250;235;215mres://tests/calibration/test_fg_decomposition.gd[0m[38;2;128;128;128m > [0m[38;2;250;235;215mtest_defender_capability_moves_contest_pressure[0m[38;2;34;139;34m PASSED[0m[38;2;100;149;237m 39s 339ms[0m
[38;2;128;128;128m[0m
  [38;2;250;235;215mres://tests/calibration/test_fg_decomposition.gd[0m[38;2;128;128;128m > [0m[38;2;250;235;215mtest_rating_normalization_round_trips_through_the_baseline_curve[0m[38;2;34;139;34m STARTED[0m[38;2;128;128;128m[0m
  [38;2;250;235;215mres://tests/calibration/test_fg_decomposition.gd[0m[38;2;128;128;128m > [0m[38;2;250;235;215mtest_rating_normalization_round_trips_through_the_baseline_curve[0m[38;2;34;139;34m PASSED[0m[38;2;100;149;237m 19ms[0m
[38;2;128;128;128m[0m
  [38;2;250;235;215mres://tests/calibration/test_fg_decomposition.gd[0m[38;2;128;128;128m > [0m[38;2;250;235;215mtest_the_roster_ladder_preserves_the_intended_rating_gap_between_levels[0m[38;2;34;139;34m STARTED[0m[38;2;128;128;128m[0m
  [38;2;250;235;215mres://tests/calibration/test_fg_decomposition.gd[0m[38;2;128;128;128m > [0m[38;2;250;235;215mtest_the_roster_ladder_preserves_the_intended_rating_gap_between_levels[0m[38;2;34;139;34m PASSED[0m[38;2;100;149;237m 30ms[0m
[38;2;128;128;128m[0m
  [38;2;250;235;215mres://tests/calibration/test_fg_decomposition.gd[0m[38;2;128;128;128m > [0m[38;2;250;235;215mtest_the_shot_probe_cannot_change_the_ledger[0m[38;2;34;139;34m STARTED[0m[38;2;128;128;128m[0m
  [38;2;250;235;215mres://tests/calibration/test_fg_decomposition.gd[0m[38;2;128;128;128m > [0m[38;2;250;235;215mtest_the_shot_probe_cannot_change_the_ledger[0m[38;2;34;139;34m PASSED[0m[38;2;100;149;237m 6s 605ms[0m
[38;2;128;128;128m[0m
  [38;2;250;235;215mres://tests/calibration/test_fg_decomposition.gd[0m[38;2;128;128;128m > [0m[38;2;250;235;215mtest_the_probe_is_detached_by_default[0m[38;2;34;139;34m STARTED[0m[38;2;128;128;128m[0m
  [38;2;250;235;215mres://tests/calibration/test_fg_decomposition.gd[0m[38;2;128;128;128m > [0m[38;2;250;235;215mtest_the_probe_is_detached_by_default[0m[38;2;34;139;34m PASSED[0m[38;2;100;149;237m 44ms[0m
[38;2;128;128;128m[0m
  [38;2;250;235;215mres://tests/calibration/test_fg_decomposition.gd[0m[38;2;128;128;128m > [0m[38;2;250;235;215mtest_a_probe_whose_owner_was_freed_is_ignored[0m[38;2;34;139;34m STARTED[0m[38;2;128;128;128m[0m
  [38;2;250;235;215mres://tests/calibration/test_fg_decomposition.gd[0m[38;2;128;128;128m > [0m[38;2;250;235;215mtest_a_probe_whose_owner_was_freed_is_ignored[0m[38;2;34;139;34m PASSED[0m[38;2;100;149;237m 6s 644ms[0m
[38;2;128;128;128m[0m
  [38;2;250;235;215mres://tests/calibration/test_fg_decomposition.gd[0m[38;2;128;128;128m > [0m[38;2;250;235;215mtest_the_probe_terms_sum_to_the_probability_they_describe[0m[38;2;34;139;34m STARTED[0m[38;2;128;128;128m[0m
  [38;2;250;235;215mres://tests/calibration/test_fg_decomposition.gd[0m[38;2;128;128;128m > [0m[38;2;250;235;215mtest_the_probe_terms_sum_to_the_probability_they_describe[0m[38;2;34;139;34m PASSED[0m[38;2;100;149;237m 19s 167ms[0m
[38;2;128;128;128m[0m
  [38;2;250;235;215mres://tests/calibration/test_fg_decomposition.gd[0m[38;2;128;128;128m > [0m[38;2;250;235;215mtest_the_field_goal_interval_is_a_ratio_estimator[0m[38;2;34;139;34m STARTED[0m[38;2;128;128;128m[0m
  [38;2;250;235;215mres://tests/calibration/test_fg_decomposition.gd[0m[38;2;128;128;128m > [0m[38;2;250;235;215mtest_the_field_goal_interval_is_a_ratio_estimator[0m[38;2;34;139;34m PASSED[0m[38;2;100;149;237m 13ms[0m
[38;2;128;128;128m[0m
  [38;2;250;235;215mres://tests/calibration/test_fg_decomposition.gd[0m[38;2;128;128;128m > [0m[38;2;250;235;215mtest_the_published_field_goal_interval_goes_through_the_ratio_estimator[0m[38;2;34;139;34m STARTED[0m[38;2;128;128;128m[0m
  [38;2;250;235;215mres://tests/calibration/test_fg_decomposition.gd[0m[38;2;128;128;128m > [0m[38;2;250;235;215mtest_the_published_field_goal_interval_goes_through_the_ratio_estimator[0m[38;2;34;139;34m PASSED[0m[38;2;100;149;237m 16ms[0m
[38;2;128;128;128m[0m
  [38;2;250;235;215mres://tests/calibration/test_fg_decomposition.gd[0m[38;2;128;128;128m > [0m[38;2;250;235;215mtest_the_ratio_estimator_refuses_an_unusable_series[0m[38;2;34;139;34m STARTED[0m[38;2;128;128;128m[0m
  [38;2;250;235;215mres://tests/calibration/test_fg_decomposition.gd[0m[38;2;128;128;128m > [0m[38;2;250;235;215mtest_the_ratio_estimator_refuses_an_unusable_series[0m[38;2;34;139;34m PASSED[0m[38;2;100;149;237m 12ms[0m
[38;2;128;128;128m[0m
  [38;2;250;235;215mres://tests/calibration/test_fg_decomposition.gd[0m[38;2;128;128;128m > [0m[38;2;250;235;215mtest_shot_resolution_has_no_compensation_channel[0m[38;2;34;139;34m STARTED[0m[38;2;128;128;128m[0m
  [38;2;250;235;215mres://tests/calibration/test_fg_decomposition.gd[0m[38;2;128;128;128m > [0m[38;2;250;235;215mtest_shot_resolution_has_no_compensation_channel[0m[38;2;34;139;34m PASSED[0m[38;2;100;149;237m 33ms[0m
[38;2;128;128;128m[0m
  [38;2;250;235;215mres://tests/calibration/test_fg_decomposition.gd[0m[38;2;128;128;128m > [0m[38;2;250;235;215mtest_shot_resolution_cannot_name_a_competition[0m[38;2;34;139;34m STARTED[0m[38;2;128;128;128m[0m
  [38;2;250;235;215mres://tests/calibration/test_fg_decomposition.gd[0m[38;2;128;128;128m > [0m[38;2;250;235;215mtest_shot_resolution_cannot_name_a_competition[0m[38;2;34;139;34m PASSED[0m[38;2;100;149;237m 88ms[0m
[38;2;128;128;128m[0m
  [38;2;250;235;215mres://tests/calibration/test_fg_decomposition.gd[0m[38;2;128;128;128m > [0m[38;2;250;235;215mtest_make_resolution_cannot_see_the_scoreboard[0m[38;2;34;139;34m STARTED[0m[38;2;128;128;128m[0m
  [38;2;250;235;215mres://tests/calibration/test_fg_decomposition.gd[0m[38;2;128;128;128m > [0m[38;2;250;235;215mtest_make_resolution_cannot_see_the_scoreboard[0m[38;2;34;139;34m PASSED[0m[38;2;100;149;237m 29ms[0m
[38;2;128;128;128m[0m
  [38;2;250;235;215mres://tests/calibration/test_fg_decomposition.gd[0m[38;2;128;128;128m > [0m[38;2;250;235;215mtest_every_competition_shoots_against_one_shared_shot_profile[0m[38;2;34;139;34m STARTED[0m[38;2;128;128;128m[0m
  [38;2;250;235;215mres://tests/calibration/test_fg_decomposition.gd[0m[38;2;128;128;128m > [0m[38;2;250;235;215mtest_every_competition_shoots_against_one_shared_shot_profile[0m[38;2;34;139;34m PASSED[0m[38;2;100;149;237m 57ms[0m
[38;2;128;128;128m[0m
  [38;2;250;235;215mres://tests/calibration/test_fg_decomposition.gd[0m[38;2;128;128;128m > [0m[38;2;250;235;215mtest_the_compensation_channels_are_pinned_on_a_fixed_fixture[0m[38;2;34;139;34m STARTED[0m[38;2;128;128;128m[0m
  [38;2;250;235;215mres://tests/calibration/test_fg_decomposition.gd[0m[38;2;128;128;128m > [0m[38;2;250;235;215mtest_the_compensation_channels_are_pinned_on_a_fixed_fixture[0m[38;2;34;139;34m PASSED[0m[38;2;100;149;237m 1min 21s 99ms[0m
[38;2;128;128;128m[0m
[38;2;30;144;255mStatistics:[0m[38;2;128;128;128m 22 test cases | 0 errors | 0 failures | 0 flaky | 0 skipped | 0 orphans |[0m[38;2;34;139;34m PASSED[0m[38;2;100;149;237m 6min 21s 820ms[0m
[38;2;128;128;128m[0m
[38;2;128;128;128m[0m
[38;2;0;206;209mRun Test Suite: [0m[38;2;250;235;215mres://tests/calibration/test_home_win_verdict_ownership.gd[0m
  [38;2;250;235;215mres://tests/calibration/test_home_win_verdict_ownership.gd[0m[38;2;128;128;128m > [0m[38;2;250;235;215mtest_the_paired_estimator_is_the_judged_metric[0m[38;2;34;139;34m STARTED[0m[38;2;128;128;128m[0m
  [38;2;250;235;215mres://tests/calibration/test_home_win_verdict_ownership.gd[0m[38;2;128;128;128m > [0m[38;2;250;235;215mtest_the_paired_estimator_is_the_judged_metric[0m[38;2;34;139;34m PASSED[0m[38;2;100;149;237m 13ms[0m
[38;2;128;128;128m[0m
  [38;2;250;235;215mres://tests/calibration/test_home_win_verdict_ownership.gd[0m[38;2;128;128;128m > [0m[38;2;250;235;215mtest_the_marginal_metric_is_informational_and_cannot_fail_the_gate[0m[38;2;34;139;34m STARTED[0m[38;2;128;128;128m[0m
  [38;2;250;235;215mres://tests/calibration/test_home_win_verdict_ownership.gd[0m[38;2;128;128;128m > [0m[38;2;250;235;215mtest_the_marginal_metric_is_informational_and_cannot_fail_the_gate[0m[38;2;34;139;34m PASSED[0m[38;2;100;149;237m 16ms[0m
[38;2;128;128;128m[0m
  [38;2;250;235;215mres://tests/calibration/test_home_win_verdict_ownership.gd[0m[38;2;128;128;128m > [0m[38;2;250;235;215mtest_a_disagreement_is_resolved_by_the_judged_metric[0m[38;2;34;139;34m STARTED[0m[38;2;128;128;128m[0m
  [38;2;250;235;215mres://tests/calibration/test_home_win_verdict_ownership.gd[0m[38;2;128;128;128m > [0m[38;2;250;235;215mtest_a_disagreement_is_resolved_by_the_judged_metric[0m[38;2;34;139;34m PASSED[0m[38;2;100;149;237m 33ms[0m
[38;2;128;128;128m[0m
  [38;2;250;235;215mres://tests/calibration/test_home_win_verdict_ownership.gd[0m[38;2;128;128;128m > [0m[38;2;250;235;215mtest_the_judged_metric_still_fails_when_the_venue_effect_is_wrong[0m[38;2;34;139;34m STARTED[0m[38;2;128;128;128m[0m
  [38;2;250;235;215mres://tests/calibration/test_home_win_verdict_ownership.gd[0m[38;2;128;128;128m > [0m[38;2;250;235;215mtest_the_judged_metric_still_fails_when_the_venue_effect_is_wrong[0m[38;2;34;139;34m PASSED[0m[38;2;100;149;237m 22ms[0m
[38;2;128;128;128m[0m
  [38;2;250;235;215mres://tests/calibration/test_home_win_verdict_ownership.gd[0m[38;2;128;128;128m > [0m[38;2;250;235;215mtest_the_fourteen_two_band_is_untouched[0m[38;2;34;139;34m STARTED[0m[38;2;128;128;128m[0m
  [38;2;250;235;215mres://tests/calibration/test_home_win_verdict_ownership.gd[0m[38;2;128;128;128m > [0m[38;2;250;235;215mtest_the_fourteen_two_band_is_untouched[0m[38;2;34;139;34m PASSED[0m[38;2;100;149;237m 12ms[0m
[38;2;128;128;128m[0m
  [38;2;250;235;215mres://tests/calibration/test_home_win_verdict_ownership.gd[0m[38;2;128;128;128m > [0m[38;2;250;235;215mtest_the_runner_emits_exactly_one_judged_home_win_metric[0m[38;2;34;139;34m STARTED[0m[38;2;128;128;128m[0m
  [38;2;250;235;215mres://tests/calibration/test_home_win_verdict_ownership.gd[0m[38;2;128;128;128m > [0m[38;2;250;235;215mtest_the_runner_emits_exactly_one_judged_home_win_metric[0m[38;2;34;139;34m PASSED[0m[38;2;100;149;237m 18ms[0m
[38;2;128;128;128m[0m
[38;2;30;144;255mStatistics:[0m[38;2;128;128;128m 6 test cases | 0 errors | 0 failures | 0 flaky | 0 skipped | 0 orphans |[0m[38;2;34;139;34m PASSED[0m[38;2;100;149;237m 250ms[0m
[38;2;128;128;128m[0m
[38;2;128;128;128m[0m
[38;2;0;206;209mRun Test Suite: [0m[38;2;250;235;215mres://tests/calibration/test_margin_decomposition.gd[0m
  [38;2;250;235;215mres://tests/calibration/test_margin_decomposition.gd[0m[38;2;128;128;128m > [0m[38;2;250;235;215mtest_margin_classification_uses_the_specified_boundaries[0m[38;2;34;139;34m STARTED[0m[38;2;128;128;128m[0m
  [38;2;250;235;215mres://tests/calibration/test_margin_decomposition.gd[0m[38;2;128;128;128m > [0m[38;2;250;235;215mtest_margin_classification_uses_the_specified_boundaries[0m[38;2;34;139;34m PASSED[0m[38;2;100;149;237m 12ms[0m
[38;2;128;128;128m[0m
  [38;2;250;235;215mres://tests/calibration/test_margin_decomposition.gd[0m[38;2;128;128;128m > [0m[38;2;250;235;215mtest_classification_is_signless[0m[38;2;34;139;34m STARTED[0m[38;2;128;128;128m[0m
  [38;2;250;235;215mres://tests/calibration/test_margin_decomposition.gd[0m[38;2;128;128;128m > [0m[38;2;250;235;215mtest_classification_is_signless[0m[38;2;34;139;34m PASSED[0m[38;2;100;149;237m 10ms[0m
[38;2;128;128;128m[0m
  [38;2;250;235;215mres://tests/calibration/test_margin_decomposition.gd[0m[38;2;128;128;128m > [0m[38;2;250;235;215mtest_the_six_term_identity_reconstructs_the_margin[0m[38;2;34;139;34m STARTED[0m[38;2;128;128;128m[0m
  [38;2;250;235;215mres://tests/calibration/test_margin_decomposition.gd[0m[38;2;128;128;128m > [0m[38;2;250;235;215mtest_the_six_term_identity_reconstructs_the_margin[0m[38;2;34;139;34m PASSED[0m[38;2;100;149;237m 55ms[0m
[38;2;128;128;128m[0m
  [38;2;250;235;215mres://tests/calibration/test_margin_decomposition.gd[0m[38;2;128;128;128m > [0m[38;2;250;235;215mtest_component_variance_shares_sum_to_one[0m[38;2;34;139;34m STARTED[0m[38;2;128;128;128m[0m
  [38;2;250;235;215mres://tests/calibration/test_margin_decomposition.gd[0m[38;2;128;128;128m > [0m[38;2;250;235;215mtest_component_variance_shares_sum_to_one[0m[38;2;34;139;34m PASSED[0m[38;2;100;149;237m 49ms[0m
[38;2;128;128;128m[0m
  [38;2;250;235;215mres://tests/calibration/test_margin_decomposition.gd[0m[38;2;128;128;128m > [0m[38;2;250;235;215mtest_independent_possessions_report_a_ratio_near_one[0m[38;2;34;139;34m STARTED[0m[38;2;128;128;128m[0m
  [38;2;250;235;215mres://tests/calibration/test_margin_decomposition.gd[0m[38;2;128;128;128m > [0m[38;2;250;235;215mtest_independent_possessions_report_a_ratio_near_one[0m[38;2;34;139;34m PASSED[0m[38;2;100;149;237m 1s 681ms[0m
[38;2;128;128;128m[0m
  [38;2;250;235;215mres://tests/calibration/test_margin_decomposition.gd[0m[38;2;128;128;128m > [0m[38;2;250;235;215mtest_a_persistent_game_level_effect_raises_the_ratio[0m[38;2;34;139;34m STARTED[0m[38;2;128;128;128m[0m
  [38;2;250;235;215mres://tests/calibration/test_margin_decomposition.gd[0m[38;2;128;128;128m > [0m[38;2;250;235;215mtest_a_persistent_game_level_effect_raises_the_ratio[0m[38;2;34;139;34m PASSED[0m[38;2;100;149;237m 1s 110ms[0m
[38;2;128;128;128m[0m
  [38;2;250;235;215mres://tests/calibration/test_margin_decomposition.gd[0m[38;2;128;128;128m > [0m[38;2;250;235;215mtest_the_strength_regression_recovers_a_known_slope[0m[38;2;34;139;34m STARTED[0m[38;2;128;128;128m[0m
  [38;2;250;235;215mres://tests/calibration/test_margin_decomposition.gd[0m[38;2;128;128;128m > [0m[38;2;250;235;215mtest_the_strength_regression_recovers_a_known_slope[0m[38;2;34;139;34m PASSED[0m[38;2;100;149;237m 16ms[0m
[38;2;128;128;128m[0m
  [38;2;250;235;215mres://tests/calibration/test_margin_decomposition.gd[0m[38;2;128;128;128m > [0m[38;2;250;235;215mtest_matchup_bands_partition_the_sample[0m[38;2;34;139;34m STARTED[0m[38;2;128;128;128m[0m
  [38;2;250;235;215mres://tests/calibration/test_margin_decomposition.gd[0m[38;2;128;128;128m > [0m[38;2;250;235;215mtest_matchup_bands_partition_the_sample[0m[38;2;34;139;34m PASSED[0m[38;2;100;149;237m 13ms[0m
[38;2;128;128;128m[0m
[38;2;30;144;255mStatistics:[0m[38;2;128;128;128m 8 test cases | 0 errors | 0 failures | 0 flaky | 0 skipped | 0 orphans |[0m[38;2;34;139;34m PASSED[0m[38;2;100;149;237m 3s 229ms[0m
[38;2;128;128;128m[0m
[38;2;128;128;128m[0m
[38;2;0;206;209mRun Test Suite: [0m[38;2;250;235;215mres://tests/calibration/test_margin_growth_audit.gd[0m
  [38;2;250;235;215mres://tests/calibration/test_margin_growth_audit.gd[0m[38;2;128;128;128m > [0m[38;2;250;235;215mtest_known_signed_components_are_not_only_an_identity_check[0m[38;2;34;139;34m STARTED[0m[38;2;128;128;128m[0m
  [38;2;250;235;215mres://tests/calibration/test_margin_growth_audit.gd[0m[38;2;128;128;128m > [0m[38;2;250;235;215mtest_known_signed_components_are_not_only_an_identity_check[0m[38;2;34;139;34m PASSED[0m[38;2;100;149;237m 14ms[0m
[38;2;128;128;128m[0m
  [38;2;250;235;215mres://tests/calibration/test_margin_growth_audit.gd[0m[38;2;128;128;128m > [0m[38;2;250;235;215mtest_zero_attempt_side_still_closes[0m[38;2;34;139;34m STARTED[0m[38;2;128;128;128m[0m
  [38;2;250;235;215mres://tests/calibration/test_margin_growth_audit.gd[0m[38;2;128;128;128m > [0m[38;2;250;235;215mtest_zero_attempt_side_still_closes[0m[38;2;34;139;34m PASSED[0m[38;2;100;149;237m 14ms[0m
[38;2;128;128;128m[0m
  [38;2;250;235;215mres://tests/calibration/test_margin_growth_audit.gd[0m[38;2;128;128;128m > [0m[38;2;250;235;215mtest_exact_late_and_normalized_period_boundaries[0m[38;2;34;139;34m STARTED[0m[38;2;128;128;128m[0m
  [38;2;250;235;215mres://tests/calibration/test_margin_growth_audit.gd[0m[38;2;128;128;128m > [0m[38;2;250;235;215mtest_exact_late_and_normalized_period_boundaries[0m[38;2;34;139;34m PASSED[0m[38;2;100;149;237m 14ms[0m
[38;2;128;128;128m[0m
  [38;2;250;235;215mres://tests/calibration/test_margin_growth_audit.gd[0m[38;2;128;128;128m > [0m[38;2;250;235;215mtest_hand_authored_ledger_has_known_period_and_shooting_answers[0m[38;2;34;139;34m STARTED[0m[38;2;128;128;128m[0m
  [38;2;250;235;215mres://tests/calibration/test_margin_growth_audit.gd[0m[38;2;128;128;128m > [0m[38;2;250;235;215mtest_hand_authored_ledger_has_known_period_and_shooting_answers[0m[38;2;34;139;34m PASSED[0m[38;2;100;149;237m 22ms[0m
[38;2;128;128;128m[0m
  [38;2;250;235;215mres://tests/calibration/test_margin_growth_audit.gd[0m[38;2;128;128;128m > [0m[38;2;250;235;215mtest_missing_channel_coverage_is_a_failure[0m[38;2;34;139;34m STARTED[0m[38;2;128;128;128m[0m
  [38;2;250;235;215mres://tests/calibration/test_margin_growth_audit.gd[0m[38;2;128;128;128m > [0m[38;2;250;235;215mtest_missing_channel_coverage_is_a_failure[0m[38;2;34;139;34m PASSED[0m[38;2;100;149;237m 20ms[0m
[38;2;128;128;128m[0m
  [38;2;250;235;215mres://tests/calibration/test_margin_growth_audit.gd[0m[38;2;128;128;128m > [0m[38;2;250;235;215mtest_dropped_probe_and_wrong_probability_outcome_cannot_pass[0m[38;2;34;139;34m STARTED[0m[38;2;128;128;128m[0m
  [38;2;250;235;215mres://tests/calibration/test_margin_growth_audit.gd[0m[38;2;128;128;128m > [0m[38;2;250;235;215mtest_dropped_probe_and_wrong_probability_outcome_cannot_pass[0m[38;2;34;139;34m PASSED[0m[38;2;100;149;237m 24ms[0m
[38;2;128;128;128m[0m
  [38;2;250;235;215mres://tests/calibration/test_margin_growth_audit.gd[0m[38;2;128;128;128m > [0m[38;2;250;235;215mtest_score_possession_and_sequence_corruption_is_rejected[0m[38;2;34;139;34m STARTED[0m[38;2;128;128;128m[0m
  [38;2;250;235;215mres://tests/calibration/test_margin_growth_audit.gd[0m[38;2;128;128;128m > [0m[38;2;250;235;215mtest_score_possession_and_sequence_corruption_is_rejected[0m[38;2;34;139;34m PASSED[0m[38;2;100;149;237m 31ms[0m
[38;2;128;128;128m[0m
  [38;2;250;235;215mres://tests/calibration/test_margin_growth_audit.gd[0m[38;2;128;128;128m > [0m[38;2;250;235;215mtest_period_score_and_nonfinite_probability_are_rejected[0m[38;2;34;139;34m STARTED[0m[38;2;128;128;128m[0m
  [38;2;250;235;215mres://tests/calibration/test_margin_growth_audit.gd[0m[38;2;128;128;128m > [0m[38;2;250;235;215mtest_period_score_and_nonfinite_probability_are_rejected[0m[38;2;34;139;34m PASSED[0m[38;2;100;149;237m 22ms[0m
[38;2;128;128;128m[0m
  [38;2;250;235;215mres://tests/calibration/test_margin_growth_audit.gd[0m[38;2;128;128;128m > [0m[38;2;250;235;215mtest_attempt_shooter_and_timestamp_linkage_are_checked[0m[38;2;34;139;34m STARTED[0m[38;2;128;128;128m[0m
  [38;2;250;235;215mres://tests/calibration/test_margin_growth_audit.gd[0m[38;2;128;128;128m > [0m[38;2;250;235;215mtest_attempt_shooter_and_timestamp_linkage_are_checked[0m[38;2;34;139;34m PASSED[0m[38;2;100;149;237m 36ms[0m
[38;2;128;128;128m[0m
[38;2;30;144;255mStatistics:[0m[38;2;128;128;128m 9 test cases | 0 errors | 0 failures | 0 flaky | 0 skipped | 0 orphans |[0m[38;2;34;139;34m PASSED[0m[38;2;100;149;237m 343ms[0m
[38;2;128;128;128m[0m
[38;2;128;128;128m[0m
[38;2;0;206;209mRun Test Suite: [0m[38;2;250;235;215mres://tests/calibration/test_margin_growth_live.gd[0m
  [38;2;250;235;215mres://tests/calibration/test_margin_growth_live.gd[0m[38;2;128;128;128m > [0m[38;2;250;235;215mtest_observer_preserves_seed_and_real_ledgers_close_with_coverage[0m[38;2;34;139;34m STARTED[0m[38;2;128;128;128m[0m
  [38;2;250;235;215mres://tests/calibration/test_margin_growth_live.gd[0m[38;2;128;128;128m > [0m[38;2;250;235;215mtest_observer_preserves_seed_and_real_ledgers_close_with_coverage[0m[38;2;34;139;34m PASSED[0m[38;2;100;149;237m 15s 689ms[0m
[38;2;128;128;128m[0m
[38;2;30;144;255mStatistics:[0m[38;2;128;128;128m 1 test cases | 0 errors | 0 failures | 0 flaky | 0 skipped | 0 orphans |[0m[38;2;34;139;34m PASSED[0m[38;2;100;149;237m 15s 716ms[0m
[38;2;128;128;128m[0m
[38;2;128;128;128m[0m
[38;2;0;206;209mRun Test Suite: [0m[38;2;250;235;215mres://tests/calibration/test_opening_possession.gd[0m
  [38;2;250;235;215mres://tests/calibration/test_opening_possession.gd[0m[38;2;128;128;128m > [0m[38;2;250;235;215mtest_no_production_script_constructs_a_match_input[0m[38;2;34;139;34m STARTED[0m[38;2;128;128;128m[0m
  [38;2;250;235;215mres://tests/calibration/test_opening_possession.gd[0m[38;2;128;128;128m > [0m[38;2;250;235;215mtest_no_production_script_constructs_a_match_input[0m[38;2;34;139;34m PASSED[0m[38;2;100;149;237m 407ms[0m
[38;2;128;128;128m[0m
  [38;2;250;235;215mres://tests/calibration/test_opening_possession.gd[0m[38;2;128;128;128m > [0m[38;2;250;235;215mtest_rebuilding_an_input_for_new_stakes_keeps_the_same_opener[0m[38;2;34;139;34m STARTED[0m[38;2;128;128;128m[0m
  [38;2;250;235;215mres://tests/calibration/test_opening_possession.gd[0m[38;2;128;128;128m > [0m[38;2;250;235;215mtest_rebuilding_an_input_for_new_stakes_keeps_the_same_opener[0m[38;2;34;139;34m PASSED[0m[38;2;100;149;237m 16ms[0m
[38;2;128;128;128m[0m
  [38;2;250;235;215mres://tests/calibration/test_opening_possession.gd[0m[38;2;128;128;128m > [0m[38;2;250;235;215mtest_an_opening_possession_outside_the_two_teams_is_rejected[0m[38;2;34;139;34m STARTED[0m[38;2;128;128;128m[0m
  [38;2;250;235;215mres://tests/calibration/test_opening_possession.gd[0m[38;2;128;128;128m > [0m[38;2;250;235;215mtest_an_opening_possession_outside_the_two_teams_is_rejected[0m[38;2;34;139;34m PASSED[0m[38;2;100;149;237m 35ms[0m
[38;2;128;128;128m[0m
  [38;2;250;235;215mres://tests/calibration/test_opening_possession.gd[0m[38;2;128;128;128m > [0m[38;2;250;235;215mtest_the_possession_arrow_rule_flag_is_still_unread[0m[38;2;34;139;34m STARTED[0m[38;2;128;128;128m[0m
  [38;2;250;235;215mres://tests/calibration/test_opening_possession.gd[0m[38;2;128;128;128m > [0m[38;2;250;235;215mtest_the_possession_arrow_rule_flag_is_still_unread[0m[38;2;34;139;34m PASSED[0m[38;2;100;149;237m 330ms[0m
[38;2;128;128;128m[0m
  [38;2;250;235;215mres://tests/calibration/test_opening_possession.gd[0m[38;2;128;128;128m > [0m[38;2;250;235;215mtest_the_population_fixture_alternates_the_opening_inbound[0m[38;2;34;139;34m STARTED[0m[38;2;128;128;128m[0m
  [38;2;250;235;215mres://tests/calibration/test_opening_possession.gd[0m[38;2;128;128;128m > [0m[38;2;250;235;215mtest_the_population_fixture_alternates_the_opening_inbound[0m[38;2;34;139;34m PASSED[0m[38;2;100;149;237m 49ms[0m
[38;2;128;128;128m[0m
  [38;2;250;235;215mres://tests/calibration/test_opening_possession.gd[0m[38;2;128;128;128m > [0m[38;2;250;235;215mtest_the_mirror_fixture_alternates_the_opening_inbound[0m[38;2;34;139;34m STARTED[0m[38;2;128;128;128m[0m
  [38;2;250;235;215mres://tests/calibration/test_opening_possession.gd[0m[38;2;128;128;128m > [0m[38;2;250;235;215mtest_the_mirror_fixture_alternates_the_opening_inbound[0m[38;2;34;139;34m PASSED[0m[38;2;100;149;237m 41ms[0m
[38;2;128;128;128m[0m
  [38;2;250;235;215mres://tests/calibration/test_opening_possession.gd[0m[38;2;128;128;128m > [0m[38;2;250;235;215mtest_the_opening_inbound_is_split_exactly_evenly_over_a_range[0m[38;2;34;139;34m STARTED[0m[38;2;128;128;128m[0m
  [38;2;250;235;215mres://tests/calibration/test_opening_possession.gd[0m[38;2;128;128;128m > [0m[38;2;250;235;215mtest_the_opening_inbound_is_split_exactly_evenly_over_a_range[0m[38;2;34;139;34m PASSED[0m[38;2;100;149;237m 1s 539ms[0m
[38;2;128;128;128m[0m
  [38;2;250;235;215mres://tests/calibration/test_opening_possession.gd[0m[38;2;128;128;128m > [0m[38;2;250;235;215mtest_a_diagnostic_can_hold_the_opening_inbound_on_one_side[0m[38;2;34;139;34m STARTED[0m[38;2;128;128;128m[0m
  [38;2;250;235;215mres://tests/calibration/test_opening_possession.gd[0m[38;2;128;128;128m > [0m[38;2;250;235;215mtest_a_diagnostic_can_hold_the_opening_inbound_on_one_side[0m[38;2;34;139;34m PASSED[0m[38;2;100;149;237m 59ms[0m
[38;2;128;128;128m[0m
  [38;2;250;235;215mres://tests/calibration/test_opening_possession.gd[0m[38;2;128;128;128m > [0m[38;2;250;235;215mtest_the_counterbalance_moves_the_opener_and_nothing_else[0m[38;2;34;139;34m STARTED[0m[38;2;128;128;128m[0m
  [38;2;250;235;215mres://tests/calibration/test_opening_possession.gd[0m[38;2;128;128;128m > [0m[38;2;250;235;215mtest_the_counterbalance_moves_the_opener_and_nothing_else[0m[38;2;34;139;34m PASSED[0m[38;2;100;149;237m 39ms[0m
[38;2;128;128;128m[0m
  [38;2;250;235;215mres://tests/calibration/test_opening_possession.gd[0m[38;2;128;128;128m > [0m[38;2;250;235;215mtest_the_counterbalance_is_deterministic_and_consumes_no_randomness[0m[38;2;34;139;34m STARTED[0m[38;2;128;128;128m[0m
  [38;2;250;235;215mres://tests/calibration/test_opening_possession.gd[0m[38;2;128;128;128m > [0m[38;2;250;235;215mtest_the_counterbalance_is_deterministic_and_consumes_no_randomness[0m[38;2;34;139;34m PASSED[0m[38;2;100;149;237m 6s 889ms[0m
[38;2;128;128;128m[0m
  [38;2;250;235;215mres://tests/calibration/test_opening_possession.gd[0m[38;2;128;128;128m > [0m[38;2;250;235;215mtest_the_named_side_actually_receives_the_first_possession[0m[38;2;34;139;34m STARTED[0m[38;2;128;128;128m[0m
  [38;2;250;235;215mres://tests/calibration/test_opening_possession.gd[0m[38;2;128;128;128m > [0m[38;2;250;235;215mtest_the_named_side_actually_receives_the_first_possession[0m[38;2;34;139;34m PASSED[0m[38;2;100;149;237m 6s 654ms[0m
[38;2;128;128;128m[0m
  [38;2;250;235;215mres://tests/calibration/test_opening_possession.gd[0m[38;2;128;128;128m > [0m[38;2;250;235;215mtest_moving_the_opening_inbound_changes_the_game[0m[38;2;34;139;34m STARTED[0m[38;2;128;128;128m[0m
  [38;2;250;235;215mres://tests/calibration/test_opening_possession.gd[0m[38;2;128;128;128m > [0m[38;2;250;235;215mtest_moving_the_opening_inbound_changes_the_game[0m[38;2;34;139;34m PASSED[0m[38;2;100;149;237m 10s 761ms[0m
[38;2;128;128;128m[0m
[38;2;30;144;255mStatistics:[0m[38;2;128;128;128m 12 test cases | 0 errors | 0 failures | 0 flaky | 0 skipped | 0 orphans |[0m[38;2;34;139;34m PASSED[0m[38;2;100;149;237m 26s 985ms[0m
[38;2;128;128;128m[0m
[38;2;128;128;128m[0m
[38;2;0;206;209mRun Test Suite: [0m[38;2;250;235;215mres://tests/calibration/test_population_pairing.gd[0m
  [38;2;250;235;215mres://tests/calibration/test_population_pairing.gd[0m[38;2;128;128;128m > [0m[38;2;250;235;215mtest_legacy_pairing_has_a_two_point_raw_ladder_gap[0m[38;2;34;139;34m STARTED[0m[38;2;128;128;128m[0m
  [38;2;250;235;215mres://tests/calibration/test_population_pairing.gd[0m[38;2;128;128;128m > [0m[38;2;250;235;215mtest_legacy_pairing_has_a_two_point_raw_ladder_gap[0m[38;2;34;139;34m PASSED[0m[38;2;100;149;237m 20ms[0m
[38;2;128;128;128m[0m
  [38;2;250;235;215mres://tests/calibration/test_population_pairing.gd[0m[38;2;128;128;128m > [0m[38;2;250;235;215mtest_full_cartesian_cycle_and_aligned_marginals[0m[38;2;34;139;34m STARTED[0m[38;2;128;128;128m[0m
  [38;2;250;235;215mres://tests/calibration/test_population_pairing.gd[0m[38;2;128;128;128m > [0m[38;2;250;235;215mtest_full_cartesian_cycle_and_aligned_marginals[0m[38;2;34;139;34m PASSED[0m[38;2;100;149;237m 6s 896ms[0m
[38;2;128;128;128m[0m
  [38;2;250;235;215mres://tests/calibration/test_population_pairing.gd[0m[38;2;128;128;128m > [0m[38;2;250;235;215mtest_actual_rounded_rosters_cross_venue_and_opener[0m[38;2;34;139;34m STARTED[0m[38;2;128;128;128m[0m
  [38;2;250;235;215mres://tests/calibration/test_population_pairing.gd[0m[38;2;128;128;128m > [0m[38;2;250;235;215mtest_actual_rounded_rosters_cross_venue_and_opener[0m[38;2;34;139;34m PASSED[0m[38;2;100;149;237m 44s 572ms[0m
[38;2;128;128;128m[0m
  [38;2;250;235;215mres://tests/calibration/test_population_pairing.gd[0m[38;2;128;128;128m > [0m[38;2;250;235;215mtest_roster_period_repeatability_and_eligibility[0m[38;2;34;139;34m STARTED[0m[38;2;128;128;128m[0m
  [38;2;250;235;215mres://tests/calibration/test_population_pairing.gd[0m[38;2;128;128;128m > [0m[38;2;250;235;215mtest_roster_period_repeatability_and_eligibility[0m[38;2;34;139;34m PASSED[0m[38;2;100;149;237m 17s 623ms[0m
[38;2;128;128;128m[0m
  [38;2;250;235;215mres://tests/calibration/test_population_pairing.gd[0m[38;2;128;128;128m > [0m[38;2;250;235;215mtest_explicit_offsets_and_openers_remain_venue_attached[0m[38;2;34;139;34m STARTED[0m[38;2;128;128;128m[0m
  [38;2;250;235;215mres://tests/calibration/test_population_pairing.gd[0m[38;2;128;128;128m > [0m[38;2;250;235;215mtest_explicit_offsets_and_openers_remain_venue_attached[0m[38;2;34;139;34m PASSED[0m[38;2;100;149;237m 1s 622ms[0m
[38;2;128;128;128m[0m
  [38;2;250;235;215mres://tests/calibration/test_population_pairing.gd[0m[38;2;128;128;128m > [0m[38;2;250;235;215mtest_direct_mirror_keeps_original_roster_schedule[0m[38;2;34;139;34m STARTED[0m[38;2;128;128;128m[0m
  [38;2;250;235;215mres://tests/calibration/test_population_pairing.gd[0m[38;2;128;128;128m > [0m[38;2;250;235;215mtest_direct_mirror_keeps_original_roster_schedule[0m[38;2;34;139;34m PASSED[0m[38;2;100;149;237m 1s 813ms[0m
[38;2;128;128;128m[0m
  [38;2;250;235;215mres://tests/calibration/test_population_pairing.gd[0m[38;2;128;128;128m > [0m[38;2;250;235;215mtest_large_variations_preserve_identity_profiles_and_cycle[0m[38;2;34;139;34m STARTED[0m[38;2;128;128;128m[0m
  [38;2;250;235;215mres://tests/calibration/test_population_pairing.gd[0m[38;2;128;128;128m > [0m[38;2;250;235;215mtest_large_variations_preserve_identity_profiles_and_cycle[0m[38;2;34;139;34m PASSED[0m[38;2;100;149;237m 2s 127ms[0m
[38;2;128;128;128m[0m
  [38;2;250;235;215mres://tests/calibration/test_population_pairing.gd[0m[38;2;128;128;128m > [0m[38;2;250;235;215mtest_custom_population_consumers_share_the_schedule[0m[38;2;34;139;34m STARTED[0m[38;2;128;128;128m[0m
  [38;2;250;235;215mres://tests/calibration/test_population_pairing.gd[0m[38;2;128;128;128m > [0m[38;2;250;235;215mtest_custom_population_consumers_share_the_schedule[0m[38;2;34;139;34m PASSED[0m[38;2;100;149;237m 498ms[0m
[38;2;128;128;128m[0m
  [38;2;250;235;215mres://tests/calibration/test_population_pairing.gd[0m[38;2;128;128;128m > [0m[38;2;250;235;215mtest_actual_venue_consumer_preserves_int64_mirror_indices[0m[38;2;34;139;34m STARTED[0m[38;2;128;128;128m[0m
  [38;2;250;235;215mres://tests/calibration/test_population_pairing.gd[0m[38;2;128;128;128m > [0m[38;2;250;235;215mtest_actual_venue_consumer_preserves_int64_mirror_indices[0m[38;2;34;139;34m PASSED[0m[38;2;100;149;237m 4s 908ms[0m
[38;2;128;128;128m[0m
[38;2;30;144;255mStatistics:[0m[38;2;128;128;128m 9 test cases | 0 errors | 0 failures | 0 flaky | 0 skipped | 0 orphans |[0m[38;2;34;139;34m PASSED[0m[38;2;100;149;237m 1min 21s 132ms[0m
[38;2;128;128;128m[0m
[38;2;128;128;128m[0m
[38;2;0;206;209mRun Test Suite: [0m[38;2;250;235;215mres://tests/calibration/test_ppp_decomposition.gd[0m
  [38;2;250;235;215mres://tests/calibration/test_ppp_decomposition.gd[0m[38;2;128;128;128m > [0m[38;2;250;235;215mtest_the_scoring_terms_account_for_every_point[0m[38;2;34;139;34m STARTED[0m[38;2;128;128;128m[0m
  [38;2;250;235;215mres://tests/calibration/test_ppp_decomposition.gd[0m[38;2;128;128;128m > [0m[38;2;250;235;215mtest_the_scoring_terms_account_for_every_point[0m[38;2;34;139;34m PASSED[0m[38;2;100;149;237m 33s 126ms[0m
[38;2;128;128;128m[0m
  [38;2;250;235;215mres://tests/calibration/test_ppp_decomposition.gd[0m[38;2;128;128;128m > [0m[38;2;250;235;215mtest_a_made_free_throw_is_worth_one_point_by_event_type[0m[38;2;34;139;34m STARTED[0m[38;2;128;128;128m[0m
  [38;2;250;235;215mres://tests/calibration/test_ppp_decomposition.gd[0m[38;2;128;128;128m > [0m[38;2;250;235;215mtest_a_made_free_throw_is_worth_one_point_by_event_type[0m[38;2;34;139;34m PASSED[0m[38;2;100;149;237m 10s 901ms[0m
[38;2;128;128;128m[0m
  [38;2;250;235;215mres://tests/calibration/test_ppp_decomposition.gd[0m[38;2;128;128;128m > [0m[38;2;250;235;215mtest_the_possession_denominator_reconciles_against_every_source[0m[38;2;34;139;34m STARTED[0m[38;2;128;128;128m[0m
  [38;2;250;235;215mres://tests/calibration/test_ppp_decomposition.gd[0m[38;2;128;128;128m > [0m[38;2;250;235;215mtest_the_possession_denominator_reconciles_against_every_source[0m[38;2;34;139;34m PASSED[0m[38;2;100;149;237m 24s 668ms[0m
[38;2;128;128;128m[0m
  [38;2;250;235;215mres://tests/calibration/test_ppp_decomposition.gd[0m[38;2;128;128;128m > [0m[38;2;250;235;215mtest_the_reconciliation_reports_a_breach_rather_than_absorbing_it[0m[38;2;34;139;34m STARTED[0m[38;2;128;128;128m[0m
  [38;2;250;235;215mres://tests/calibration/test_ppp_decomposition.gd[0m[38;2;128;128;128m > [0m[38;2;250;235;215mtest_the_reconciliation_reports_a_breach_rather_than_absorbing_it[0m[38;2;34;139;34m PASSED[0m[38;2;100;149;237m 386ms[0m
[38;2;128;128;128m[0m
  [38;2;250;235;215mres://tests/calibration/test_ppp_decomposition.gd[0m[38;2;128;128;128m > [0m[38;2;250;235;215mtest_widening_the_capability_span_shifts_contest_pressure_upward[0m[38;2;34;139;34m STARTED[0m[38;2;128;128;128m[0m
  [38;2;250;235;215mres://tests/calibration/test_ppp_decomposition.gd[0m[38;2;128;128;128m > [0m[38;2;250;235;215mtest_widening_the_capability_span_shifts_contest_pressure_upward[0m[38;2;34;139;34m PASSED[0m[38;2;100;149;237m 1min 2s 63ms[0m
[38;2;128;128;128m[0m
  [38;2;250;235;215mres://tests/calibration/test_ppp_decomposition.gd[0m[38;2;128;128;128m > [0m[38;2;250;235;215mtest_the_shipped_capability_span_is_the_corrected_value[0m[38;2;34;139;34m STARTED[0m[38;2;128;128;128m[0m
  [38;2;250;235;215mres://tests/calibration/test_ppp_decomposition.gd[0m[38;2;128;128;128m > [0m[38;2;250;235;215mtest_the_shipped_capability_span_is_the_corrected_value[0m[38;2;34;139;34m PASSED[0m[38;2;100;149;237m 26ms[0m
[38;2;128;128;128m[0m
  [38;2;250;235;215mres://tests/calibration/test_ppp_decomposition.gd[0m[38;2;128;128;128m > [0m[38;2;250;235;215mtest_the_correction_does_not_pay_for_itself_with_turnovers_or_rebounds[0m[38;2;34;139;34m STARTED[0m[38;2;128;128;128m[0m
  [38;2;250;235;215mres://tests/calibration/test_ppp_decomposition.gd[0m[38;2;128;128;128m > [0m[38;2;250;235;215mtest_the_correction_does_not_pay_for_itself_with_turnovers_or_rebounds[0m[38;2;34;139;34m PASSED[0m[38;2;100;149;237m 53s 414ms[0m
[38;2;128;128;128m[0m
  [38;2;250;235;215mres://tests/calibration/test_ppp_decomposition.gd[0m[38;2;128;128;128m > [0m[38;2;250;235;215mtest_the_balance_profile_is_shared_and_the_rules_are_per_competition[0m[38;2;34;139;34m STARTED[0m[38;2;128;128;128m[0m
  [38;2;250;235;215mres://tests/calibration/test_ppp_decomposition.gd[0m[38;2;128;128;128m > [0m[38;2;250;235;215mtest_the_balance_profile_is_shared_and_the_rules_are_per_competition[0m[38;2;34;139;34m PASSED[0m[38;2;100;149;237m 39ms[0m
[38;2;128;128;128m[0m
  [38;2;250;235;215mres://tests/calibration/test_ppp_decomposition.gd[0m[38;2;128;128;128m > [0m[38;2;250;235;215mtest_the_contest_path_cannot_read_a_competition_or_a_target[0m[38;2;34;139;34m STARTED[0m[38;2;128;128;128m[0m
  [38;2;250;235;215mres://tests/calibration/test_ppp_decomposition.gd[0m[38;2;128;128;128m > [0m[38;2;250;235;215mtest_the_contest_path_cannot_read_a_competition_or_a_target[0m[38;2;34;139;34m PASSED[0m[38;2;100;149;237m 44ms[0m
[38;2;128;128;128m[0m
  [38;2;250;235;215mres://tests/calibration/test_ppp_decomposition.gd[0m[38;2;128;128;128m > [0m[38;2;250;235;215mtest_contest_pressure_never_reads_the_scoreboard[0m[38;2;34;139;34m STARTED[0m[38;2;128;128;128m[0m
  [38;2;250;235;215mres://tests/calibration/test_ppp_decomposition.gd[0m[38;2;128;128;128m > [0m[38;2;250;235;215mtest_contest_pressure_never_reads_the_scoreboard[0m[38;2;34;139;34m PASSED[0m[38;2;100;149;237m 27ms[0m
[38;2;128;128;128m[0m
  [38;2;250;235;215mres://tests/calibration/test_ppp_decomposition.gd[0m[38;2;128;128;128m > [0m[38;2;250;235;215mtest_every_golden_scenario_still_exercises_its_named_behaviour[0m[38;2;34;139;34m STARTED[0m[38;2;128;128;128m[0m
  [38;2;250;235;215mres://tests/calibration/test_ppp_decomposition.gd[0m[38;2;128;128;128m > [0m[38;2;250;235;215mtest_every_golden_scenario_still_exercises_its_named_behaviour[0m[38;2;34;139;34m PASSED[0m[38;2;100;149;237m 22ms[0m
[38;2;128;128;128m[0m
[38;2;30;144;255mStatistics:[0m[38;2;128;128;128m 11 test cases | 0 errors | 0 failures | 0 flaky | 0 skipped | 0 orphans |[0m[38;2;34;139;34m PASSED[0m[38;2;100;149;237m 3min 6s 419ms[0m
[38;2;128;128;128m[0m
[38;2;128;128;128m[0m
[38;2;0;206;209mRun Test Suite: [0m[38;2;250;235;215mres://tests/calibration/test_roster_provenance.gd[0m
  [38;2;250;235;215mres://tests/calibration/test_roster_provenance.gd[0m[38;2;128;128;128m > [0m[38;2;250;235;215mtest_the_college_snapshot_is_not_taken_by_default[0m[38;2;34;139;34m STARTED[0m[38;2;128;128;128m[0m
  [38;2;250;235;215mres://tests/calibration/test_roster_provenance.gd[0m[38;2;128;128;128m > [0m[38;2;250;235;215mtest_the_college_snapshot_is_not_taken_by_default[0m[38;2;34;139;34m PASSED[0m[38;2;100;149;237m 375ms[0m
[38;2;128;128;128m[0m
  [38;2;250;235;215mres://tests/calibration/test_roster_provenance.gd[0m[38;2;128;128;128m > [0m[38;2;250;235;215mtest_taking_the_college_snapshot_changes_no_career_outcome[0m[38;2;34;139;34m STARTED[0m[38;2;128;128;128m[0m
  [38;2;250;235;215mres://tests/calibration/test_roster_provenance.gd[0m[38;2;128;128;128m > [0m[38;2;250;235;215mtest_taking_the_college_snapshot_changes_no_career_outcome[0m[38;2;34;139;34m PASSED[0m[38;2;100;149;237m 9s 289ms[0m
[38;2;128;128;128m[0m
  [38;2;250;235;215mres://tests/calibration/test_roster_provenance.gd[0m[38;2;128;128;128m > [0m[38;2;250;235;215mtest_each_college_class_year_holds_its_own_ratings[0m[38;2;34;139;34m STARTED[0m[38;2;128;128;128m[0m
  [38;2;250;235;215mres://tests/calibration/test_roster_provenance.gd[0m[38;2;128;128;128m > [0m[38;2;250;235;215mtest_each_college_class_year_holds_its_own_ratings[0m[38;2;34;139;34m PASSED[0m[38;2;100;149;237m 369ms[0m
[38;2;128;128;128m[0m
  [38;2;250;235;215mres://tests/calibration/test_roster_provenance.gd[0m[38;2;128;128;128m > [0m[38;2;250;235;215mtest_the_snapshot_covers_exactly_the_college_seasons[0m[38;2;34;139;34m STARTED[0m[38;2;128;128;128m[0m
  [38;2;250;235;215mres://tests/calibration/test_roster_provenance.gd[0m[38;2;128;128;128m > [0m[38;2;250;235;215mtest_the_snapshot_covers_exactly_the_college_seasons[0m[38;2;34;139;34m PASSED[0m[38;2;100;149;237m 4s 819ms[0m
[38;2;128;128;128m[0m
  [38;2;250;235;215mres://tests/calibration/test_roster_provenance.gd[0m[38;2;128;128;128m > [0m[38;2;250;235;215mtest_the_college_snapshot_reconciles_with_the_season_record[0m[38;2;34;139;34m STARTED[0m[38;2;128;128;128m[0m
  [38;2;250;235;215mres://tests/calibration/test_roster_provenance.gd[0m[38;2;128;128;128m > [0m[38;2;250;235;215mtest_the_college_snapshot_reconciles_with_the_season_record[0m[38;2;34;139;34m PASSED[0m[38;2;100;149;237m 4s 726ms[0m
[38;2;128;128;128m[0m
  [38;2;250;235;215mres://tests/calibration/test_roster_provenance.gd[0m[38;2;128;128;128m > [0m[38;2;250;235;215mtest_production_constructs_no_roster_and_no_player_profile[0m[38;2;34;139;34m STARTED[0m[38;2;128;128;128m[0m
  [38;2;250;235;215mres://tests/calibration/test_roster_provenance.gd[0m[38;2;128;128;128m > [0m[38;2;250;235;215mtest_production_constructs_no_roster_and_no_player_profile[0m[38;2;34;139;34m PASSED[0m[38;2;100;149;237m 251ms[0m
[38;2;128;128;128m[0m
  [38;2;250;235;215mres://tests/calibration/test_roster_provenance.gd[0m[38;2;128;128;128m > [0m[38;2;250;235;215mtest_the_fixture_roster_is_one_scalar_per_player[0m[38;2;34;139;34m STARTED[0m[38;2;128;128;128m[0m
  [38;2;250;235;215mres://tests/calibration/test_roster_provenance.gd[0m[38;2;128;128;128m > [0m[38;2;250;235;215mtest_the_fixture_roster_is_one_scalar_per_player[0m[38;2;34;139;34m PASSED[0m[38;2;100;149;237m 41ms[0m
[38;2;128;128;128m[0m
[38;2;30;144;255mStatistics:[0m[38;2;128;128;128m 7 test cases | 0 errors | 0 failures | 0 flaky | 0 skipped | 0 orphans |[0m[38;2;34;139;34m PASSED[0m[38;2;100;149;237m 20s 257ms[0m
[38;2;128;128;128m[0m
[38;2;128;128;128m[0m
[38;2;0;206;209mRun Test Suite: [0m[38;2;250;235;215mres://tests/calibration/test_scoring_covariance.gd[0m
  [38;2;250;235;215mres://tests/calibration/test_scoring_covariance.gd[0m[38;2;128;128;128m > [0m[38;2;250;235;215mtest_the_margin_variance_identity_closes_exactly[0m[38;2;34;139;34m STARTED[0m[38;2;128;128;128m[0m
  [38;2;250;235;215mres://tests/calibration/test_scoring_covariance.gd[0m[38;2;128;128;128m > [0m[38;2;250;235;215mtest_the_margin_variance_identity_closes_exactly[0m[38;2;34;139;34m PASSED[0m[38;2;100;149;237m 260ms[0m
[38;2;128;128;128m[0m
  [38;2;250;235;215mres://tests/calibration/test_scoring_covariance.gd[0m[38;2;128;128;128m > [0m[38;2;250;235;215mtest_a_known_covariance_is_recovered[0m[38;2;34;139;34m STARTED[0m[38;2;128;128;128m[0m
  [38;2;250;235;215mres://tests/calibration/test_scoring_covariance.gd[0m[38;2;128;128;128m > [0m[38;2;250;235;215mtest_a_known_covariance_is_recovered[0m[38;2;34;139;34m PASSED[0m[38;2;100;149;237m 355ms[0m
[38;2;128;128;128m[0m
  [38;2;250;235;215mres://tests/calibration/test_scoring_covariance.gd[0m[38;2;128;128;128m > [0m[38;2;250;235;215mtest_orthogonal_columns_report_no_covariance[0m[38;2;34;139;34m STARTED[0m[38;2;128;128;128m[0m
  [38;2;250;235;215mres://tests/calibration/test_scoring_covariance.gd[0m[38;2;128;128;128m > [0m[38;2;250;235;215mtest_orthogonal_columns_report_no_covariance[0m[38;2;34;139;34m PASSED[0m[38;2;100;149;237m 55ms[0m
[38;2;128;128;128m[0m
  [38;2;250;235;215mres://tests/calibration/test_scoring_covariance.gd[0m[38;2;128;128;128m > [0m[38;2;250;235;215mtest_residualization_removes_a_shared_predictor[0m[38;2;34;139;34m STARTED[0m[38;2;128;128;128m[0m
  [38;2;250;235;215mres://tests/calibration/test_scoring_covariance.gd[0m[38;2;128;128;128m > [0m[38;2;250;235;215mtest_residualization_removes_a_shared_predictor[0m[38;2;34;139;34m PASSED[0m[38;2;100;149;237m 68ms[0m
[38;2;128;128;128m[0m
  [38;2;250;235;215mres://tests/calibration/test_scoring_covariance.gd[0m[38;2;128;128;128m > [0m[38;2;250;235;215mtest_the_corrected_variance_ratio_is_one_without_serial_structure[0m[38;2;34;139;34m STARTED[0m[38;2;128;128;128m[0m
  [38;2;250;235;215mres://tests/calibration/test_scoring_covariance.gd[0m[38;2;128;128;128m > [0m[38;2;250;235;215mtest_the_corrected_variance_ratio_is_one_without_serial_structure[0m[38;2;34;139;34m PASSED[0m[38;2;100;149;237m 323ms[0m
[38;2;128;128;128m[0m
  [38;2;250;235;215mres://tests/calibration/test_scoring_covariance.gd[0m[38;2;128;128;128m > [0m[38;2;250;235;215mtest_the_corrected_variance_ratio_moves_with_the_real_statistic[0m[38;2;34;139;34m STARTED[0m[38;2;128;128;128m[0m
  [38;2;250;235;215mres://tests/calibration/test_scoring_covariance.gd[0m[38;2;128;128;128m > [0m[38;2;250;235;215mtest_the_corrected_variance_ratio_moves_with_the_real_statistic[0m[38;2;34;139;34m PASSED[0m[38;2;100;149;237m 59ms[0m
[38;2;128;128;128m[0m
  [38;2;250;235;215mres://tests/calibration/test_scoring_covariance.gd[0m[38;2;128;128;128m > [0m[38;2;250;235;215mtest_damping_the_leading_team_reduces_dispersion_monotonically[0m[38;2;34;139;34m STARTED[0m[38;2;128;128;128m[0m
  [38;2;250;235;215mres://tests/calibration/test_scoring_covariance.gd[0m[38;2;128;128;128m > [0m[38;2;250;235;215mtest_damping_the_leading_team_reduces_dispersion_monotonically[0m[38;2;34;139;34m PASSED[0m[38;2;100;149;237m 1s 989ms[0m
[38;2;128;128;128m[0m
  [38;2;250;235;215mres://tests/calibration/test_scoring_covariance.gd[0m[38;2;128;128;128m > [0m[38;2;250;235;215mtest_the_damped_model_keeps_the_margin_on_the_lattice[0m[38;2;34;139;34m STARTED[0m[38;2;128;128;128m[0m
  [38;2;250;235;215mres://tests/calibration/test_scoring_covariance.gd[0m[38;2;128;128;128m > [0m[38;2;250;235;215mtest_the_damped_model_keeps_the_margin_on_the_lattice[0m[38;2;34;139;34m PASSED[0m[38;2;100;149;237m 260ms[0m
[38;2;128;128;128m[0m
  [38;2;250;235;215mres://tests/calibration/test_scoring_covariance.gd[0m[38;2;128;128;128m > [0m[38;2;250;235;215mtest_margin_classification_uses_the_specified_boundaries[0m[38;2;34;139;34m STARTED[0m[38;2;128;128;128m[0m
  [38;2;250;235;215mres://tests/calibration/test_scoring_covariance.gd[0m[38;2;128;128;128m > [0m[38;2;250;235;215mtest_margin_classification_uses_the_specified_boundaries[0m[38;2;34;139;34m PASSED[0m[38;2;100;149;237m 22ms[0m
[38;2;128;128;128m[0m
  [38;2;250;235;215mres://tests/calibration/test_scoring_covariance.gd[0m[38;2;128;128;128m > [0m[38;2;250;235;215mtest_score_states_use_the_documented_boundaries[0m[38;2;34;139;34m STARTED[0m[38;2;128;128;128m[0m
  [38;2;250;235;215mres://tests/calibration/test_scoring_covariance.gd[0m[38;2;128;128;128m > [0m[38;2;250;235;215mtest_score_states_use_the_documented_boundaries[0m[38;2;34;139;34m PASSED[0m[38;2;100;149;237m 17ms[0m
[38;2;128;128;128m[0m
[38;2;30;144;255mStatistics:[0m[38;2;128;128;128m 10 test cases | 0 errors | 0 failures | 0 flaky | 0 skipped | 0 orphans |[0m[38;2;34;139;34m PASSED[0m[38;2;100;149;237m 4s 814ms[0m
[38;2;128;128;128m[0m
[38;2;128;128;128m[0m
[38;2;0;206;209mRun Test Suite: [0m[38;2;250;235;215mres://tests/calibration/test_venue_effect_estimator.gd[0m
  [38;2;250;235;215mres://tests/calibration/test_venue_effect_estimator.gd[0m[38;2;128;128;128m > [0m[38;2;250;235;215mtest_the_reversed_arm_moves_the_published_contribution[0m[38;2;34;139;34m STARTED[0m[38;2;128;128;128m[0m
  [38;2;250;235;215mres://tests/calibration/test_venue_effect_estimator.gd[0m[38;2;128;128;128m > [0m[38;2;250;235;215mtest_the_reversed_arm_moves_the_published_contribution[0m[38;2;34;139;34m PASSED[0m[38;2;100;149;237m 27ms[0m
[38;2;128;128;128m[0m
  [38;2;250;235;215mres://tests/calibration/test_venue_effect_estimator.gd[0m[38;2;128;128;128m > [0m[38;2;250;235;215mtest_the_neutral_control_cancels_out_of_the_pooled_estimate[0m[38;2;34;139;34m STARTED[0m[38;2;128;128;128m[0m
  [38;2;250;235;215mres://tests/calibration/test_venue_effect_estimator.gd[0m[38;2;128;128;128m > [0m[38;2;250;235;215mtest_the_neutral_control_cancels_out_of_the_pooled_estimate[0m[38;2;34;139;34m PASSED[0m[38;2;100;149;237m 26ms[0m
[38;2;128;128;128m[0m
  [38;2;250;235;215mres://tests/calibration/test_venue_effect_estimator.gd[0m[38;2;128;128;128m > [0m[38;2;250;235;215mtest_a_missing_neutral_arm_is_refused_even_though_it_cancels[0m[38;2;34;139;34m STARTED[0m[38;2;128;128;128m[0m
  [38;2;250;235;215mres://tests/calibration/test_venue_effect_estimator.gd[0m[38;2;128;128;128m > [0m[38;2;250;235;215mtest_a_missing_neutral_arm_is_refused_even_though_it_cancels[0m[38;2;34;139;34m PASSED[0m[38;2;100;149;237m 25ms[0m
[38;2;128;128;128m[0m
  [38;2;250;235;215mres://tests/calibration/test_venue_effect_estimator.gd[0m[38;2;128;128;128m > [0m[38;2;250;235;215mtest_arms_are_differenced_within_a_fixture_and_not_across_fixtures[0m[38;2;34;139;34m STARTED[0m[38;2;128;128;128m[0m
  [38;2;250;235;215mres://tests/calibration/test_venue_effect_estimator.gd[0m[38;2;128;128;128m > [0m[38;2;250;235;215mtest_arms_are_differenced_within_a_fixture_and_not_across_fixtures[0m[38;2;34;139;34m PASSED[0m[38;2;100;149;237m 23ms[0m
[38;2;128;128;128m[0m
  [38;2;250;235;215mres://tests/calibration/test_venue_effect_estimator.gd[0m[38;2;128;128;128m > [0m[38;2;250;235;215mtest_correct_pairing_shows_up_as_zero_dispersion_not_as_the_mean[0m[38;2;34;139;34m STARTED[0m[38;2;128;128;128m[0m
  [38;2;250;235;215mres://tests/calibration/test_venue_effect_estimator.gd[0m[38;2;128;128;128m > [0m[38;2;250;235;215mtest_correct_pairing_shows_up_as_zero_dispersion_not_as_the_mean[0m[38;2;34;139;34m PASSED[0m[38;2;100;149;237m 24ms[0m
[38;2;128;128;128m[0m
  [38;2;250;235;215mres://tests/calibration/test_venue_effect_estimator.gd[0m[38;2;128;128;128m > [0m[38;2;250;235;215mtest_the_paired_series_is_ordered_by_fixture_key_not_by_arrival[0m[38;2;34;139;34m STARTED[0m[38;2;128;128;128m[0m
  [38;2;250;235;215mres://tests/calibration/test_venue_effect_estimator.gd[0m[38;2;128;128;128m > [0m[38;2;250;235;215mtest_the_paired_series_is_ordered_by_fixture_key_not_by_arrival[0m[38;2;34;139;34m PASSED[0m[38;2;100;149;237m 23ms[0m
[38;2;128;128;128m[0m
  [38;2;250;235;215mres://tests/calibration/test_venue_effect_estimator.gd[0m[38;2;128;128;128m > [0m[38;2;250;235;215mtest_a_fixture_with_one_arm_contributes_to_no_published_figure[0m[38;2;34;139;34m STARTED[0m[38;2;128;128;128m[0m
  [38;2;250;235;215mres://tests/calibration/test_venue_effect_estimator.gd[0m[38;2;128;128;128m > [0m[38;2;250;235;215mtest_a_fixture_with_one_arm_contributes_to_no_published_figure[0m[38;2;34;139;34m PASSED[0m[38;2;100;149;237m 28ms[0m
[38;2;128;128;128m[0m
  [38;2;250;235;215mres://tests/calibration/test_venue_effect_estimator.gd[0m[38;2;128;128;128m > [0m[38;2;250;235;215mtest_the_estimate_is_invariant_to_the_order_the_arms_arrive_in[0m[38;2;34;139;34m STARTED[0m[38;2;128;128;128m[0m
  [38;2;250;235;215mres://tests/calibration/test_venue_effect_estimator.gd[0m[38;2;128;128;128m > [0m[38;2;250;235;215mtest_the_estimate_is_invariant_to_the_order_the_arms_arrive_in[0m[38;2;34;139;34m PASSED[0m[38;2;100;149;237m 27ms[0m
[38;2;128;128;128m[0m
  [38;2;250;235;215mres://tests/calibration/test_venue_effect_estimator.gd[0m[38;2;128;128;128m > [0m[38;2;250;235;215mtest_the_pooled_estimate_is_symmetric_in_the_two_venue_arms[0m[38;2;34;139;34m STARTED[0m[38;2;128;128;128m[0m
  [38;2;250;235;215mres://tests/calibration/test_venue_effect_estimator.gd[0m[38;2;128;128;128m > [0m[38;2;250;235;215mtest_the_pooled_estimate_is_symmetric_in_the_two_venue_arms[0m[38;2;34;139;34m PASSED[0m[38;2;100;149;237m 26ms[0m
[38;2;128;128;128m[0m
  [38;2;250;235;215mres://tests/calibration/test_venue_effect_estimator.gd[0m[38;2;128;128;128m > [0m[38;2;250;235;215mtest_disjoint_shards_pool_by_union_of_fixtures[0m[38;2;34;139;34m STARTED[0m[38;2;128;128;128m[0m
  [38;2;250;235;215mres://tests/calibration/test_venue_effect_estimator.gd[0m[38;2;128;128;128m > [0m[38;2;250;235;215mtest_disjoint_shards_pool_by_union_of_fixtures[0m[38;2;34;139;34m PASSED[0m[38;2;100;149;237m 31ms[0m
[38;2;128;128;128m[0m
  [38;2;250;235;215mres://tests/calibration/test_venue_effect_estimator.gd[0m[38;2;128;128;128m > [0m[38;2;250;235;215mtest_fixture_rows_replay_into_an_identical_estimator[0m[38;2;34;139;34m STARTED[0m[38;2;128;128;128m[0m
  [38;2;250;235;215mres://tests/calibration/test_venue_effect_estimator.gd[0m[38;2;128;128;128m > [0m[38;2;250;235;215mtest_fixture_rows_replay_into_an_identical_estimator[0m[38;2;34;139;34m PASSED[0m[38;2;100;149;237m 29ms[0m
[38;2;128;128;128m[0m
  [38;2;250;235;215mres://tests/calibration/test_venue_effect_estimator.gd[0m[38;2;128;128;128m > [0m[38;2;250;235;215mtest_fixture_rows_omit_an_incomplete_fixture[0m[38;2;34;139;34m STARTED[0m[38;2;128;128;128m[0m
  [38;2;250;235;215mres://tests/calibration/test_venue_effect_estimator.gd[0m[38;2;128;128;128m > [0m[38;2;250;235;215mtest_fixture_rows_omit_an_incomplete_fixture[0m[38;2;34;139;34m PASSED[0m[38;2;100;149;237m 28ms[0m
[38;2;128;128;128m[0m
  [38;2;250;235;215mres://tests/calibration/test_venue_effect_estimator.gd[0m[38;2;128;128;128m > [0m[38;2;250;235;215mtest_pooling_from_rows_matches_pooling_the_estimators[0m[38;2;34;139;34m STARTED[0m[38;2;128;128;128m[0m
  [38;2;250;235;215mres://tests/calibration/test_venue_effect_estimator.gd[0m[38;2;128;128;128m > [0m[38;2;250;235;215mtest_pooling_from_rows_matches_pooling_the_estimators[0m[38;2;34;139;34m PASSED[0m[38;2;100;149;237m 28ms[0m
[38;2;128;128;128m[0m
  [38;2;250;235;215mres://tests/calibration/test_venue_effect_estimator.gd[0m[38;2;128;128;128m > [0m[38;2;250;235;215mtest_pooling_is_independent_of_shard_order[0m[38;2;34;139;34m STARTED[0m[38;2;128;128;128m[0m
  [38;2;250;235;215mres://tests/calibration/test_venue_effect_estimator.gd[0m[38;2;128;128;128m > [0m[38;2;250;235;215mtest_pooling_is_independent_of_shard_order[0m[38;2;34;139;34m PASSED[0m[38;2;100;149;237m 38ms[0m
[38;2;128;128;128m[0m
  [38;2;250;235;215mres://tests/calibration/test_venue_effect_estimator.gd[0m[38;2;128;128;128m > [0m[38;2;250;235;215mtest_an_overlapping_shard_is_refused_rather_than_pooled[0m[38;2;34;139;34m STARTED[0m[38;2;128;128;128m[0m
  [38;2;250;235;215mres://tests/calibration/test_venue_effect_estimator.gd[0m[38;2;128;128;128m > [0m[38;2;250;235;215mtest_an_overlapping_shard_is_refused_rather_than_pooled[0m[38;2;34;139;34m PASSED[0m[38;2;100;149;237m 23ms[0m
[38;2;128;128;128m[0m
  [38;2;250;235;215mres://tests/calibration/test_venue_effect_estimator.gd[0m[38;2;128;128;128m > [0m[38;2;250;235;215mtest_pairs_and_complete_games_are_reported_as_different_numbers[0m[38;2;34;139;34m STARTED[0m[38;2;128;128;128m[0m
  [38;2;250;235;215mres://tests/calibration/test_venue_effect_estimator.gd[0m[38;2;128;128;128m > [0m[38;2;250;235;215mtest_pairs_and_complete_games_are_reported_as_different_numbers[0m[38;2;34;139;34m PASSED[0m[38;2;100;149;237m 69ms[0m
[38;2;128;128;128m[0m
  [38;2;250;235;215mres://tests/calibration/test_venue_effect_estimator.gd[0m[38;2;128;128;128m > [0m[38;2;250;235;215mtest_an_incomplete_fixture_raises_neither_count[0m[38;2;34;139;34m STARTED[0m[38;2;128;128;128m[0m
  [38;2;250;235;215mres://tests/calibration/test_venue_effect_estimator.gd[0m[38;2;128;128;128m > [0m[38;2;250;235;215mtest_an_incomplete_fixture_raises_neither_count[0m[38;2;34;139;34m PASSED[0m[38;2;100;149;237m 27ms[0m
[38;2;128;128;128m[0m
  [38;2;250;235;215mres://tests/calibration/test_venue_effect_estimator.gd[0m[38;2;128;128;128m > [0m[38;2;250;235;215mtest_a_duplicated_observation_is_refused_and_changes_nothing[0m[38;2;34;139;34m STARTED[0m[38;2;128;128;128m[0m
  [38;2;250;235;215mres://tests/calibration/test_venue_effect_estimator.gd[0m[38;2;128;128;128m > [0m[38;2;250;235;215mtest_a_duplicated_observation_is_refused_and_changes_nothing[0m[38;2;34;139;34m PASSED[0m[38;2;100;149;237m 23ms[0m
[38;2;128;128;128m[0m
  [38;2;250;235;215mres://tests/calibration/test_venue_effect_estimator.gd[0m[38;2;128;128;128m > [0m[38;2;250;235;215mtest_replaying_the_whole_sample_does_not_narrow_the_interval[0m[38;2;34;139;34m STARTED[0m[38;2;128;128;128m[0m
  [38;2;250;235;215mres://tests/calibration/test_venue_effect_estimator.gd[0m[38;2;128;128;128m > [0m[38;2;250;235;215mtest_replaying_the_whole_sample_does_not_narrow_the_interval[0m[38;2;34;139;34m PASSED[0m[38;2;100;149;237m 32ms[0m
[38;2;128;128;128m[0m
  [38;2;250;235;215mres://tests/calibration/test_venue_effect_estimator.gd[0m[38;2;128;128;128m > [0m[38;2;250;235;215mtest_the_three_win_rates_are_each_what_they_claim_to_be[0m[38;2;34;139;34m STARTED[0m[38;2;128;128;128m[0m
  [38;2;250;235;215mres://tests/calibration/test_venue_effect_estimator.gd[0m[38;2;128;128;128m > [0m[38;2;250;235;215mtest_the_three_win_rates_are_each_what_they_claim_to_be[0m[38;2;34;139;34m PASSED[0m[38;2;100;149;237m 27ms[0m
[38;2;128;128;128m[0m
  [38;2;250;235;215mres://tests/calibration/test_venue_effect_estimator.gd[0m[38;2;128;128;128m > [0m[38;2;250;235;215mtest_the_paired_form_equals_the_canonical_ruling_form[0m[38;2;34;139;34m STARTED[0m[38;2;128;128;128m[0m
  [38;2;250;235;215mres://tests/calibration/test_venue_effect_estimator.gd[0m[38;2;128;128;128m > [0m[38;2;250;235;215mtest_the_paired_form_equals_the_canonical_ruling_form[0m[38;2;34;139;34m PASSED[0m[38;2;100;149;237m 28ms[0m
[38;2;128;128;128m[0m
  [38;2;250;235;215mres://tests/calibration/test_venue_effect_estimator.gd[0m[38;2;128;128;128m > [0m[38;2;250;235;215mtest_the_equivalence_survives_a_tied_fixture[0m[38;2;34;139;34m STARTED[0m[38;2;128;128;128m[0m
  [38;2;250;235;215mres://tests/calibration/test_venue_effect_estimator.gd[0m[38;2;128;128;128m > [0m[38;2;250;235;215mtest_the_equivalence_survives_a_tied_fixture[0m[38;2;34;139;34m PASSED[0m[38;2;100;149;237m 22ms[0m
[38;2;128;128;128m[0m
  [38;2;250;235;215mres://tests/calibration/test_venue_effect_estimator.gd[0m[38;2;128;128;128m > [0m[38;2;250;235;215mtest_reversing_the_venue_arms_preserves_the_judged_estimate[0m[38;2;34;139;34m STARTED[0m[38;2;128;128;128m[0m
  [38;2;250;235;215mres://tests/calibration/test_venue_effect_estimator.gd[0m[38;2;128;128;128m > [0m[38;2;250;235;215mtest_reversing_the_venue_arms_preserves_the_judged_estimate[0m[38;2;34;139;34m PASSED[0m[38;2;100;149;237m 24ms[0m
[38;2;128;128;128m[0m
  [38;2;250;235;215mres://tests/calibration/test_venue_effect_estimator.gd[0m[38;2;128;128;128m > [0m[38;2;250;235;215mtest_a_biased_neutral_control_cannot_contaminate_the_judged_estimate[0m[38;2;34;139;34m STARTED[0m[38;2;128;128;128m[0m
  [38;2;250;235;215mres://tests/calibration/test_venue_effect_estimator.gd[0m[38;2;128;128;128m > [0m[38;2;250;235;215mtest_a_biased_neutral_control_cannot_contaminate_the_judged_estimate[0m[38;2;34;139;34m PASSED[0m[38;2;100;149;237m 26ms[0m
[38;2;128;128;128m[0m
  [38;2;250;235;215mres://tests/calibration/test_venue_effect_estimator.gd[0m[38;2;128;128;128m > [0m[38;2;250;235;215mtest_pooling_weights_by_matched_pairs_and_not_by_report_count[0m[38;2;34;139;34m STARTED[0m[38;2;128;128;128m[0m
  [38;2;250;235;215mres://tests/calibration/test_venue_effect_estimator.gd[0m[38;2;128;128;128m > [0m[38;2;250;235;215mtest_pooling_weights_by_matched_pairs_and_not_by_report_count[0m[38;2;34;139;34m PASSED[0m[38;2;100;149;237m 27ms[0m
[38;2;128;128;128m[0m
  [38;2;250;235;215mres://tests/calibration/test_venue_effect_estimator.gd[0m[38;2;128;128;128m > [0m[38;2;250;235;215mtest_no_malformed_pair_can_reach_the_judged_estimate[0m[38;2;34;139;34m STARTED[0m[38;2;128;128;128m[0m
  [38;2;250;235;215mres://tests/calibration/test_venue_effect_estimator.gd[0m[38;2;128;128;128m > [0m[38;2;250;235;215mtest_no_malformed_pair_can_reach_the_judged_estimate[0m[38;2;34;139;34m PASSED[0m[38;2;100;149;237m 22ms[0m
[38;2;128;128;128m[0m
  [38;2;250;235;215mres://tests/calibration/test_venue_effect_estimator.gd[0m[38;2;128;128;128m > [0m[38;2;250;235;215mtest_the_cap_judges_the_pooled_contribution_and_not_the_home_arm[0m[38;2;34;139;34m STARTED[0m[38;2;128;128;128m[0m
  [38;2;250;235;215mres://tests/calibration/test_venue_effect_estimator.gd[0m[38;2;128;128;128m > [0m[38;2;250;235;215mtest_the_cap_judges_the_pooled_contribution_and_not_the_home_arm[0m[38;2;34;139;34m PASSED[0m[38;2;100;149;237m 26ms[0m
[38;2;128;128;128m[0m
  [38;2;250;235;215mres://tests/calibration/test_venue_effect_estimator.gd[0m[38;2;128;128;128m > [0m[38;2;250;235;215mtest_a_genuine_breach_of_the_cap_is_still_reported[0m[38;2;34;139;34m STARTED[0m[38;2;128;128;128m[0m
  [38;2;250;235;215mres://tests/calibration/test_venue_effect_estimator.gd[0m[38;2;128;128;128m > [0m[38;2;250;235;215mtest_a_genuine_breach_of_the_cap_is_still_reported[0m[38;2;34;139;34m PASSED[0m[38;2;100;149;237m 45ms[0m
[38;2;128;128;128m[0m
  [38;2;250;235;215mres://tests/calibration/test_venue_effect_estimator.gd[0m[38;2;128;128;128m > [0m[38;2;250;235;215mtest_the_possession_base_is_taken_across_the_arms[0m[38;2;34;139;34m STARTED[0m[38;2;128;128;128m[0m
  [38;2;250;235;215mres://tests/calibration/test_venue_effect_estimator.gd[0m[38;2;128;128;128m > [0m[38;2;250;235;215mtest_the_possession_base_is_taken_across_the_arms[0m[38;2;34;139;34m PASSED[0m[38;2;100;149;237m 57ms[0m
[38;2;128;128;128m[0m
  [38;2;250;235;215mres://tests/calibration/test_venue_effect_estimator.gd[0m[38;2;128;128;128m > [0m[38;2;250;235;215mtest_the_reversal_control_fails_on_disagreement_and_passes_on_agreement[0m[38;2;34;139;34m STARTED[0m[38;2;128;128;128m[0m
  [38;2;250;235;215mres://tests/calibration/test_venue_effect_estimator.gd[0m[38;2;128;128;128m > [0m[38;2;250;235;215mtest_the_reversal_control_fails_on_disagreement_and_passes_on_agreement[0m[38;2;34;139;34m PASSED[0m[38;2;100;149;237m 27ms[0m
[38;2;128;128;128m[0m
  [38;2;250;235;215mres://tests/calibration/test_venue_effect_estimator.gd[0m[38;2;128;128;128m > [0m[38;2;250;235;215mtest_an_empty_estimator_reports_nothing_rather_than_a_number[0m[38;2;34;139;34m STARTED[0m[38;2;128;128;128m[0m
  [38;2;250;235;215mres://tests/calibration/test_venue_effect_estimator.gd[0m[38;2;128;128;128m > [0m[38;2;250;235;215mtest_an_empty_estimator_reports_nothing_rather_than_a_number[0m[38;2;34;139;34m PASSED[0m[38;2;100;149;237m 28ms[0m
[38;2;128;128;128m[0m
[38;2;30;144;255mStatistics:[0m[38;2;128;128;128m 31 test cases | 0 errors | 0 failures | 0 flaky | 0 skipped | 0 orphans |[0m[38;2;34;139;34m PASSED[0m[38;2;100;149;237m 1s 310ms[0m
[38;2;128;128;128m[0m
[38;2;128;128;128m[0m
[38;2;0;206;209mRun Test Suite: [0m[38;2;250;235;215mres://tests/simulation/test_assist_attribution.gd[0m
  [38;2;250;235;215mres://tests/simulation/test_assist_attribution.gd[0m[38;2;128;128;128m > [0m[38;2;250;235;215mtest_every_made_field_goal_is_classified_exactly_once[0m[38;2;34;139;34m STARTED[0m[38;2;128;128;128m[0m
  [38;2;250;235;215mres://tests/simulation/test_assist_attribution.gd[0m[38;2;128;128;128m > [0m[38;2;250;235;215mtest_every_made_field_goal_is_classified_exactly_once[0m[38;2;34;139;34m PASSED[0m[38;2;100;149;237m 46ms[0m
[38;2;128;128;128m[0m
  [38;2;250;235;215mres://tests/simulation/test_assist_attribution.gd[0m[38;2;128;128;128m > [0m[38;2;250;235;215mtest_every_assist_is_explained_by_a_recorded_creation_event[0m[38;2;34;139;34m STARTED[0m[38;2;128;128;128m[0m
  [38;2;250;235;215mres://tests/simulation/test_assist_attribution.gd[0m[38;2;128;128;128m > [0m[38;2;250;235;215mtest_every_assist_is_explained_by_a_recorded_creation_event[0m[38;2;34;139;34m PASSED[0m[38;2;100;149;237m 83ms[0m
[38;2;128;128;128m[0m
  [38;2;250;235;215mres://tests/simulation/test_assist_attribution.gd[0m[38;2;128;128;128m > [0m[38;2;250;235;215mtest_a_missed_shot_produces_no_assist[0m[38;2;34;139;34m STARTED[0m[38;2;128;128;128m[0m
  [38;2;250;235;215mres://tests/simulation/test_assist_attribution.gd[0m[38;2;128;128;128m > [0m[38;2;250;235;215mtest_a_missed_shot_produces_no_assist[0m[38;2;34;139;34m PASSED[0m[38;2;100;149;237m 37ms[0m
[38;2;128;128;128m[0m
  [38;2;250;235;215mres://tests/simulation/test_assist_attribution.gd[0m[38;2;128;128;128m > [0m[38;2;250;235;215mtest_free_throws_produce_no_assists[0m[38;2;34;139;34m STARTED[0m[38;2;128;128;128m[0m
  [38;2;250;235;215mres://tests/simulation/test_assist_attribution.gd[0m[38;2;128;128;128m > [0m[38;2;250;235;215mtest_free_throws_produce_no_assists[0m[38;2;34;139;34m PASSED[0m[38;2;100;149;237m 38ms[0m
[38;2;128;128;128m[0m
  [38;2;250;235;215mres://tests/simulation/test_assist_attribution.gd[0m[38;2;128;128;128m > [0m[38;2;250;235;215mtest_a_self_created_shot_is_unassisted[0m[38;2;34;139;34m STARTED[0m[38;2;128;128;128m[0m
  [38;2;250;235;215mres://tests/simulation/test_assist_attribution.gd[0m[38;2;128;128;128m > [0m[38;2;250;235;215mtest_a_self_created_shot_is_unassisted[0m[38;2;34;139;34m PASSED[0m[38;2;100;149;237m 29ms[0m
[38;2;128;128;128m[0m
  [38;2;250;235;215mres://tests/simulation/test_assist_attribution.gd[0m[38;2;128;128;128m > [0m[38;2;250;235;215mtest_a_catch_and_shoot_preserves_and_credits_its_creator[0m[38;2;34;139;34m STARTED[0m[38;2;128;128;128m[0m
  [38;2;250;235;215mres://tests/simulation/test_assist_attribution.gd[0m[38;2;128;128;128m > [0m[38;2;250;235;215mtest_a_catch_and_shoot_preserves_and_credits_its_creator[0m[38;2;34;139;34m PASSED[0m[38;2;100;149;237m 48ms[0m
[38;2;128;128;128m[0m
  [38;2;250;235;215mres://tests/simulation/test_assist_attribution.gd[0m[38;2;128;128;128m > [0m[38;2;250;235;215mtest_a_delivery_only_creates_for_the_man_it_reached[0m[38;2;34;139;34m STARTED[0m[38;2;128;128;128m[0m
  [38;2;250;235;215mres://tests/simulation/test_assist_attribution.gd[0m[38;2;128;128;128m > [0m[38;2;250;235;215mtest_a_delivery_only_creates_for_the_man_it_reached[0m[38;2;34;139;34m PASSED[0m[38;2;100;149;237m 26ms[0m
[38;2;128;128;128m[0m
  [38;2;250;235;215mres://tests/simulation/test_assist_attribution.gd[0m[38;2;128;128;128m > [0m[38;2;250;235;215mtest_a_turnover_and_a_possession_change_clear_creation_context[0m[38;2;34;139;34m STARTED[0m[38;2;128;128;128m[0m
  [38;2;250;235;215mres://tests/simulation/test_assist_attribution.gd[0m[38;2;128;128;128m > [0m[38;2;250;235;215mtest_a_turnover_and_a_possession_change_clear_creation_context[0m[38;2;34;139;34m PASSED[0m[38;2;100;149;237m 64ms[0m
[38;2;128;128;128m[0m
  [38;2;250;235;215mres://tests/simulation/test_assist_attribution.gd[0m[38;2;128;128;128m > [0m[38;2;250;235;215mtest_no_credited_assist_crosses_an_invalidating_event[0m[38;2;34;139;34m STARTED[0m[38;2;128;128;128m[0m
  [38;2;250;235;215mres://tests/simulation/test_assist_attribution.gd[0m[38;2;128;128;128m > [0m[38;2;250;235;215mtest_no_credited_assist_crosses_an_invalidating_event[0m[38;2;34;139;34m PASSED[0m[38;2;100;149;237m 48ms[0m
[38;2;128;128;128m[0m
  [38;2;250;235;215mres://tests/simulation/test_assist_attribution.gd[0m[38;2;128;128;128m > [0m[38;2;250;235;215mtest_a_delivery_creates_at_most_one_attempt[0m[38;2;34;139;34m STARTED[0m[38;2;128;128;128m[0m
  [38;2;250;235;215mres://tests/simulation/test_assist_attribution.gd[0m[38;2;128;128;128m > [0m[38;2;250;235;215mtest_a_delivery_creates_at_most_one_attempt[0m[38;2;34;139;34m PASSED[0m[38;2;100;149;237m 26s 970ms[0m
[38;2;128;128;128m[0m
  [38;2;250;235;215mres://tests/simulation/test_assist_attribution.gd[0m[38;2;128;128;128m > [0m[38;2;250;235;215mtest_a_later_pass_replaces_the_previous_creator[0m[38;2;34;139;34m STARTED[0m[38;2;128;128;128m[0m
  [38;2;250;235;215mres://tests/simulation/test_assist_attribution.gd[0m[38;2;128;128;128m > [0m[38;2;250;235;215mtest_a_later_pass_replaces_the_previous_creator[0m[38;2;34;139;34m PASSED[0m[38;2;100;149;237m 46ms[0m
[38;2;128;128;128m[0m
  [38;2;250;235;215mres://tests/simulation/test_assist_attribution.gd[0m[38;2;128;128;128m > [0m[38;2;250;235;215mtest_a_putback_never_inherits_a_pre_rebound_creator[0m[38;2;34;139;34m STARTED[0m[38;2;128;128;128m[0m
  [38;2;250;235;215mres://tests/simulation/test_assist_attribution.gd[0m[38;2;128;128;128m > [0m[38;2;250;235;215mtest_a_putback_never_inherits_a_pre_rebound_creator[0m[38;2;34;139;34m PASSED[0m[38;2;100;149;237m 30ms[0m
[38;2;128;128;128m[0m
  [38;2;250;235;215mres://tests/simulation/test_assist_attribution.gd[0m[38;2;128;128;128m > [0m[38;2;250;235;215mtest_team_and_player_assists_reconcile[0m[38;2;34;139;34m STARTED[0m[38;2;128;128;128m[0m
  [38;2;250;235;215mres://tests/simulation/test_assist_attribution.gd[0m[38;2;128;128;128m > [0m[38;2;250;235;215mtest_team_and_player_assists_reconcile[0m[38;2;34;139;34m PASSED[0m[38;2;100;149;237m 28ms[0m
[38;2;128;128;128m[0m
  [38;2;250;235;215mres://tests/simulation/test_assist_attribution.gd[0m[38;2;128;128;128m > [0m[38;2;250;235;215mtest_the_reducer_counts_assisted_makes_from_the_ledger[0m[38;2;34;139;34m STARTED[0m[38;2;128;128;128m[0m
  [38;2;250;235;215mres://tests/simulation/test_assist_attribution.gd[0m[38;2;128;128;128m > [0m[38;2;250;235;215mtest_the_reducer_counts_assisted_makes_from_the_ledger[0m[38;2;34;139;34m PASSED[0m[38;2;100;149;237m 38ms[0m
[38;2;128;128;128m[0m
  [38;2;250;235;215mres://tests/simulation/test_assist_attribution.gd[0m[38;2;128;128;128m > [0m[38;2;250;235;215mtest_the_attempt_records_the_creation_state_before_the_shot_resolves[0m[38;2;34;139;34m STARTED[0m[38;2;128;128;128m[0m
  [38;2;250;235;215mres://tests/simulation/test_assist_attribution.gd[0m[38;2;128;128;128m > [0m[38;2;250;235;215mtest_the_attempt_records_the_creation_state_before_the_shot_resolves[0m[38;2;34;139;34m PASSED[0m[38;2;100;149;237m 53ms[0m
[38;2;128;128;128m[0m
  [38;2;250;235;215mres://tests/simulation/test_assist_attribution.gd[0m[38;2;128;128;128m > [0m[38;2;250;235;215mtest_every_completed_pass_records_the_contract_fields[0m[38;2;34;139;34m STARTED[0m[38;2;128;128;128m[0m
  [38;2;250;235;215mres://tests/simulation/test_assist_attribution.gd[0m[38;2;128;128;128m > [0m[38;2;250;235;215mtest_every_completed_pass_records_the_contract_fields[0m[38;2;34;139;34m PASSED[0m[38;2;100;149;237m 54ms[0m
[38;2;128;128;128m[0m
  [38;2;250;235;215mres://tests/simulation/test_assist_attribution.gd[0m[38;2;128;128;128m > [0m[38;2;250;235;215mtest_the_credited_assist_rule_comes_from_the_competition_profile[0m[38;2;34;139;34m STARTED[0m[38;2;128;128;128m[0m
  [38;2;250;235;215mres://tests/simulation/test_assist_attribution.gd[0m[38;2;128;128;128m > [0m[38;2;250;235;215mtest_the_credited_assist_rule_comes_from_the_competition_profile[0m[38;2;34;139;34m PASSED[0m[38;2;100;149;237m 23ms[0m
[38;2;128;128;128m[0m
  [38;2;250;235;215mres://tests/simulation/test_assist_attribution.gd[0m[38;2;128;128;128m > [0m[38;2;250;235;215mtest_identical_seeds_reproduce_identical_attribution[0m[38;2;34;139;34m STARTED[0m[38;2;128;128;128m[0m
  [38;2;250;235;215mres://tests/simulation/test_assist_attribution.gd[0m[38;2;128;128;128m > [0m[38;2;250;235;215mtest_identical_seeds_reproduce_identical_attribution[0m[38;2;34;139;34m PASSED[0m[38;2;100;149;237m 14s 231ms[0m
[38;2;128;128;128m[0m
  [38;2;250;235;215mres://tests/simulation/test_assist_attribution.gd[0m[38;2;128;128;128m > [0m[38;2;250;235;215mtest_no_target_or_aggregate_reaches_the_attribution_decision[0m[38;2;34;139;34m STARTED[0m[38;2;128;128;128m[0m
  [38;2;250;235;215mres://tests/simulation/test_assist_attribution.gd[0m[38;2;128;128;128m > [0m[38;2;250;235;215mtest_no_target_or_aggregate_reaches_the_attribution_decision[0m[38;2;34;139;34m PASSED[0m[38;2;100;149;237m 3s 586ms[0m
[38;2;128;128;128m[0m
  [38;2;250;235;215mres://tests/simulation/test_assist_attribution.gd[0m[38;2;128;128;128m > [0m[38;2;250;235;215mtest_passing_drives_the_conditional_credit_rate_in_production[0m[38;2;34;139;34m STARTED[0m[38;2;128;128;128m[0m
  [38;2;250;235;215mres://tests/simulation/test_assist_attribution.gd[0m[38;2;128;128;128m > [0m[38;2;250;235;215mtest_passing_drives_the_conditional_credit_rate_in_production[0m[38;2;34;139;34m PASSED[0m[38;2;100;149;237m 29s 793ms[0m
[38;2;128;128;128m[0m
  [38;2;250;235;215mres://tests/simulation/test_assist_attribution.gd[0m[38;2;128;128;128m > [0m[38;2;250;235;215mtest_play_sim_and_skip_agree_on_every_credited_assist[0m[38;2;34;139;34m STARTED[0m[38;2;128;128;128m[0m
  [38;2;250;235;215mres://tests/simulation/test_assist_attribution.gd[0m[38;2;128;128;128m > [0m[38;2;250;235;215mtest_play_sim_and_skip_agree_on_every_credited_assist[0m[38;2;34;139;34m PASSED[0m[38;2;100;149;237m 5s 47ms[0m
[38;2;128;128;128m[0m
  [38;2;250;235;215mres://tests/simulation/test_assist_attribution.gd[0m[38;2;128;128;128m > [0m[38;2;250;235;215mtest_game_stakes_do_not_reach_the_assist_chain[0m[38;2;34;139;34m STARTED[0m[38;2;128;128;128m[0m
  [38;2;250;235;215mres://tests/simulation/test_assist_attribution.gd[0m[38;2;128;128;128m > [0m[38;2;250;235;215mtest_game_stakes_do_not_reach_the_assist_chain[0m[38;2;34;139;34m PASSED[0m[38;2;100;149;237m 8s 384ms[0m
[38;2;128;128;128m[0m
[38;2;30;144;255mStatistics:[0m[38;2;128;128;128m 22 test cases | 0 errors | 0 failures | 0 flaky | 0 skipped | 0 orphans |[0m[38;2;34;139;34m PASSED[0m[38;2;100;149;237m 1min 29s 529ms[0m
[38;2;128;128;128m[0m
[38;2;128;128;128m[0m
[38;2;0;206;209mRun Test Suite: [0m[38;2;250;235;215mres://tests/simulation/test_attribute_contracts.gd[0m
  [38;2;250;235;215mres://tests/simulation/test_attribute_contracts.gd[0m[38;2;128;128;128m > [0m[38;2;250;235;215mtest_short_range_changes_close_finishing[0m[38;2;34;139;34m STARTED[0m[38;2;128;128;128m[0m
  [38;2;250;235;215mres://tests/simulation/test_attribute_contracts.gd[0m[38;2;128;128;128m > [0m[38;2;250;235;215mtest_short_range_changes_close_finishing[0m[38;2;34;139;34m PASSED[0m[38;2;100;149;237m 49ms[0m
[38;2;128;128;128m[0m
  [38;2;250;235;215mres://tests/simulation/test_attribute_contracts.gd[0m[38;2;128;128;128m > [0m[38;2;250;235;215mtest_mid_range_changes_midrange_shotmaking[0m[38;2;34;139;34m STARTED[0m[38;2;128;128;128m[0m
  [38;2;250;235;215mres://tests/simulation/test_attribute_contracts.gd[0m[38;2;128;128;128m > [0m[38;2;250;235;215mtest_mid_range_changes_midrange_shotmaking[0m[38;2;34;139;34m PASSED[0m[38;2;100;149;237m 45ms[0m
[38;2;128;128;128m[0m
  [38;2;250;235;215mres://tests/simulation/test_attribute_contracts.gd[0m[38;2;128;128;128m > [0m[38;2;250;235;215mtest_three_point_changes_three_point_shotmaking[0m[38;2;34;139;34m STARTED[0m[38;2;128;128;128m[0m
  [38;2;250;235;215mres://tests/simulation/test_attribute_contracts.gd[0m[38;2;128;128;128m > [0m[38;2;250;235;215mtest_three_point_changes_three_point_shotmaking[0m[38;2;34;139;34m PASSED[0m[38;2;100;149;237m 53ms[0m
[38;2;128;128;128m[0m
  [38;2;250;235;215mres://tests/simulation/test_attribute_contracts.gd[0m[38;2;128;128;128m > [0m[38;2;250;235;215mtest_dunking_changes_dunk_finishing[0m[38;2;34;139;34m STARTED[0m[38;2;128;128;128m[0m
  [38;2;250;235;215mres://tests/simulation/test_attribute_contracts.gd[0m[38;2;128;128;128m > [0m[38;2;250;235;215mtest_dunking_changes_dunk_finishing[0m[38;2;34;139;34m PASSED[0m[38;2;100;149;237m 51ms[0m
[38;2;128;128;128m[0m
  [38;2;250;235;215mres://tests/simulation/test_attribute_contracts.gd[0m[38;2;128;128;128m > [0m[38;2;250;235;215mtest_free_throw_changes_free_throw_quality[0m[38;2;34;139;34m STARTED[0m[38;2;128;128;128m[0m
  [38;2;250;235;215mres://tests/simulation/test_attribute_contracts.gd[0m[38;2;128;128;128m > [0m[38;2;250;235;215mtest_free_throw_changes_free_throw_quality[0m[38;2;34;139;34m PASSED[0m[38;2;100;149;237m 58ms[0m
[38;2;128;128;128m[0m
  [38;2;250;235;215mres://tests/simulation/test_attribute_contracts.gd[0m[38;2;128;128;128m > [0m[38;2;250;235;215mtest_handle_changes_creation_and_ball_security[0m[38;2;34;139;34m STARTED[0m[38;2;128;128;128m[0m
  [38;2;250;235;215mres://tests/simulation/test_attribute_contracts.gd[0m[38;2;128;128;128m > [0m[38;2;250;235;215mtest_handle_changes_creation_and_ball_security[0m[38;2;34;139;34m PASSED[0m[38;2;100;149;237m 144ms[0m
[38;2;128;128;128m[0m
  [38;2;250;235;215mres://tests/simulation/test_attribute_contracts.gd[0m[38;2;128;128;128m > [0m[38;2;250;235;215mtest_passing_changes_delivery_execution_and_assist_conversion[0m[38;2;34;139;34m STARTED[0m[38;2;128;128;128m[0m
  [38;2;250;235;215mres://tests/simulation/test_attribute_contracts.gd[0m[38;2;128;128;128m > [0m[38;2;250;235;215mtest_passing_changes_delivery_execution_and_assist_conversion[0m[38;2;34;139;34m PASSED[0m[38;2;100;149;237m 192ms[0m
[38;2;128;128;128m[0m
  [38;2;250;235;215mres://tests/simulation/test_attribute_contracts.gd[0m[38;2;128;128;128m > [0m[38;2;250;235;215mtest_vision_changes_open_target_recognition_and_creation[0m[38;2;34;139;34m STARTED[0m[38;2;128;128;128m[0m
  [38;2;250;235;215mres://tests/simulation/test_attribute_contracts.gd[0m[38;2;128;128;128m > [0m[38;2;250;235;215mtest_vision_changes_open_target_recognition_and_creation[0m[38;2;34;139;34m PASSED[0m[38;2;100;149;237m 561ms[0m
[38;2;128;128;128m[0m
  [38;2;250;235;215mres://tests/simulation/test_attribute_contracts.gd[0m[38;2;128;128;128m > [0m[38;2;250;235;215mtest_vision_and_passing_remain_meaningfully_distinct[0m[38;2;34;139;34m STARTED[0m[38;2;128;128;128m[0m
  [38;2;250;235;215mres://tests/simulation/test_attribute_contracts.gd[0m[38;2;128;128;128m > [0m[38;2;250;235;215mtest_vision_and_passing_remain_meaningfully_distinct[0m[38;2;34;139;34m PASSED[0m[38;2;100;149;237m 274ms[0m
[38;2;128;128;128m[0m
  [38;2;250;235;215mres://tests/simulation/test_attribute_contracts.gd[0m[38;2;128;128;128m > [0m[38;2;250;235;215mtest_offensive_iq_changes_shot_selection[0m[38;2;34;139;34m STARTED[0m[38;2;128;128;128m[0m
  [38;2;250;235;215mres://tests/simulation/test_attribute_contracts.gd[0m[38;2;128;128;128m > [0m[38;2;250;235;215mtest_offensive_iq_changes_shot_selection[0m[38;2;34;139;34m PASSED[0m[38;2;100;149;237m 30ms[0m
[38;2;128;128;128m[0m
  [38;2;250;235;215mres://tests/simulation/test_attribute_contracts.gd[0m[38;2;128;128;128m > [0m[38;2;250;235;215mtest_perimeter_defense_changes_containment_and_contest[0m[38;2;34;139;34m STARTED[0m[38;2;128;128;128m[0m
  [38;2;250;235;215mres://tests/simulation/test_attribute_contracts.gd[0m[38;2;128;128;128m > [0m[38;2;250;235;215mtest_perimeter_defense_changes_containment_and_contest[0m[38;2;34;139;34m PASSED[0m[38;2;100;149;237m 30ms[0m
[38;2;128;128;128m[0m
  [38;2;250;235;215mres://tests/simulation/test_attribute_contracts.gd[0m[38;2;128;128;128m > [0m[38;2;250;235;215mtest_interior_defense_changes_interior_positioning[0m[38;2;34;139;34m STARTED[0m[38;2;128;128;128m[0m
  [38;2;250;235;215mres://tests/simulation/test_attribute_contracts.gd[0m[38;2;128;128;128m > [0m[38;2;250;235;215mtest_interior_defense_changes_interior_positioning[0m[38;2;34;139;34m PASSED[0m[38;2;100;149;237m 29ms[0m
[38;2;128;128;128m[0m
  [38;2;250;235;215mres://tests/simulation/test_attribute_contracts.gd[0m[38;2;128;128;128m > [0m[38;2;250;235;215mtest_stealing_changes_strip_and_interception_success[0m[38;2;34;139;34m STARTED[0m[38;2;128;128;128m[0m
  [38;2;250;235;215mres://tests/simulation/test_attribute_contracts.gd[0m[38;2;128;128;128m > [0m[38;2;250;235;215mtest_stealing_changes_strip_and_interception_success[0m[38;2;34;139;34m PASSED[0m[38;2;100;149;237m 111ms[0m
[38;2;128;128;128m[0m
  [38;2;250;235;215mres://tests/simulation/test_attribute_contracts.gd[0m[38;2;128;128;128m > [0m[38;2;250;235;215mtest_blocking_changes_block_success[0m[38;2;34;139;34m STARTED[0m[38;2;128;128;128m[0m
  [38;2;250;235;215mres://tests/simulation/test_attribute_contracts.gd[0m[38;2;128;128;128m > [0m[38;2;250;235;215mtest_blocking_changes_block_success[0m[38;2;34;139;34m PASSED[0m[38;2;100;149;237m 90ms[0m
[38;2;128;128;128m[0m
  [38;2;250;235;215mres://tests/simulation/test_attribute_contracts.gd[0m[38;2;128;128;128m > [0m[38;2;250;235;215mtest_defensive_iq_changes_help_and_discipline[0m[38;2;34;139;34m STARTED[0m[38;2;128;128;128m[0m
  [38;2;250;235;215mres://tests/simulation/test_attribute_contracts.gd[0m[38;2;128;128;128m > [0m[38;2;250;235;215mtest_defensive_iq_changes_help_and_discipline[0m[38;2;34;139;34m PASSED[0m[38;2;100;149;237m 112ms[0m
[38;2;128;128;128m[0m
  [38;2;250;235;215mres://tests/simulation/test_attribute_contracts.gd[0m[38;2;128;128;128m > [0m[38;2;250;235;215mtest_offensive_rebounding_changes_crash_positioning[0m[38;2;34;139;34m STARTED[0m[38;2;128;128;128m[0m
  [38;2;250;235;215mres://tests/simulation/test_attribute_contracts.gd[0m[38;2;128;128;128m > [0m[38;2;250;235;215mtest_offensive_rebounding_changes_crash_positioning[0m[38;2;34;139;34m PASSED[0m[38;2;100;149;237m 733ms[0m
[38;2;128;128;128m[0m
  [38;2;250;235;215mres://tests/simulation/test_attribute_contracts.gd[0m[38;2;128;128;128m > [0m[38;2;250;235;215mtest_defensive_rebounding_changes_box_out_share[0m[38;2;34;139;34m STARTED[0m[38;2;128;128;128m[0m
  [38;2;250;235;215mres://tests/simulation/test_attribute_contracts.gd[0m[38;2;128;128;128m > [0m[38;2;250;235;215mtest_defensive_rebounding_changes_box_out_share[0m[38;2;34;139;34m PASSED[0m[38;2;100;149;237m 26ms[0m
[38;2;128;128;128m[0m
  [38;2;250;235;215mres://tests/simulation/test_attribute_contracts.gd[0m[38;2;128;128;128m > [0m[38;2;250;235;215mtest_speed_changes_court_speed_and_creation[0m[38;2;34;139;34m STARTED[0m[38;2;128;128;128m[0m
  [38;2;250;235;215mres://tests/simulation/test_attribute_contracts.gd[0m[38;2;128;128;128m > [0m[38;2;250;235;215mtest_speed_changes_court_speed_and_creation[0m[38;2;34;139;34m PASSED[0m[38;2;100;149;237m 27ms[0m
[38;2;128;128;128m[0m
  [38;2;250;235;215mres://tests/simulation/test_attribute_contracts.gd[0m[38;2;128;128;128m > [0m[38;2;250;235;215mtest_strength_changes_contact_force_and_leverage[0m[38;2;34;139;34m STARTED[0m[38;2;128;128;128m[0m
  [38;2;250;235;215mres://tests/simulation/test_attribute_contracts.gd[0m[38;2;128;128;128m > [0m[38;2;250;235;215mtest_strength_changes_contact_force_and_leverage[0m[38;2;34;139;34m PASSED[0m[38;2;100;149;237m 25ms[0m
[38;2;128;128;128m[0m
  [38;2;250;235;215mres://tests/simulation/test_attribute_contracts.gd[0m[38;2;128;128;128m > [0m[38;2;250;235;215mtest_stamina_changes_fatigue_accumulation_and_recovery[0m[38;2;34;139;34m STARTED[0m[38;2;128;128;128m[0m
  [38;2;250;235;215mres://tests/simulation/test_attribute_contracts.gd[0m[38;2;128;128;128m > [0m[38;2;250;235;215mtest_stamina_changes_fatigue_accumulation_and_recovery[0m[38;2;34;139;34m PASSED[0m[38;2;100;149;237m 26ms[0m
[38;2;128;128;128m[0m
  [38;2;250;235;215mres://tests/simulation/test_attribute_contracts.gd[0m[38;2;128;128;128m > [0m[38;2;250;235;215mtest_vertical_changes_reach_and_dunk_access[0m[38;2;34;139;34m STARTED[0m[38;2;128;128;128m[0m
  [38;2;250;235;215mres://tests/simulation/test_attribute_contracts.gd[0m[38;2;128;128;128m > [0m[38;2;250;235;215mtest_vertical_changes_reach_and_dunk_access[0m[38;2;34;139;34m PASSED[0m[38;2;100;149;237m 25ms[0m
[38;2;128;128;128m[0m
  [38;2;250;235;215mres://tests/simulation/test_attribute_contracts.gd[0m[38;2;128;128;128m > [0m[38;2;250;235;215mtest_every_rating_feeds_at_least_one_capability[0m[38;2;34;139;34m STARTED[0m[38;2;128;128;128m[0m
  [38;2;250;235;215mres://tests/simulation/test_attribute_contracts.gd[0m[38;2;128;128;128m > [0m[38;2;250;235;215mtest_every_rating_feeds_at_least_one_capability[0m[38;2;34;139;34m PASSED[0m[38;2;100;149;237m 32ms[0m
[38;2;128;128;128m[0m
  [38;2;250;235;215mres://tests/simulation/test_attribute_contracts.gd[0m[38;2;128;128;128m > [0m[38;2;250;235;215mtest_every_capability_keeps_its_primary_input_dominant[0m[38;2;34;139;34m STARTED[0m[38;2;128;128;128m[0m
  [38;2;250;235;215mres://tests/simulation/test_attribute_contracts.gd[0m[38;2;128;128;128m > [0m[38;2;250;235;215mtest_every_capability_keeps_its_primary_input_dominant[0m[38;2;34;139;34m PASSED[0m[38;2;100;149;237m 52ms[0m
[38;2;128;128;128m[0m
[38;2;30;144;255mStatistics:[0m[38;2;128;128;128m 23 test cases | 0 errors | 0 failures | 0 flaky | 0 skipped | 0 orphans |[0m[38;2;34;139;34m PASSED[0m[38;2;100;149;237m 3s 51ms[0m
[38;2;128;128;128m[0m
[38;2;128;128;128m[0m
[38;2;0;206;209mRun Test Suite: [0m[38;2;250;235;215mres://tests/simulation/test_endgame_corrections.gd[0m
  [38;2;250;235;215mres://tests/simulation/test_endgame_corrections.gd[0m[38;2;128;128;128m > [0m[38;2;250;235;215mtest_college_refuses_to_advance_the_ball_on_a_timeout[0m[38;2;34;139;34m STARTED[0m[38;2;128;128;128m[0m
  [38;2;250;235;215mres://tests/simulation/test_endgame_corrections.gd[0m[38;2;128;128;128m > [0m[38;2;250;235;215mtest_college_refuses_to_advance_the_ball_on_a_timeout[0m[38;2;34;139;34m PASSED[0m[38;2;100;149;237m 32ms[0m
[38;2;128;128;128m[0m
  [38;2;250;235;215mres://tests/simulation/test_endgame_corrections.gd[0m[38;2;128;128;128m > [0m[38;2;250;235;215mtest_no_college_game_emits_an_advance_timeout[0m[38;2;34;139;34m STARTED[0m[38;2;128;128;128m[0m
  [38;2;250;235;215mres://tests/simulation/test_endgame_corrections.gd[0m[38;2;128;128;128m > [0m[38;2;250;235;215mtest_no_college_game_emits_an_advance_timeout[0m[38;2;34;139;34m PASSED[0m[38;2;100;149;237m 18s 445ms[0m
[38;2;128;128;128m[0m
  [38;2;250;235;215mres://tests/simulation/test_endgame_corrections.gd[0m[38;2;128;128;128m > [0m[38;2;250;235;215mtest_top_domestic_still_advances_the_ball_when_a_coach_would[0m[38;2;34;139;34m STARTED[0m[38;2;128;128;128m[0m
  [38;2;250;235;215mres://tests/simulation/test_endgame_corrections.gd[0m[38;2;128;128;128m > [0m[38;2;250;235;215mtest_top_domestic_still_advances_the_ball_when_a_coach_would[0m[38;2;34;139;34m PASSED[0m[38;2;100;149;237m 34ms[0m
[38;2;128;128;128m[0m
  [38;2;250;235;215mres://tests/simulation/test_endgame_corrections.gd[0m[38;2;128;128;128m > [0m[38;2;250;235;215mtest_the_advance_timeout_is_still_reachable_in_real_top_domestic_games[0m[38;2;34;139;34m STARTED[0m[38;2;128;128;128m[0m
  [38;2;250;235;215mres://tests/simulation/test_endgame_corrections.gd[0m[38;2;128;128;128m > [0m[38;2;250;235;215mtest_the_advance_timeout_is_still_reachable_in_real_top_domestic_games[0m[38;2;34;139;34m PASSED[0m[38;2;100;149;237m 2min 13s 699ms[0m
[38;2;128;128;128m[0m
  [38;2;250;235;215mres://tests/simulation/test_endgame_corrections.gd[0m[38;2;128;128;128m > [0m[38;2;250;235;215mtest_an_advancing_team_finishes_the_match_still_holding_its_reserve[0m[38;2;34;139;34m STARTED[0m[38;2;128;128;128m[0m
  [38;2;250;235;215mres://tests/simulation/test_endgame_corrections.gd[0m[38;2;128;128;128m > [0m[38;2;250;235;215mtest_an_advancing_team_finishes_the_match_still_holding_its_reserve[0m[38;2;34;139;34m PASSED[0m[38;2;100;149;237m 2min 16s 448ms[0m
[38;2;128;128;128m[0m
  [38;2;250;235;215mres://tests/simulation/test_endgame_corrections.gd[0m[38;2;128;128;128m > [0m[38;2;250;235;215mtest_a_tied_team_holds_for_the_final_shot[0m[38;2;34;139;34m STARTED[0m[38;2;128;128;128m[0m
  [38;2;250;235;215mres://tests/simulation/test_endgame_corrections.gd[0m[38;2;128;128;128m > [0m[38;2;250;235;215mtest_a_tied_team_holds_for_the_final_shot[0m[38;2;34;139;34m PASSED[0m[38;2;100;149;237m 42ms[0m
[38;2;128;128;128m[0m
  [38;2;250;235;215mres://tests/simulation/test_endgame_corrections.gd[0m[38;2;128;128;128m > [0m[38;2;250;235;215mtest_a_comfortable_lead_drains_the_clock_instead_of_boosting_its_closer[0m[38;2;34;139;34m STARTED[0m[38;2;128;128;128m[0m
  [38;2;250;235;215mres://tests/simulation/test_endgame_corrections.gd[0m[38;2;128;128;128m > [0m[38;2;250;235;215mtest_a_comfortable_lead_drains_the_clock_instead_of_boosting_its_closer[0m[38;2;34;139;34m PASSED[0m[38;2;100;149;237m 31ms[0m
[38;2;128;128;128m[0m
  [38;2;250;235;215mres://tests/simulation/test_endgame_corrections.gd[0m[38;2;128;128;128m > [0m[38;2;250;235;215mtest_a_trailing_team_intentionally_misses_its_final_free_throw[0m[38;2;34;139;34m STARTED[0m[38;2;128;128;128m[0m
  [38;2;250;235;215mres://tests/simulation/test_endgame_corrections.gd[0m[38;2;128;128;128m > [0m[38;2;250;235;215mtest_a_trailing_team_intentionally_misses_its_final_free_throw[0m[38;2;34;139;34m PASSED[0m[38;2;100;149;237m 41ms[0m
[38;2;128;128;128m[0m
  [38;2;250;235;215mres://tests/simulation/test_endgame_corrections.gd[0m[38;2;128;128;128m > [0m[38;2;250;235;215mtest_the_intentional_miss_enters_the_ordinary_live_rebound[0m[38;2;34;139;34m STARTED[0m[38;2;128;128;128m[0m
  [38;2;250;235;215mres://tests/simulation/test_endgame_corrections.gd[0m[38;2;128;128;128m > [0m[38;2;250;235;215mtest_the_intentional_miss_enters_the_ordinary_live_rebound[0m[38;2;34;139;34m PASSED[0m[38;2;100;149;237m 67ms[0m
[38;2;128;128;128m[0m
  [38;2;250;235;215mres://tests/simulation/test_endgame_corrections.gd[0m[38;2;128;128;128m > [0m[38;2;250;235;215mtest_the_defence_can_win_the_board_after_an_intentional_miss[0m[38;2;34;139;34m STARTED[0m[38;2;128;128;128m[0m
  [38;2;250;235;215mres://tests/simulation/test_endgame_corrections.gd[0m[38;2;128;128;128m > [0m[38;2;250;235;215mtest_the_defence_can_win_the_board_after_an_intentional_miss[0m[38;2;34;139;34m PASSED[0m[38;2;100;149;237m 2s 800ms[0m
[38;2;128;128;128m[0m
  [38;2;250;235;215mres://tests/simulation/test_endgame_corrections.gd[0m[38;2;128;128;128m > [0m[38;2;250;235;215mtest_a_leading_team_at_the_line_never_intentionally_misses[0m[38;2;34;139;34m STARTED[0m[38;2;128;128;128m[0m
  [38;2;250;235;215mres://tests/simulation/test_endgame_corrections.gd[0m[38;2;128;128;128m > [0m[38;2;250;235;215mtest_a_leading_team_at_the_line_never_intentionally_misses[0m[38;2;34;139;34m PASSED[0m[38;2;100;149;237m 1s 912ms[0m
[38;2;128;128;128m[0m
  [38;2;250;235;215mres://tests/simulation/test_endgame_corrections.gd[0m[38;2;128;128;128m > [0m[38;2;250;235;215mtest_no_leading_by_three_foul_is_committed_outside_the_bonus[0m[38;2;34;139;34m STARTED[0m[38;2;128;128;128m[0m
  [38;2;250;235;215mres://tests/simulation/test_endgame_corrections.gd[0m[38;2;128;128;128m > [0m[38;2;250;235;215mtest_no_leading_by_three_foul_is_committed_outside_the_bonus[0m[38;2;34;139;34m PASSED[0m[38;2;100;149;237m 2s 185ms[0m
[38;2;128;128;128m[0m
  [38;2;250;235;215mres://tests/simulation/test_endgame_corrections.gd[0m[38;2;128;128;128m > [0m[38;2;250;235;215mtest_at_most_one_leading_by_three_foul_per_possession[0m[38;2;34;139;34m STARTED[0m[38;2;128;128;128m[0m
  [38;2;250;235;215mres://tests/simulation/test_endgame_corrections.gd[0m[38;2;128;128;128m > [0m[38;2;250;235;215mtest_at_most_one_leading_by_three_foul_per_possession[0m[38;2;34;139;34m PASSED[0m[38;2;100;149;237m 650ms[0m
[38;2;128;128;128m[0m
  [38;2;250;235;215mres://tests/simulation/test_endgame_corrections.gd[0m[38;2;128;128;128m > [0m[38;2;250;235;215mtest_no_played_match_commits_two_leading_by_three_fouls_in_one_possession[0m[38;2;34;139;34m STARTED[0m[38;2;128;128;128m[0m
  [38;2;250;235;215mres://tests/simulation/test_endgame_corrections.gd[0m[38;2;128;128;128m > [0m[38;2;250;235;215mtest_no_played_match_commits_two_leading_by_three_fouls_in_one_possession[0m[38;2;34;139;34m PASSED[0m[38;2;100;149;237m 56s 436ms[0m
[38;2;128;128;128m[0m
  [38;2;250;235;215mres://tests/simulation/test_endgame_corrections.gd[0m[38;2;128;128;128m > [0m[38;2;250;235;215mtest_quick_two_never_overlaps_the_tie_seeking_window_at_any_stakes_tier[0m[38;2;34;139;34m STARTED[0m[38;2;128;128;128m[0m
  [38;2;250;235;215mres://tests/simulation/test_endgame_corrections.gd[0m[38;2;128;128;128m > [0m[38;2;250;235;215mtest_quick_two_never_overlaps_the_tie_seeking_window_at_any_stakes_tier[0m[38;2;34;139;34m PASSED[0m[38;2;100;149;237m 48ms[0m
[38;2;128;128;128m[0m
  [38;2;250;235;215mres://tests/simulation/test_endgame_corrections.gd[0m[38;2;128;128;128m > [0m[38;2;250;235;215mtest_regular_season_quick_two_clock_boundaries_are_unchanged[0m[38;2;34;139;34m STARTED[0m[38;2;128;128;128m[0m
  [38;2;250;235;215mres://tests/simulation/test_endgame_corrections.gd[0m[38;2;128;128;128m > [0m[38;2;250;235;215mtest_regular_season_quick_two_clock_boundaries_are_unchanged[0m[38;2;34;139;34m PASSED[0m[38;2;100;149;237m 160ms[0m
[38;2;128;128;128m[0m
  [38;2;250;235;215mres://tests/simulation/test_endgame_corrections.gd[0m[38;2;128;128;128m > [0m[38;2;250;235;215mtest_quick_two_does_not_depend_on_an_unspent_timeout[0m[38;2;34;139;34m STARTED[0m[38;2;128;128;128m[0m
  [38;2;250;235;215mres://tests/simulation/test_endgame_corrections.gd[0m[38;2;128;128;128m > [0m[38;2;250;235;215mtest_quick_two_does_not_depend_on_an_unspent_timeout[0m[38;2;34;139;34m PASSED[0m[38;2;100;149;237m 27ms[0m
[38;2;128;128;128m[0m
  [38;2;250;235;215mres://tests/simulation/test_endgame_corrections.gd[0m[38;2;128;128;128m > [0m[38;2;250;235;215mtest_putbacks_carry_the_endgame_decision_in_force[0m[38;2;34;139;34m STARTED[0m[38;2;128;128;128m[0m
  [38;2;250;235;215mres://tests/simulation/test_endgame_corrections.gd[0m[38;2;128;128;128m > [0m[38;2;250;235;215mtest_putbacks_carry_the_endgame_decision_in_force[0m[38;2;34;139;34m PASSED[0m[38;2;100;149;237m 2s 164ms[0m
[38;2;128;128;128m[0m
  [38;2;250;235;215mres://tests/simulation/test_endgame_corrections.gd[0m[38;2;128;128;128m > [0m[38;2;250;235;215mtest_validate_refuses_a_quick_two_window_with_no_span[0m[38;2;34;139;34m STARTED[0m[38;2;128;128;128m[0m
  [38;2;250;235;215mres://tests/simulation/test_endgame_corrections.gd[0m[38;2;128;128;128m > [0m[38;2;250;235;215mtest_validate_refuses_a_quick_two_window_with_no_span[0m[38;2;34;139;34m PASSED[0m[38;2;100;149;237m 28ms[0m
[38;2;128;128;128m[0m
[38;2;30;144;255mStatistics:[0m[38;2;128;128;128m 19 test cases | 0 errors | 0 failures | 0 flaky | 0 skipped | 0 orphans |[0m[38;2;34;139;34m PASSED[0m[38;2;100;149;237m 5min 55s 639ms[0m
[38;2;128;128;128m[0m
[38;2;128;128;128m[0m
[38;2;0;206;209mRun Test Suite: [0m[38;2;250;235;215mres://tests/simulation/test_endgame_strategy.gd[0m
  [38;2;250;235;215mres://tests/simulation/test_endgame_strategy.gd[0m[38;2;128;128;128m > [0m[38;2;250;235;215mtest_two_for_one_is_off_outside_its_window[0m[38;2;34;139;34m STARTED[0m[38;2;128;128;128m[0m
  [38;2;250;235;215mres://tests/simulation/test_endgame_strategy.gd[0m[38;2;128;128;128m > [0m[38;2;250;235;215mtest_two_for_one_is_off_outside_its_window[0m[38;2;34;139;34m PASSED[0m[38;2;100;149;237m 26ms[0m
[38;2;128;128;128m[0m
  [38;2;250;235;215mres://tests/simulation/test_endgame_strategy.gd[0m[38;2;128;128;128m > [0m[38;2;250;235;215mtest_two_for_one_is_on_for_a_trailing_or_tied_team_with_a_second_possession_to_win[0m[38;2;34;139;34m STARTED[0m[38;2;128;128;128m[0m
  [38;2;250;235;215mres://tests/simulation/test_endgame_strategy.gd[0m[38;2;128;128;128m > [0m[38;2;250;235;215mtest_two_for_one_is_on_for_a_trailing_or_tied_team_with_a_second_possession_to_win[0m[38;2;34;139;34m PASSED[0m[38;2;100;149;237m 27ms[0m
[38;2;128;128;128m[0m
  [38;2;250;235;215mres://tests/simulation/test_endgame_strategy.gd[0m[38;2;128;128;128m > [0m[38;2;250;235;215mtest_hold_is_off_outside_its_window[0m[38;2;34;139;34m STARTED[0m[38;2;128;128;128m[0m
  [38;2;250;235;215mres://tests/simulation/test_endgame_strategy.gd[0m[38;2;128;128;128m > [0m[38;2;250;235;215mtest_hold_is_off_outside_its_window[0m[38;2;34;139;34m PASSED[0m[38;2;100;149;237m 26ms[0m
[38;2;128;128;128m[0m
  [38;2;250;235;215mres://tests/simulation/test_endgame_strategy.gd[0m[38;2;128;128;128m > [0m[38;2;250;235;215mtest_hold_is_on_for_a_leading_team_with_the_game_in_hand[0m[38;2;34;139;34m STARTED[0m[38;2;128;128;128m[0m
  [38;2;250;235;215mres://tests/simulation/test_endgame_strategy.gd[0m[38;2;128;128;128m > [0m[38;2;250;235;215mtest_hold_is_on_for_a_leading_team_with_the_game_in_hand[0m[38;2;34;139;34m PASSED[0m[38;2;100;149;237m 47ms[0m
[38;2;128;128;128m[0m
  [38;2;250;235;215mres://tests/simulation/test_endgame_strategy.gd[0m[38;2;128;128;128m > [0m[38;2;250;235;215mtest_a_tied_team_may_hold_when_the_shot_clock_outlasts_the_game_clock[0m[38;2;34;139;34m STARTED[0m[38;2;128;128;128m[0m
  [38;2;250;235;215mres://tests/simulation/test_endgame_strategy.gd[0m[38;2;128;128;128m > [0m[38;2;250;235;215mtest_a_tied_team_may_hold_when_the_shot_clock_outlasts_the_game_clock[0m[38;2;34;139;34m PASSED[0m[38;2;100;149;237m 28ms[0m
[38;2;128;128;128m[0m
  [38;2;250;235;215mres://tests/simulation/test_endgame_strategy.gd[0m[38;2;128;128;128m > [0m[38;2;250;235;215mtest_the_shot_clock_condition_binds_only_the_tied_team[0m[38;2;34;139;34m STARTED[0m[38;2;128;128;128m[0m
  [38;2;250;235;215mres://tests/simulation/test_endgame_strategy.gd[0m[38;2;128;128;128m > [0m[38;2;250;235;215mtest_the_shot_clock_condition_binds_only_the_tied_team[0m[38;2;34;139;34m PASSED[0m[38;2;100;149;237m 24ms[0m
[38;2;128;128;128m[0m
  [38;2;250;235;215mres://tests/simulation/test_endgame_strategy.gd[0m[38;2;128;128;128m > [0m[38;2;250;235;215mtest_two_for_one_and_hold_are_mutually_exclusive[0m[38;2;34;139;34m STARTED[0m[38;2;128;128;128m[0m
  [38;2;250;235;215mres://tests/simulation/test_endgame_strategy.gd[0m[38;2;128;128;128m > [0m[38;2;250;235;215mtest_two_for_one_and_hold_are_mutually_exclusive[0m[38;2;34;139;34m PASSED[0m[38;2;100;149;237m 50ms[0m
[38;2;128;128;128m[0m
  [38;2;250;235;215mres://tests/simulation/test_endgame_strategy.gd[0m[38;2;128;128;128m > [0m[38;2;250;235;215mtest_quick_two_needs_the_exact_deficit_and_the_outer_window[0m[38;2;34;139;34m STARTED[0m[38;2;128;128;128m[0m
  [38;2;250;235;215mres://tests/simulation/test_endgame_strategy.gd[0m[38;2;128;128;128m > [0m[38;2;250;235;215mtest_quick_two_needs_the_exact_deficit_and_the_outer_window[0m[38;2;34;139;34m PASSED[0m[38;2;100;149;237m 30ms[0m
[38;2;128;128;128m[0m
  [38;2;250;235;215mres://tests/simulation/test_endgame_strategy.gd[0m[38;2;128;128;128m > [0m[38;2;250;235;215mtest_designed_play_is_on_only_for_the_truly_final_possession[0m[38;2;34;139;34m STARTED[0m[38;2;128;128;128m[0m
  [38;2;250;235;215mres://tests/simulation/test_endgame_strategy.gd[0m[38;2;128;128;128m > [0m[38;2;250;235;215mtest_designed_play_is_on_only_for_the_truly_final_possession[0m[38;2;34;139;34m PASSED[0m[38;2;100;149;237m 26ms[0m
[38;2;128;128;128m[0m
  [38;2;250;235;215mres://tests/simulation/test_endgame_strategy.gd[0m[38;2;128;128;128m > [0m[38;2;250;235;215mtest_designed_play_refuses_a_leading_team_at_every_lead[0m[38;2;34;139;34m STARTED[0m[38;2;128;128;128m[0m
  [38;2;250;235;215mres://tests/simulation/test_endgame_strategy.gd[0m[38;2;128;128;128m > [0m[38;2;250;235;215mtest_designed_play_refuses_a_leading_team_at_every_lead[0m[38;2;34;139;34m PASSED[0m[38;2;100;149;237m 37ms[0m
[38;2;128;128;128m[0m
  [38;2;250;235;215mres://tests/simulation/test_endgame_strategy.gd[0m[38;2;128;128;128m > [0m[38;2;250;235;215mtest_designed_play_refuses_a_deficit_the_clock_cannot_close[0m[38;2;34;139;34m STARTED[0m[38;2;128;128;128m[0m
  [38;2;250;235;215mres://tests/simulation/test_endgame_strategy.gd[0m[38;2;128;128;128m > [0m[38;2;250;235;215mtest_designed_play_refuses_a_deficit_the_clock_cannot_close[0m[38;2;34;139;34m PASSED[0m[38;2;100;149;237m 54ms[0m
[38;2;128;128;128m[0m
  [38;2;250;235;215mres://tests/simulation/test_endgame_strategy.gd[0m[38;2;128;128;128m > [0m[38;2;250;235;215mtest_selected_designed_play_action_releases_before_the_horn[0m[38;2;34;139;34m STARTED[0m[38;2;128;128;128m[0m
  [38;2;250;235;215mres://tests/simulation/test_endgame_strategy.gd[0m[38;2;128;128;128m > [0m[38;2;250;235;215mtest_selected_designed_play_action_releases_before_the_horn[0m[38;2;34;139;34m PASSED[0m[38;2;100;149;237m 32ms[0m
[38;2;128;128;128m[0m
  [38;2;250;235;215mres://tests/simulation/test_endgame_strategy.gd[0m[38;2;128;128;128m > [0m[38;2;250;235;215mtest_final_release_deadline_is_scoped_to_a_tieable_designed_play[0m[38;2;34;139;34m STARTED[0m[38;2;128;128;128m[0m
  [38;2;250;235;215mres://tests/simulation/test_endgame_strategy.gd[0m[38;2;128;128;128m > [0m[38;2;250;235;215mtest_final_release_deadline_is_scoped_to_a_tieable_designed_play[0m[38;2;34;139;34m PASSED[0m[38;2;100;149;237m 28ms[0m
[38;2;128;128;128m[0m
  [38;2;250;235;215mres://tests/simulation/test_endgame_strategy.gd[0m[38;2;128;128;128m > [0m[38;2;250;235;215mtest_recoverable_deficit_grows_one_possession_at_a_time[0m[38;2;34;139;34m STARTED[0m[38;2;128;128;128m[0m
  [38;2;250;235;215mres://tests/simulation/test_endgame_strategy.gd[0m[38;2;128;128;128m > [0m[38;2;250;235;215mtest_recoverable_deficit_grows_one_possession_at_a_time[0m[38;2;34;139;34m PASSED[0m[38;2;100;149;237m 28ms[0m
[38;2;128;128;128m[0m
  [38;2;250;235;215mres://tests/simulation/test_endgame_strategy.gd[0m[38;2;128;128;128m > [0m[38;2;250;235;215mtest_designated_closer_is_the_best_shot_selection_rating_on_the_floor[0m[38;2;34;139;34m STARTED[0m[38;2;128;128;128m[0m
  [38;2;250;235;215mres://tests/simulation/test_endgame_strategy.gd[0m[38;2;128;128;128m > [0m[38;2;250;235;215mtest_designated_closer_is_the_best_shot_selection_rating_on_the_floor[0m[38;2;34;139;34m PASSED[0m[38;2;100;149;237m 30ms[0m
[38;2;128;128;128m[0m
  [38;2;250;235;215mres://tests/simulation/test_endgame_strategy.gd[0m[38;2;128;128;128m > [0m[38;2;250;235;215mtest_action_multiplier_is_the_identity_through_ordinary_basketball[0m[38;2;34;139;34m STARTED[0m[38;2;128;128;128m[0m
  [38;2;250;235;215mres://tests/simulation/test_endgame_strategy.gd[0m[38;2;128;128;128m > [0m[38;2;250;235;215mtest_action_multiplier_is_the_identity_through_ordinary_basketball[0m[38;2;34;139;34m PASSED[0m[38;2;100;149;237m 33ms[0m
[38;2;128;128;128m[0m
  [38;2;250;235;215mres://tests/simulation/test_endgame_strategy.gd[0m[38;2;128;128;128m > [0m[38;2;250;235;215mtest_two_for_one_reweights_reset_versus_a_direct_shot[0m[38;2;34;139;34m STARTED[0m[38;2;128;128;128m[0m
  [38;2;250;235;215mres://tests/simulation/test_endgame_strategy.gd[0m[38;2;128;128;128m > [0m[38;2;250;235;215mtest_two_for_one_reweights_reset_versus_a_direct_shot[0m[38;2;34;139;34m PASSED[0m[38;2;100;149;237m 30ms[0m
[38;2;128;128;128m[0m
  [38;2;250;235;215mres://tests/simulation/test_endgame_strategy.gd[0m[38;2;128;128;128m > [0m[38;2;250;235;215mtest_hold_stops_boosting_the_reset_once_the_shot_clock_is_late[0m[38;2;34;139;34m STARTED[0m[38;2;128;128;128m[0m
  [38;2;250;235;215mres://tests/simulation/test_endgame_strategy.gd[0m[38;2;128;128;128m > [0m[38;2;250;235;215mtest_hold_stops_boosting_the_reset_once_the_shot_clock_is_late[0m[38;2;34;139;34m PASSED[0m[38;2;100;149;237m 28ms[0m
[38;2;128;128;128m[0m
  [38;2;250;235;215mres://tests/simulation/test_endgame_strategy.gd[0m[38;2;128;128;128m > [0m[38;2;250;235;215mtest_quick_two_swings_two_point_weight_against_three_point_weight[0m[38;2;34;139;34m STARTED[0m[38;2;128;128;128m[0m
  [38;2;250;235;215mres://tests/simulation/test_endgame_strategy.gd[0m[38;2;128;128;128m > [0m[38;2;250;235;215mtest_quick_two_swings_two_point_weight_against_three_point_weight[0m[38;2;34;139;34m PASSED[0m[38;2;100;149;237m 41ms[0m
[38;2;128;128;128m[0m
  [38;2;250;235;215mres://tests/simulation/test_endgame_strategy.gd[0m[38;2;128;128;128m > [0m[38;2;250;235;215mtest_designed_play_boosts_only_the_designated_actor[0m[38;2;34;139;34m STARTED[0m[38;2;128;128;128m[0m
  [38;2;250;235;215mres://tests/simulation/test_endgame_strategy.gd[0m[38;2;128;128;128m > [0m[38;2;250;235;215mtest_designed_play_boosts_only_the_designated_actor[0m[38;2;34;139;34m PASSED[0m[38;2;100;149;237m 41ms[0m
[38;2;128;128;128m[0m
  [38;2;250;235;215mres://tests/simulation/test_endgame_strategy.gd[0m[38;2;128;128;128m > [0m[38;2;250;235;215mtest_intentional_miss_applies_only_to_a_two_point_deficit_before_the_final_attempt[0m[38;2;34;139;34m STARTED[0m[38;2;128;128;128m[0m
  [38;2;250;235;215mres://tests/simulation/test_endgame_strategy.gd[0m[38;2;128;128;128m > [0m[38;2;250;235;215mtest_intentional_miss_applies_only_to_a_two_point_deficit_before_the_final_attempt[0m[38;2;34;139;34m PASSED[0m[38;2;100;149;237m 39ms[0m
[38;2;128;128;128m[0m
  [38;2;250;235;215mres://tests/simulation/test_endgame_strategy.gd[0m[38;2;128;128;128m > [0m[38;2;250;235;215mtest_intentional_miss_reads_the_margin_the_earlier_makes_of_the_trip_produced[0m[38;2;34;139;34m STARTED[0m[38;2;128;128;128m[0m
  [38;2;250;235;215mres://tests/simulation/test_endgame_strategy.gd[0m[38;2;128;128;128m > [0m[38;2;250;235;215mtest_intentional_miss_reads_the_margin_the_earlier_makes_of_the_trip_produced[0m[38;2;34;139;34m PASSED[0m[38;2;100;149;237m 47ms[0m
[38;2;128;128;128m[0m
  [38;2;250;235;215mres://tests/simulation/test_endgame_strategy.gd[0m[38;2;128;128;128m > [0m[38;2;250;235;215mtest_a_leading_team_never_intentionally_misses[0m[38;2;34;139;34m STARTED[0m[38;2;128;128;128m[0m
  [38;2;250;235;215mres://tests/simulation/test_endgame_strategy.gd[0m[38;2;128;128;128m > [0m[38;2;250;235;215mtest_a_leading_team_never_intentionally_misses[0m[38;2;34;139;34m PASSED[0m[38;2;100;149;237m 54ms[0m
[38;2;128;128;128m[0m
  [38;2;250;235;215mres://tests/simulation/test_endgame_strategy.gd[0m[38;2;128;128;128m > [0m[38;2;250;235;215mtest_intentional_miss_refuses_where_the_final_attempt_is_not_reboundable[0m[38;2;34;139;34m STARTED[0m[38;2;128;128;128m[0m
  [38;2;250;235;215mres://tests/simulation/test_endgame_strategy.gd[0m[38;2;128;128;128m > [0m[38;2;250;235;215mtest_intentional_miss_refuses_where_the_final_attempt_is_not_reboundable[0m[38;2;34;139;34m PASSED[0m[38;2;100;149;237m 28ms[0m
[38;2;128;128;128m[0m
  [38;2;250;235;215mres://tests/simulation/test_endgame_strategy.gd[0m[38;2;128;128;128m > [0m[38;2;250;235;215mtest_intentional_miss_refuses_below_the_clock_the_rebound_and_shot_need[0m[38;2;34;139;34m STARTED[0m[38;2;128;128;128m[0m
  [38;2;250;235;215mres://tests/simulation/test_endgame_strategy.gd[0m[38;2;128;128;128m > [0m[38;2;250;235;215mtest_intentional_miss_refuses_below_the_clock_the_rebound_and_shot_need[0m[38;2;34;139;34m PASSED[0m[38;2;100;149;237m 24ms[0m
[38;2;128;128;128m[0m
  [38;2;250;235;215mres://tests/simulation/test_endgame_strategy.gd[0m[38;2;128;128;128m > [0m[38;2;250;235;215mtest_the_shipped_profile_keeps_the_miss_window_above_its_own_floor[0m[38;2;34;139;34m STARTED[0m[38;2;128;128;128m[0m
  [38;2;250;235;215mres://tests/simulation/test_endgame_strategy.gd[0m[38;2;128;128;128m > [0m[38;2;250;235;215mtest_the_shipped_profile_keeps_the_miss_window_above_its_own_floor[0m[38;2;34;139;34m PASSED[0m[38;2;100;149;237m 28ms[0m
[38;2;128;128;128m[0m
  [38;2;250;235;215mres://tests/simulation/test_endgame_strategy.gd[0m[38;2;128;128;128m > [0m[38;2;250;235;215mtest_intentional_miss_never_touches_free_throw_probability[0m[38;2;34;139;34m STARTED[0m[38;2;128;128;128m[0m
  [38;2;250;235;215mres://tests/simulation/test_endgame_strategy.gd[0m[38;2;128;128;128m > [0m[38;2;250;235;215mtest_intentional_miss_never_touches_free_throw_probability[0m[38;2;34;139;34m PASSED[0m[38;2;100;149;237m 174ms[0m
[38;2;128;128;128m[0m
  [38;2;250;235;215mres://tests/simulation/test_endgame_strategy.gd[0m[38;2;128;128;128m > [0m[38;2;250;235;215mtest_timeout_advance_needs_the_rule_flag_a_trailing_margin_a_timeout_and_the_window[0m[38;2;34;139;34m STARTED[0m[38;2;128;128;128m[0m
  [38;2;250;235;215mres://tests/simulation/test_endgame_strategy.gd[0m[38;2;128;128;128m > [0m[38;2;250;235;215mtest_timeout_advance_needs_the_rule_flag_a_trailing_margin_a_timeout_and_the_window[0m[38;2;34;139;34m PASSED[0m[38;2;100;149;237m 44ms[0m
[38;2;128;128;128m[0m
  [38;2;250;235;215mres://tests/simulation/test_endgame_strategy.gd[0m[38;2;128;128;128m > [0m[38;2;250;235;215mtest_timeout_advance_is_a_decision_rather_than_an_automatic_expenditure[0m[38;2;34;139;34m STARTED[0m[38;2;128;128;128m[0m
  [38;2;250;235;215mres://tests/simulation/test_endgame_strategy.gd[0m[38;2;128;128;128m > [0m[38;2;250;235;215mtest_timeout_advance_is_a_decision_rather_than_an_automatic_expenditure[0m[38;2;34;139;34m PASSED[0m[38;2;100;149;237m 40ms[0m
[38;2;128;128;128m[0m
  [38;2;250;235;215mres://tests/simulation/test_endgame_strategy.gd[0m[38;2;128;128;128m > [0m[38;2;250;235;215mtest_the_timeout_advance_window_is_no_wider_than_the_benefit_it_buys[0m[38;2;34;139;34m STARTED[0m[38;2;128;128;128m[0m
  [38;2;250;235;215mres://tests/simulation/test_endgame_strategy.gd[0m[38;2;128;128;128m > [0m[38;2;250;235;215mtest_the_timeout_advance_window_is_no_wider_than_the_benefit_it_buys[0m[38;2;34;139;34m PASSED[0m[38;2;100;149;237m 21ms[0m
[38;2;128;128;128m[0m
  [38;2;250;235;215mres://tests/simulation/test_endgame_strategy.gd[0m[38;2;128;128;128m > [0m[38;2;250;235;215mtest_a_timeout_advance_possession_skips_the_backcourt_walk[0m[38;2;34;139;34m STARTED[0m[38;2;128;128;128m[0m
  [38;2;250;235;215mres://tests/simulation/test_endgame_strategy.gd[0m[38;2;128;128;128m > [0m[38;2;250;235;215mtest_a_timeout_advance_possession_skips_the_backcourt_walk[0m[38;2;34;139;34m PASSED[0m[38;2;100;149;237m 122ms[0m
[38;2;128;128;128m[0m
  [38;2;250;235;215mres://tests/simulation/test_endgame_strategy.gd[0m[38;2;128;128;128m > [0m[38;2;250;235;215mtest_leading_by_three_foul_fires_only_when_eligible[0m[38;2;34;139;34m STARTED[0m[38;2;128;128;128m[0m
  [38;2;250;235;215mres://tests/simulation/test_endgame_strategy.gd[0m[38;2;128;128;128m > [0m[38;2;250;235;215mtest_leading_by_three_foul_fires_only_when_eligible[0m[38;2;34;139;34m PASSED[0m[38;2;100;149;237m 33ms[0m
[38;2;128;128;128m[0m
  [38;2;250;235;215mres://tests/simulation/test_endgame_strategy.gd[0m[38;2;128;128;128m > [0m[38;2;250;235;215mtest_leading_by_three_foul_refuses_when_ineligible[0m[38;2;34;139;34m STARTED[0m[38;2;128;128;128m[0m
  [38;2;250;235;215mres://tests/simulation/test_endgame_strategy.gd[0m[38;2;128;128;128m > [0m[38;2;250;235;215mtest_leading_by_three_foul_refuses_when_ineligible[0m[38;2;34;139;34m PASSED[0m[38;2;100;149;237m 39ms[0m
[38;2;128;128;128m[0m
  [38;2;250;235;215mres://tests/simulation/test_endgame_strategy.gd[0m[38;2;128;128;128m > [0m[38;2;250;235;215mtest_leading_by_three_foul_refuses_outside_the_bonus[0m[38;2;34;139;34m STARTED[0m[38;2;128;128;128m[0m
  [38;2;250;235;215mres://tests/simulation/test_endgame_strategy.gd[0m[38;2;128;128;128m > [0m[38;2;250;235;215mtest_leading_by_three_foul_refuses_outside_the_bonus[0m[38;2;34;139;34m PASSED[0m[38;2;100;149;237m 34ms[0m
[38;2;128;128;128m[0m
  [38;2;250;235;215mres://tests/simulation/test_endgame_strategy.gd[0m[38;2;128;128;128m > [0m[38;2;250;235;215mtest_two_for_one_and_designed_play_are_reachable_in_real_games[0m[38;2;34;139;34m STARTED[0m[38;2;128;128;128m[0m
  [38;2;250;235;215mres://tests/simulation/test_endgame_strategy.gd[0m[38;2;128;128;128m > [0m[38;2;250;235;215mtest_two_for_one_and_designed_play_are_reachable_in_real_games[0m[38;2;34;139;34m PASSED[0m[38;2;100;149;237m 3min 2s 971ms[0m
[38;2;128;128;128m[0m
[38;2;30;144;255mStatistics:[0m[38;2;128;128;128m 35 test cases | 0 errors | 0 failures | 0 flaky | 0 skipped | 0 orphans |[0m[38;2;34;139;34m PASSED[0m[38;2;100;149;237m 3min 5s 335ms[0m
[38;2;128;128;128m[0m
[38;2;128;128;128m[0m
[38;2;0;206;209mRun Test Suite: [0m[38;2;250;235;215mres://tests/simulation/test_event_stat_reconciliation.gd[0m
  [38;2;250;235;215mres://tests/simulation/test_event_stat_reconciliation.gd[0m[38;2;128;128;128m > [0m[38;2;250;235;215mtest_box_score_reconciles_from_events_in_every_scenario[0m[38;2;34;139;34m STARTED[0m[38;2;128;128;128m[0m
  [38;2;250;235;215mres://tests/simulation/test_event_stat_reconciliation.gd[0m[38;2;128;128;128m > [0m[38;2;250;235;215mtest_box_score_reconciles_from_events_in_every_scenario[0m[38;2;34;139;34m PASSED[0m[38;2;100;149;237m 28ms[0m
[38;2;128;128;128m[0m
  [38;2;250;235;215mres://tests/simulation/test_event_stat_reconciliation.gd[0m[38;2;128;128;128m > [0m[38;2;250;235;215mtest_projection_state_and_result_agree_on_score[0m[38;2;34;139;34m STARTED[0m[38;2;128;128;128m[0m
  [38;2;250;235;215mres://tests/simulation/test_event_stat_reconciliation.gd[0m[38;2;128;128;128m > [0m[38;2;250;235;215mtest_projection_state_and_result_agree_on_score[0m[38;2;34;139;34m PASSED[0m[38;2;100;149;237m 30ms[0m
[38;2;128;128;128m[0m
  [38;2;250;235;215mres://tests/simulation/test_event_stat_reconciliation.gd[0m[38;2;128;128;128m > [0m[38;2;250;235;215mtest_every_scoring_event_appears_exactly_once[0m[38;2;34;139;34m STARTED[0m[38;2;128;128;128m[0m
  [38;2;250;235;215mres://tests/simulation/test_event_stat_reconciliation.gd[0m[38;2;128;128;128m > [0m[38;2;250;235;215mtest_every_scoring_event_appears_exactly_once[0m[38;2;34;139;34m PASSED[0m[38;2;100;149;237m 55ms[0m
[38;2;128;128;128m[0m
  [38;2;250;235;215mres://tests/simulation/test_event_stat_reconciliation.gd[0m[38;2;128;128;128m > [0m[38;2;250;235;215mtest_period_scores_sum_to_the_final_score[0m[38;2;34;139;34m STARTED[0m[38;2;128;128;128m[0m
  [38;2;250;235;215mres://tests/simulation/test_event_stat_reconciliation.gd[0m[38;2;128;128;128m > [0m[38;2;250;235;215mtest_period_scores_sum_to_the_final_score[0m[38;2;34;139;34m PASSED[0m[38;2;100;149;237m 48ms[0m
[38;2;128;128;128m[0m
  [38;2;250;235;215mres://tests/simulation/test_event_stat_reconciliation.gd[0m[38;2;128;128;128m > [0m[38;2;250;235;215mtest_engine_possessions_and_estimate_are_separate[0m[38;2;34;139;34m STARTED[0m[38;2;128;128;128m[0m
  [38;2;250;235;215mres://tests/simulation/test_event_stat_reconciliation.gd[0m[38;2;128;128;128m > [0m[38;2;250;235;215mtest_engine_possessions_and_estimate_are_separate[0m[38;2;34;139;34m PASSED[0m[38;2;100;149;237m 88ms[0m
[38;2;128;128;128m[0m
  [38;2;250;235;215mres://tests/simulation/test_event_stat_reconciliation.gd[0m[38;2;128;128;128m > [0m[38;2;250;235;215mtest_event_ledger_is_contiguous[0m[38;2;34;139;34m STARTED[0m[38;2;128;128;128m[0m
  [38;2;250;235;215mres://tests/simulation/test_event_stat_reconciliation.gd[0m[38;2;128;128;128m > [0m[38;2;250;235;215mtest_event_ledger_is_contiguous[0m[38;2;34;139;34m PASSED[0m[38;2;100;149;237m 375ms[0m
[38;2;128;128;128m[0m
  [38;2;250;235;215mres://tests/simulation/test_event_stat_reconciliation.gd[0m[38;2;128;128;128m > [0m[38;2;250;235;215mtest_role_evaluation_evidence_comes_from_events[0m[38;2;34;139;34m STARTED[0m[38;2;128;128;128m[0m
  [38;2;250;235;215mres://tests/simulation/test_event_stat_reconciliation.gd[0m[38;2;128;128;128m > [0m[38;2;250;235;215mtest_role_evaluation_evidence_comes_from_events[0m[38;2;34;139;34m PASSED[0m[38;2;100;149;237m 29ms[0m
[38;2;128;128;128m[0m
  [38;2;250;235;215mres://tests/simulation/test_event_stat_reconciliation.gd[0m[38;2;128;128;128m > [0m[38;2;250;235;215mtest_paint_summary_matches_the_zones_in_the_ledger[0m[38;2;34;139;34m STARTED[0m[38;2;128;128;128m[0m
  [38;2;250;235;215mres://tests/simulation/test_event_stat_reconciliation.gd[0m[38;2;128;128;128m > [0m[38;2;250;235;215mtest_paint_summary_matches_the_zones_in_the_ledger[0m[38;2;34;139;34m PASSED[0m[38;2;100;149;237m 49ms[0m
[38;2;128;128;128m[0m
[38;2;30;144;255mStatistics:[0m[38;2;128;128;128m 8 test cases | 0 errors | 0 failures | 0 flaky | 0 skipped | 0 orphans |[0m[38;2;34;139;34m PASSED[0m[38;2;100;149;237m 855ms[0m
[38;2;128;128;128m[0m
[38;2;128;128;128m[0m
[38;2;0;206;209mRun Test Suite: [0m[38;2;250;235;215mres://tests/simulation/test_fatigue.gd[0m
  [38;2;250;235;215mres://tests/simulation/test_fatigue.gd[0m[38;2;128;128;128m > [0m[38;2;250;235;215mtest_fatigue_accumulates_on_court_and_recovers_on_the_bench[0m[38;2;34;139;34m STARTED[0m[38;2;128;128;128m[0m
  [38;2;250;235;215mres://tests/simulation/test_fatigue.gd[0m[38;2;128;128;128m > [0m[38;2;250;235;215mtest_fatigue_accumulates_on_court_and_recovers_on_the_bench[0m[38;2;34;139;34m PASSED[0m[38;2;100;149;237m 691ms[0m
[38;2;128;128;128m[0m
  [38;2;250;235;215mres://tests/simulation/test_fatigue.gd[0m[38;2;128;128;128m > [0m[38;2;250;235;215mtest_stamina_changes_accumulated_fatigue_over_a_match[0m[38;2;34;139;34m STARTED[0m[38;2;128;128;128m[0m
  [38;2;250;235;215mres://tests/simulation/test_fatigue.gd[0m[38;2;128;128;128m > [0m[38;2;250;235;215mtest_stamina_changes_accumulated_fatigue_over_a_match[0m[38;2;34;139;34m PASSED[0m[38;2;100;149;237m 975ms[0m
[38;2;128;128;128m[0m
  [38;2;250;235;215mres://tests/simulation/test_fatigue.gd[0m[38;2;128;128;128m > [0m[38;2;250;235;215mtest_fatigue_penalty_is_not_uniform_across_capabilities[0m[38;2;34;139;34m STARTED[0m[38;2;128;128;128m[0m
  [38;2;250;235;215mres://tests/simulation/test_fatigue.gd[0m[38;2;128;128;128m > [0m[38;2;250;235;215mtest_fatigue_penalty_is_not_uniform_across_capabilities[0m[38;2;34;139;34m PASSED[0m[38;2;100;149;237m 24ms[0m
[38;2;128;128;128m[0m
  [38;2;250;235;215mres://tests/simulation/test_fatigue.gd[0m[38;2;128;128;128m > [0m[38;2;250;235;215mtest_fatigue_band_penalty_is_monotonic_from_zero[0m[38;2;34;139;34m STARTED[0m[38;2;128;128;128m[0m
  [38;2;250;235;215mres://tests/simulation/test_fatigue.gd[0m[38;2;128;128;128m > [0m[38;2;250;235;215mtest_fatigue_band_penalty_is_monotonic_from_zero[0m[38;2;34;139;34m PASSED[0m[38;2;100;149;237m 26ms[0m
[38;2;128;128;128m[0m
  [38;2;250;235;215mres://tests/simulation/test_fatigue.gd[0m[38;2;128;128;128m > [0m[38;2;250;235;215mtest_fatigue_drives_substitutions[0m[38;2;34;139;34m STARTED[0m[38;2;128;128;128m[0m
  [38;2;250;235;215mres://tests/simulation/test_fatigue.gd[0m[38;2;128;128;128m > [0m[38;2;250;235;215mtest_fatigue_drives_substitutions[0m[38;2;34;139;34m PASSED[0m[38;2;100;149;237m 29ms[0m
[38;2;128;128;128m[0m
[38;2;30;144;255mStatistics:[0m[38;2;128;128;128m 5 test cases | 0 errors | 0 failures | 0 flaky | 0 skipped | 0 orphans |[0m[38;2;34;139;34m PASSED[0m[38;2;100;149;237m 1s 824ms[0m
[38;2;128;128;128m[0m
[38;2;128;128;128m[0m
[38;2;0;206;209mRun Test Suite: [0m[38;2;250;235;215mres://tests/simulation/test_fouls_and_free_throws.gd[0m
  [38;2;250;235;215mres://tests/simulation/test_fouls_and_free_throws.gd[0m[38;2;128;128;128m > [0m[38;2;250;235;215mtest_multiple_foul_types_occur_across_the_fixture_set[0m[38;2;34;139;34m STARTED[0m[38;2;128;128;128m[0m
  [38;2;250;235;215mres://tests/simulation/test_fouls_and_free_throws.gd[0m[38;2;128;128;128m > [0m[38;2;250;235;215mtest_multiple_foul_types_occur_across_the_fixture_set[0m[38;2;34;139;34m PASSED[0m[38;2;100;149;237m 32ms[0m
[38;2;128;128;128m[0m
  [38;2;250;235;215mres://tests/simulation/test_fouls_and_free_throws.gd[0m[38;2;128;128;128m > [0m[38;2;250;235;215mtest_offensive_fouls_become_turnovers_and_do_not_advance_the_bonus[0m[38;2;34;139;34m STARTED[0m[38;2;128;128;128m[0m
  [38;2;250;235;215mres://tests/simulation/test_fouls_and_free_throws.gd[0m[38;2;128;128;128m > [0m[38;2;250;235;215mtest_offensive_fouls_become_turnovers_and_do_not_advance_the_bonus[0m[38;2;34;139;34m PASSED[0m[38;2;100;149;237m 26ms[0m
[38;2;128;128;128m[0m
  [38;2;250;235;215mres://tests/simulation/test_fouls_and_free_throws.gd[0m[38;2;128;128;128m > [0m[38;2;250;235;215mtest_and_one_awards_exactly_one_attempt_after_a_made_basket[0m[38;2;34;139;34m STARTED[0m[38;2;128;128;128m[0m
  [38;2;250;235;215mres://tests/simulation/test_fouls_and_free_throws.gd[0m[38;2;128;128;128m > [0m[38;2;250;235;215mtest_and_one_awards_exactly_one_attempt_after_a_made_basket[0m[38;2;34;139;34m PASSED[0m[38;2;100;149;237m 27ms[0m
[38;2;128;128;128m[0m
  [38;2;250;235;215mres://tests/simulation/test_fouls_and_free_throws.gd[0m[38;2;128;128;128m > [0m[38;2;250;235;215mtest_free_throw_attempts_are_attributed_exactly_once[0m[38;2;34;139;34m STARTED[0m[38;2;128;128;128m[0m
  [38;2;250;235;215mres://tests/simulation/test_fouls_and_free_throws.gd[0m[38;2;128;128;128m > [0m[38;2;250;235;215mtest_free_throw_attempts_are_attributed_exactly_once[0m[38;2;34;139;34m PASSED[0m[38;2;100;149;237m 102ms[0m
[38;2;128;128;128m[0m
  [38;2;250;235;215mres://tests/simulation/test_fouls_and_free_throws.gd[0m[38;2;128;128;128m > [0m[38;2;250;235;215mtest_one_and_one_second_attempt_must_be_earned[0m[38;2;34;139;34m STARTED[0m[38;2;128;128;128m[0m
  [38;2;250;235;215mres://tests/simulation/test_fouls_and_free_throws.gd[0m[38;2;128;128;128m > [0m[38;2;250;235;215mtest_one_and_one_second_attempt_must_be_earned[0m[38;2;34;139;34m PASSED[0m[38;2;100;149;237m 846ms[0m
[38;2;128;128;128m[0m
  [38;2;250;235;215mres://tests/simulation/test_fouls_and_free_throws.gd[0m[38;2;128;128;128m > [0m[38;2;250;235;215mtest_awarded_free_throws_survive_the_period_buzzer[0m[38;2;34;139;34m STARTED[0m[38;2;128;128;128m[0m
  [38;2;250;235;215mres://tests/simulation/test_fouls_and_free_throws.gd[0m[38;2;128;128;128m > [0m[38;2;250;235;215mtest_awarded_free_throws_survive_the_period_buzzer[0m[38;2;34;139;34m PASSED[0m[38;2;100;149;237m 31ms[0m
[38;2;128;128;128m[0m
  [38;2;250;235;215mres://tests/simulation/test_fouls_and_free_throws.gd[0m[38;2;128;128;128m > [0m[38;2;250;235;215mtest_missed_final_free_throw_is_reboundable[0m[38;2;34;139;34m STARTED[0m[38;2;128;128;128m[0m
  [38;2;250;235;215mres://tests/simulation/test_fouls_and_free_throws.gd[0m[38;2;128;128;128m > [0m[38;2;250;235;215mtest_missed_final_free_throw_is_reboundable[0m[38;2;34;139;34m PASSED[0m[38;2;100;149;237m 63ms[0m
[38;2;128;128;128m[0m
  [38;2;250;235;215mres://tests/simulation/test_fouls_and_free_throws.gd[0m[38;2;128;128;128m > [0m[38;2;250;235;215mtest_bonus_state_converts_non_shooting_fouls_into_free_throws[0m[38;2;34;139;34m STARTED[0m[38;2;128;128;128m[0m
  [38;2;250;235;215mres://tests/simulation/test_fouls_and_free_throws.gd[0m[38;2;128;128;128m > [0m[38;2;250;235;215mtest_bonus_state_converts_non_shooting_fouls_into_free_throws[0m[38;2;34;139;34m PASSED[0m[38;2;100;149;237m 73ms[0m
[38;2;128;128;128m[0m
  [38;2;250;235;215mres://tests/simulation/test_fouls_and_free_throws.gd[0m[38;2;128;128;128m > [0m[38;2;250;235;215mtest_foul_out_removes_the_player_and_replaces_him[0m[38;2;34;139;34m STARTED[0m[38;2;128;128;128m[0m
  [38;2;250;235;215mres://tests/simulation/test_fouls_and_free_throws.gd[0m[38;2;128;128;128m > [0m[38;2;250;235;215mtest_foul_out_removes_the_player_and_replaces_him[0m[38;2;34;139;34m PASSED[0m[38;2;100;149;237m 54ms[0m
[38;2;128;128;128m[0m
  [38;2;250;235;215mres://tests/simulation/test_fouls_and_free_throws.gd[0m[38;2;128;128;128m > [0m[38;2;250;235;215mtest_team_fouls_reset_each_period_and_personal_fouls_do_not[0m[38;2;34;139;34m STARTED[0m[38;2;128;128;128m[0m
  [38;2;250;235;215mres://tests/simulation/test_fouls_and_free_throws.gd[0m[38;2;128;128;128m > [0m[38;2;250;235;215mtest_team_fouls_reset_each_period_and_personal_fouls_do_not[0m[38;2;34;139;34m PASSED[0m[38;2;100;149;237m 663ms[0m
[38;2;128;128;128m[0m
[38;2;30;144;255mStatistics:[0m[38;2;128;128;128m 10 test cases | 0 errors | 0 failures | 0 flaky | 0 skipped | 0 orphans |[0m[38;2;34;139;34m PASSED[0m[38;2;100;149;237m 2s 185ms[0m
[38;2;128;128;128m[0m
[38;2;128;128;128m[0m
[38;2;0;206;209mRun Test Suite: [0m[38;2;250;235;215mres://tests/simulation/test_free_throw_stopped_clock.gd[0m
  [38;2;250;235;215mres://tests/simulation/test_free_throw_stopped_clock.gd[0m[38;2;128;128;128m > [0m[38;2;250;235;215mtest_all_profiles_preserve_both_clocks_and_playing_time_during_attempts[0m[38;2;34;139;34m STARTED[0m[38;2;128;128;128m[0m
  [38;2;250;235;215mres://tests/simulation/test_free_throw_stopped_clock.gd[0m[38;2;128;128;128m > [0m[38;2;250;235;215mtest_all_profiles_preserve_both_clocks_and_playing_time_during_attempts[0m[38;2;34;139;34m PASSED[0m[38;2;100;149;237m 18s 433ms[0m
[38;2;128;128;128m[0m
  [38;2;250;235;215mres://tests/simulation/test_free_throw_stopped_clock.gd[0m[38;2;128;128;128m > [0m[38;2;250;235;215mtest_awarded_one_two_and_three_shot_trips_preserve_the_whistle_clock[0m[38;2;34;139;34m STARTED[0m[38;2;128;128;128m[0m
  [38;2;250;235;215mres://tests/simulation/test_free_throw_stopped_clock.gd[0m[38;2;128;128;128m > [0m[38;2;250;235;215mtest_awarded_one_two_and_three_shot_trips_preserve_the_whistle_clock[0m[38;2;34;139;34m PASSED[0m[38;2;100;149;237m 169ms[0m
[38;2;128;128;128m[0m
  [38;2;250;235;215mres://tests/simulation/test_free_throw_stopped_clock.gd[0m[38;2;128;128;128m > [0m[38;2;250;235;215mtest_one_and_one_earns_second_attempt_only_after_first_make[0m[38;2;34;139;34m STARTED[0m[38;2;128;128;128m[0m
  [38;2;250;235;215mres://tests/simulation/test_free_throw_stopped_clock.gd[0m[38;2;128;128;128m > [0m[38;2;250;235;215mtest_one_and_one_earns_second_attempt_only_after_first_make[0m[38;2;34;139;34m PASSED[0m[38;2;100;149;237m 1s 296ms[0m
[38;2;128;128;128m[0m
  [38;2;250;235;215mres://tests/simulation/test_free_throw_stopped_clock.gd[0m[38;2;128;128;128m > [0m[38;2;250;235;215mtest_intentional_miss_keeps_time_then_live_rebound_consumes_it[0m[38;2;34;139;34m STARTED[0m[38;2;128;128;128m[0m
  [38;2;250;235;215mres://tests/simulation/test_free_throw_stopped_clock.gd[0m[38;2;128;128;128m > [0m[38;2;250;235;215mtest_intentional_miss_keeps_time_then_live_rebound_consumes_it[0m[38;2;34;139;34m PASSED[0m[38;2;100;149;237m 36ms[0m
[38;2;128;128;128m[0m
[38;2;30;144;255mStatistics:[0m[38;2;128;128;128m 4 test cases | 0 errors | 0 failures | 0 flaky | 0 skipped | 0 orphans |[0m[38;2;34;139;34m PASSED[0m[38;2;100;149;237m 20s 15ms[0m
[38;2;128;128;128m[0m
[38;2;128;128;128m[0m
[38;2;0;206;209mRun Test Suite: [0m[38;2;250;235;215mres://tests/simulation/test_full_game_determinism.gd[0m
  [38;2;250;235;215mres://tests/simulation/test_full_game_determinism.gd[0m[38;2;128;128;128m > [0m[38;2;250;235;215mtest_same_seed_reproduces_complete_result_and_ledger[0m[38;2;34;139;34m STARTED[0m[38;2;128;128;128m[0m
  [38;2;250;235;215mres://tests/simulation/test_full_game_determinism.gd[0m[38;2;128;128;128m > [0m[38;2;250;235;215mtest_same_seed_reproduces_complete_result_and_ledger[0m[38;2;34;139;34m PASSED[0m[38;2;100;149;237m 3s 926ms[0m
[38;2;128;128;128m[0m
  [38;2;250;235;215mres://tests/simulation/test_full_game_determinism.gd[0m[38;2;128;128;128m > [0m[38;2;250;235;215mtest_different_seed_changes_complete_result_or_ledger[0m[38;2;34;139;34m STARTED[0m[38;2;128;128;128m[0m
  [38;2;250;235;215mres://tests/simulation/test_full_game_determinism.gd[0m[38;2;128;128;128m > [0m[38;2;250;235;215mtest_different_seed_changes_complete_result_or_ledger[0m[38;2;34;139;34m PASSED[0m[38;2;100;149;237m 3s 813ms[0m
[38;2;128;128;128m[0m
[38;2;30;144;255mStatistics:[0m[38;2;128;128;128m 2 test cases | 0 errors | 0 failures | 0 flaky | 0 skipped | 0 orphans |[0m[38;2;34;139;34m PASSED[0m[38;2;100;149;237m 7s 777ms[0m
[38;2;128;128;128m[0m
[38;2;128;128;128m[0m
[38;2;0;206;209mRun Test Suite: [0m[38;2;250;235;215mres://tests/simulation/test_game_management.gd[0m
  [38;2;250;235;215mres://tests/simulation/test_game_management.gd[0m[38;2;128;128;128m > [0m[38;2;250;235;215mtest_pressure_is_zero_through_ordinary_basketball[0m[38;2;34;139;34m STARTED[0m[38;2;128;128;128m[0m
  [38;2;250;235;215mres://tests/simulation/test_game_management.gd[0m[38;2;128;128;128m > [0m[38;2;250;235;215mtest_pressure_is_zero_through_ordinary_basketball[0m[38;2;34;139;34m PASSED[0m[38;2;100;149;237m 42ms[0m
[38;2;128;128;128m[0m
  [38;2;250;235;215mres://tests/simulation/test_game_management.gd[0m[38;2;128;128;128m > [0m[38;2;250;235;215mtest_pressure_reaches_its_ceiling_when_the_clock_runs_out[0m[38;2;34;139;34m STARTED[0m[38;2;128;128;128m[0m
  [38;2;250;235;215mres://tests/simulation/test_game_management.gd[0m[38;2;128;128;128m > [0m[38;2;250;235;215mtest_pressure_reaches_its_ceiling_when_the_clock_runs_out[0m[38;2;34;139;34m PASSED[0m[38;2;100;149;237m 31ms[0m
[38;2;128;128;128m[0m
  [38;2;250;235;215mres://tests/simulation/test_game_management.gd[0m[38;2;128;128;128m > [0m[38;2;250;235;215mtest_a_large_early_margin_is_not_an_endgame[0m[38;2;34;139;34m STARTED[0m[38;2;128;128;128m[0m
  [38;2;250;235;215mres://tests/simulation/test_game_management.gd[0m[38;2;128;128;128m > [0m[38;2;250;235;215mtest_a_large_early_margin_is_not_an_endgame[0m[38;2;34;139;34m PASSED[0m[38;2;100;149;237m 34ms[0m
[38;2;128;128;128m[0m
  [38;2;250;235;215mres://tests/simulation/test_game_management.gd[0m[38;2;128;128;128m > [0m[38;2;250;235;215mtest_both_teams_share_one_pressure[0m[38;2;34;139;34m STARTED[0m[38;2;128;128;128m[0m
  [38;2;250;235;215mres://tests/simulation/test_game_management.gd[0m[38;2;128;128;128m > [0m[38;2;250;235;215mtest_both_teams_share_one_pressure[0m[38;2;34;139;34m PASSED[0m[38;2;100;149;237m 33ms[0m
[38;2;128;128;128m[0m
  [38;2;250;235;215mres://tests/simulation/test_game_management.gd[0m[38;2;128;128;128m > [0m[38;2;250;235;215mtest_the_policy_mirrors_when_the_scoreboard_is_reversed[0m[38;2;34;139;34m STARTED[0m[38;2;128;128;128m[0m
  [38;2;250;235;215mres://tests/simulation/test_game_management.gd[0m[38;2;128;128;128m > [0m[38;2;250;235;215mtest_the_policy_mirrors_when_the_scoreboard_is_reversed[0m[38;2;34;139;34m PASSED[0m[38;2;100;149;237m 32ms[0m
[38;2;128;128;128m[0m
  [38;2;250;235;215mres://tests/simulation/test_game_management.gd[0m[38;2;128;128;128m > [0m[38;2;250;235;215mtest_the_policy_cannot_read_strength_or_an_intended_winner[0m[38;2;34;139;34m STARTED[0m[38;2;128;128;128m[0m
  [38;2;250;235;215mres://tests/simulation/test_game_management.gd[0m[38;2;128;128;128m > [0m[38;2;250;235;215mtest_the_policy_cannot_read_strength_or_an_intended_winner[0m[38;2;34;139;34m PASSED[0m[38;2;100;149;237m 36ms[0m
[38;2;128;128;128m[0m
  [38;2;250;235;215mres://tests/simulation/test_game_management.gd[0m[38;2;128;128;128m > [0m[38;2;250;235;215mtest_pace_control_is_bounded[0m[38;2;34;139;34m STARTED[0m[38;2;128;128;128m[0m
  [38;2;250;235;215mres://tests/simulation/test_game_management.gd[0m[38;2;128;128;128m > [0m[38;2;250;235;215mtest_pace_control_is_bounded[0m[38;2;34;139;34m PASSED[0m[38;2;100;149;237m 44ms[0m
[38;2;128;128;128m[0m
  [38;2;250;235;215mres://tests/simulation/test_game_management.gd[0m[38;2;128;128;128m > [0m[38;2;250;235;215mtest_the_chasing_strategy_changes_selection_and_stays_inside_its_guardrail[0m[38;2;34;139;34m STARTED[0m[38;2;128;128;128m[0m
  [38;2;250;235;215mres://tests/simulation/test_game_management.gd[0m[38;2;128;128;128m > [0m[38;2;250;235;215mtest_the_chasing_strategy_changes_selection_and_stays_inside_its_guardrail[0m[38;2;34;139;34m PASSED[0m[38;2;100;149;237m 35ms[0m
[38;2;128;128;128m[0m
  [38;2;250;235;215mres://tests/simulation/test_game_management.gd[0m[38;2;128;128;128m > [0m[38;2;250;235;215mtest_the_score_grants_no_shot_probability[0m[38;2;34;139;34m STARTED[0m[38;2;128;128;128m[0m
  [38;2;250;235;215mres://tests/simulation/test_game_management.gd[0m[38;2;128;128;128m > [0m[38;2;250;235;215mtest_the_score_grants_no_shot_probability[0m[38;2;34;139;34m PASSED[0m[38;2;100;149;237m 40ms[0m
[38;2;128;128;128m[0m
  [38;2;250;235;215mres://tests/simulation/test_game_management.gd[0m[38;2;128;128;128m > [0m[38;2;250;235;215mtest_the_free_throw_pressure_term_is_symmetric[0m[38;2;34;139;34m STARTED[0m[38;2;128;128;128m[0m
  [38;2;250;235;215mres://tests/simulation/test_game_management.gd[0m[38;2;128;128;128m > [0m[38;2;250;235;215mtest_the_free_throw_pressure_term_is_symmetric[0m[38;2;34;139;34m PASSED[0m[38;2;100;149;237m 41ms[0m
[38;2;128;128;128m[0m
  [38;2;250;235;215mres://tests/simulation/test_game_management.gd[0m[38;2;128;128;128m > [0m[38;2;250;235;215mtest_the_endgame_rule_seeks_the_tying_shot_value[0m[38;2;34;139;34m STARTED[0m[38;2;128;128;128m[0m
  [38;2;250;235;215mres://tests/simulation/test_game_management.gd[0m[38;2;128;128;128m > [0m[38;2;250;235;215mtest_the_endgame_rule_seeks_the_tying_shot_value[0m[38;2;34;139;34m PASSED[0m[38;2;100;149;237m 42ms[0m
[38;2;128;128;128m[0m
  [38;2;250;235;215mres://tests/simulation/test_game_management.gd[0m[38;2;128;128;128m > [0m[38;2;250;235;215mtest_the_endgame_rule_applies_only_to_a_levelling_deficit[0m[38;2;34;139;34m STARTED[0m[38;2;128;128;128m[0m
  [38;2;250;235;215mres://tests/simulation/test_game_management.gd[0m[38;2;128;128;128m > [0m[38;2;250;235;215mtest_the_endgame_rule_applies_only_to_a_levelling_deficit[0m[38;2;34;139;34m PASSED[0m[38;2;100;149;237m 35ms[0m
[38;2;128;128;128m[0m
  [38;2;250;235;215mres://tests/simulation/test_game_management.gd[0m[38;2;128;128;128m > [0m[38;2;250;235;215mtest_every_competition_grants_a_bounded_timeout_allowance[0m[38;2;34;139;34m STARTED[0m[38;2;128;128;128m[0m
  [38;2;250;235;215mres://tests/simulation/test_game_management.gd[0m[38;2;128;128;128m > [0m[38;2;250;235;215mtest_every_competition_grants_a_bounded_timeout_allowance[0m[38;2;34;139;34m PASSED[0m[38;2;100;149;237m 22ms[0m
[38;2;128;128;128m[0m
  [38;2;250;235;215mres://tests/simulation/test_game_management.gd[0m[38;2;128;128;128m > [0m[38;2;250;235;215mtest_timeouts_are_spent_and_never_replenished[0m[38;2;34;139;34m STARTED[0m[38;2;128;128;128m[0m
  [38;2;250;235;215mres://tests/simulation/test_game_management.gd[0m[38;2;128;128;128m > [0m[38;2;250;235;215mtest_timeouts_are_spent_and_never_replenished[0m[38;2;34;139;34m PASSED[0m[38;2;100;149;237m 17s 628ms[0m
[38;2;128;128;128m[0m
  [38;2;250;235;215mres://tests/simulation/test_game_management.gd[0m[38;2;128;128;128m > [0m[38;2;250;235;215mtest_timeouts_trigger_only_under_valid_conditions[0m[38;2;34;139;34m STARTED[0m[38;2;128;128;128m[0m
  [38;2;250;235;215mres://tests/simulation/test_game_management.gd[0m[38;2;128;128;128m > [0m[38;2;250;235;215mtest_timeouts_trigger_only_under_valid_conditions[0m[38;2;34;139;34m PASSED[0m[38;2;100;149;237m 8min 0s 911ms[0m
[38;2;128;128;128m[0m
  [38;2;250;235;215mres://tests/simulation/test_game_management.gd[0m[38;2;128;128;128m > [0m[38;2;250;235;215mtest_a_timeout_rests_both_teams_equally[0m[38;2;34;139;34m STARTED[0m[38;2;128;128;128m[0m
  [38;2;250;235;215mres://tests/simulation/test_game_management.gd[0m[38;2;128;128;128m > [0m[38;2;250;235;215mtest_a_timeout_rests_both_teams_equally[0m[38;2;34;139;34m PASSED[0m[38;2;100;149;237m 35ms[0m
[38;2;128;128;128m[0m
[38;2;30;144;255mStatistics:[0m[38;2;128;128;128m 16 test cases | 0 errors | 0 failures | 0 flaky | 0 skipped | 0 orphans |[0m[38;2;34;139;34m PASSED[0m[38;2;100;149;237m 8min 19s 553ms[0m
[38;2;128;128;128m[0m
[38;2;128;128;128m[0m
[38;2;0;206;209mRun Test Suite: [0m[38;2;250;235;215mres://tests/simulation/test_game_stakes.gd[0m
  [38;2;250;235;215mres://tests/simulation/test_game_stakes.gd[0m[38;2;128;128;128m > [0m[38;2;250;235;215mtest_the_contract_is_exactly_three_ordered_tiers[0m[38;2;34;139;34m STARTED[0m[38;2;128;128;128m[0m
  [38;2;250;235;215mres://tests/simulation/test_game_stakes.gd[0m[38;2;128;128;128m > [0m[38;2;250;235;215mtest_the_contract_is_exactly_three_ordered_tiers[0m[38;2;34;139;34m PASSED[0m[38;2;100;149;237m 26ms[0m
[38;2;128;128;128m[0m
  [38;2;250;235;215mres://tests/simulation/test_game_stakes.gd[0m[38;2;128;128;128m > [0m[38;2;250;235;215mtest_a_match_built_without_stakes_is_a_regular_season_game[0m[38;2;34;139;34m STARTED[0m[38;2;128;128;128m[0m
  [38;2;250;235;215mres://tests/simulation/test_game_stakes.gd[0m[38;2;128;128;128m > [0m[38;2;250;235;215mtest_a_match_built_without_stakes_is_a_regular_season_game[0m[38;2;34;139;34m PASSED[0m[38;2;100;149;237m 214ms[0m
[38;2;128;128;128m[0m
  [38;2;250;235;215mres://tests/simulation/test_game_stakes.gd[0m[38;2;128;128;128m > [0m[38;2;250;235;215mtest_the_regular_tier_multiplies_every_effect_by_exactly_one[0m[38;2;34;139;34m STARTED[0m[38;2;128;128;128m[0m
  [38;2;250;235;215mres://tests/simulation/test_game_stakes.gd[0m[38;2;128;128;128m > [0m[38;2;250;235;215mtest_the_regular_tier_multiplies_every_effect_by_exactly_one[0m[38;2;34;139;34m PASSED[0m[38;2;100;149;237m 23ms[0m
[38;2;128;128;128m[0m
  [38;2;250;235;215mres://tests/simulation/test_game_stakes.gd[0m[38;2;128;128;128m > [0m[38;2;250;235;215mtest_the_default_and_an_explicit_regular_tier_are_the_same_game[0m[38;2;34;139;34m STARTED[0m[38;2;128;128;128m[0m
  [38;2;250;235;215mres://tests/simulation/test_game_stakes.gd[0m[38;2;128;128;128m > [0m[38;2;250;235;215mtest_the_default_and_an_explicit_regular_tier_are_the_same_game[0m[38;2;34;139;34m PASSED[0m[38;2;100;149;237m 8s 418ms[0m
[38;2;128;128;128m[0m
  [38;2;250;235;215mres://tests/simulation/test_game_stakes.gd[0m[38;2;128;128;128m > [0m[38;2;250;235;215mtest_every_tier_reproduces_byte_for_byte_and_across_executors[0m[38;2;34;139;34m STARTED[0m[38;2;128;128;128m[0m
  [38;2;250;235;215mres://tests/simulation/test_game_stakes.gd[0m[38;2;128;128;128m > [0m[38;2;250;235;215mtest_every_tier_reproduces_byte_for_byte_and_across_executors[0m[38;2;34;139;34m PASSED[0m[38;2;100;149;237m 41s 316ms[0m
[38;2;128;128;128m[0m
  [38;2;250;235;215mres://tests/simulation/test_game_stakes.gd[0m[38;2;128;128;128m > [0m[38;2;250;235;215mtest_the_four_authorized_thresholds_move_and_stay_bounded[0m[38;2;34;139;34m STARTED[0m[38;2;128;128;128m[0m
  [38;2;250;235;215mres://tests/simulation/test_game_stakes.gd[0m[38;2;128;128;128m > [0m[38;2;250;235;215mtest_the_four_authorized_thresholds_move_and_stay_bounded[0m[38;2;34;139;34m PASSED[0m[38;2;100;149;237m 32ms[0m
[38;2;128;128;128m[0m
  [38;2;250;235;215mres://tests/simulation/test_game_stakes.gd[0m[38;2;128;128;128m > [0m[38;2;250;235;215mtest_no_step_can_push_a_factor_past_the_declared_maximum[0m[38;2;34;139;34m STARTED[0m[38;2;128;128;128m[0m
  [38;2;250;235;215mres://tests/simulation/test_game_stakes.gd[0m[38;2;128;128;128m > [0m[38;2;250;235;215mtest_no_step_can_push_a_factor_past_the_declared_maximum[0m[38;2;34;139;34m PASSED[0m[38;2;100;149;237m 44ms[0m
[38;2;128;128;128m[0m
  [38;2;250;235;215mres://tests/simulation/test_game_stakes.gd[0m[38;2;128;128;128m > [0m[38;2;250;235;215mtest_higher_stakes_widen_and_sharpen_the_tie_seeking_window_only[0m[38;2;34;139;34m STARTED[0m[38;2;128;128;128m[0m
  [38;2;250;235;215mres://tests/simulation/test_game_stakes.gd[0m[38;2;128;128;128m > [0m[38;2;250;235;215mtest_higher_stakes_widen_and_sharpen_the_tie_seeking_window_only[0m[38;2;34;139;34m PASSED[0m[38;2;100;149;237m 43ms[0m
[38;2;128;128;128m[0m
  [38;2;250;235;215mres://tests/simulation/test_game_stakes.gd[0m[38;2;128;128;128m > [0m[38;2;250;235;215mtest_the_same_shot_resolves_identically_at_every_tier[0m[38;2;34;139;34m STARTED[0m[38;2;128;128;128m[0m
  [38;2;250;235;215mres://tests/simulation/test_game_stakes.gd[0m[38;2;128;128;128m > [0m[38;2;250;235;215mtest_the_same_shot_resolves_identically_at_every_tier[0m[38;2;34;139;34m PASSED[0m[38;2;100;149;237m 33ms[0m
[38;2;128;128;128m[0m
  [38;2;250;235;215mres://tests/simulation/test_game_stakes.gd[0m[38;2;128;128;128m > [0m[38;2;250;235;215mtest_turnover_foul_and_rebound_resolution_are_identical_at_every_tier[0m[38;2;34;139;34m STARTED[0m[38;2;128;128;128m[0m
  [38;2;250;235;215mres://tests/simulation/test_game_stakes.gd[0m[38;2;128;128;128m > [0m[38;2;250;235;215mtest_turnover_foul_and_rebound_resolution_are_identical_at_every_tier[0m[38;2;34;139;34m PASSED[0m[38;2;100;149;237m 33ms[0m
[38;2;128;128;128m[0m
  [38;2;250;235;215mres://tests/simulation/test_game_stakes.gd[0m[38;2;128;128;128m > [0m[38;2;250;235;215mtest_the_endgame_window_changes_selection_and_never_resolution[0m[38;2;34;139;34m STARTED[0m[38;2;128;128;128m[0m
  [38;2;250;235;215mres://tests/simulation/test_game_stakes.gd[0m[38;2;128;128;128m > [0m[38;2;250;235;215mtest_the_endgame_window_changes_selection_and_never_resolution[0m[38;2;34;139;34m PASSED[0m[38;2;100;149;237m 59ms[0m
[38;2;128;128;128m[0m
  [38;2;250;235;215mres://tests/simulation/test_game_stakes.gd[0m[38;2;128;128;128m > [0m[38;2;250;235;215mtest_no_rating_or_capability_moves_with_the_stakes[0m[38;2;34;139;34m STARTED[0m[38;2;128;128;128m[0m
  [38;2;250;235;215mres://tests/simulation/test_game_stakes.gd[0m[38;2;128;128;128m > [0m[38;2;250;235;215mtest_no_rating_or_capability_moves_with_the_stakes[0m[38;2;34;139;34m PASSED[0m[38;2;100;149;237m 116ms[0m
[38;2;128;128;128m[0m
  [38;2;250;235;215mres://tests/simulation/test_game_stakes.gd[0m[38;2;128;128;128m > [0m[38;2;250;235;215mtest_reversing_the_scoreboard_reverses_the_policy_at_every_tier[0m[38;2;34;139;34m STARTED[0m[38;2;128;128;128m[0m
  [38;2;250;235;215mres://tests/simulation/test_game_stakes.gd[0m[38;2;128;128;128m > [0m[38;2;250;235;215mtest_reversing_the_scoreboard_reverses_the_policy_at_every_tier[0m[38;2;34;139;34m PASSED[0m[38;2;100;149;237m 59ms[0m
[38;2;128;128;128m[0m
  [38;2;250;235;215mres://tests/simulation/test_game_stakes.gd[0m[38;2;128;128;128m > [0m[38;2;250;235;215mtest_mirroring_home_and_away_mirrors_the_whole_game[0m[38;2;34;139;34m STARTED[0m[38;2;128;128;128m[0m
  [38;2;250;235;215mres://tests/simulation/test_game_stakes.gd[0m[38;2;128;128;128m > [0m[38;2;250;235;215mtest_mirroring_home_and_away_mirrors_the_whole_game[0m[38;2;34;139;34m PASSED[0m[38;2;100;149;237m 1min 22s 692ms[0m
[38;2;128;128;128m[0m
  [38;2;250;235;215mres://tests/simulation/test_game_stakes.gd[0m[38;2;128;128;128m > [0m[38;2;250;235;215mtest_strength_identity_and_the_expected_winner_do_not_reach_the_policy[0m[38;2;34;139;34m STARTED[0m[38;2;128;128;128m[0m
  [38;2;250;235;215mres://tests/simulation/test_game_stakes.gd[0m[38;2;128;128;128m > [0m[38;2;250;235;215mtest_strength_identity_and_the_expected_winner_do_not_reach_the_policy[0m[38;2;34;139;34m PASSED[0m[38;2;100;149;237m 145ms[0m
[38;2;128;128;128m[0m
  [38;2;250;235;215mres://tests/simulation/test_game_stakes.gd[0m[38;2;128;128;128m > [0m[38;2;250;235;215mtest_high_stakes_settle_later_but_still_settle[0m[38;2;34;139;34m STARTED[0m[38;2;128;128;128m[0m
  [38;2;250;235;215mres://tests/simulation/test_game_stakes.gd[0m[38;2;128;128;128m > [0m[38;2;250;235;215mtest_high_stakes_settle_later_but_still_settle[0m[38;2;34;139;34m PASSED[0m[38;2;100;149;237m 49ms[0m
[38;2;128;128;128m[0m
  [38;2;250;235;215mres://tests/simulation/test_game_stakes.gd[0m[38;2;128;128;128m > [0m[38;2;250;235;215mtest_the_settled_guards_survive_the_highest_tier[0m[38;2;34;139;34m STARTED[0m[38;2;128;128;128m[0m
  [38;2;250;235;215mres://tests/simulation/test_game_stakes.gd[0m[38;2;128;128;128m > [0m[38;2;250;235;215mtest_the_settled_guards_survive_the_highest_tier[0m[38;2;34;139;34m PASSED[0m[38;2;100;149;237m 30ms[0m
[38;2;128;128;128m[0m
  [38;2;250;235;215mres://tests/simulation/test_game_stakes.gd[0m[38;2;128;128;128m > [0m[38;2;250;235;215mtest_a_settled_championship_coach_is_released_when_the_lead_is_cut[0m[38;2;34;139;34m STARTED[0m[38;2;128;128;128m[0m
  [38;2;250;235;215mres://tests/simulation/test_game_stakes.gd[0m[38;2;128;128;128m > [0m[38;2;250;235;215mtest_a_settled_championship_coach_is_released_when_the_lead_is_cut[0m[38;2;34;139;34m PASSED[0m[38;2;100;149;237m 107ms[0m
[38;2;128;128;128m[0m
  [38;2;250;235;215mres://tests/simulation/test_game_stakes.gd[0m[38;2;128;128;128m > [0m[38;2;250;235;215mtest_championship_games_still_blow_out_and_still_reach_garbage_time[0m[38;2;34;139;34m STARTED[0m[38;2;128;128;128m[0m
  [38;2;250;235;215mres://tests/simulation/test_game_stakes.gd[0m[38;2;128;128;128m > [0m[38;2;250;235;215mtest_championship_games_still_blow_out_and_still_reach_garbage_time[0m[38;2;34;139;34m PASSED[0m[38;2;100;149;237m 1min 52s 299ms[0m
[38;2;128;128;128m[0m
  [38;2;250;235;215mres://tests/simulation/test_game_stakes.gd[0m[38;2;128;128;128m > [0m[38;2;250;235;215mtest_regular_season_games_still_reach_overtime[0m[38;2;34;139;34m STARTED[0m[38;2;128;128;128m[0m
  [38;2;250;235;215mres://tests/simulation/test_game_stakes.gd[0m[38;2;128;128;128m > [0m[38;2;250;235;215mtest_regular_season_games_still_reach_overtime[0m[38;2;34;139;34m PASSED[0m[38;2;100;149;237m 1s 200ms[0m
[38;2;128;128;128m[0m
  [38;2;250;235;215mres://tests/simulation/test_game_stakes.gd[0m[38;2;128;128;128m > [0m[38;2;250;235;215mtest_state_transitions_stay_reducer_owned_at_the_highest_tier[0m[38;2;34;139;34m STARTED[0m[38;2;128;128;128m[0m
  [38;2;250;235;215mres://tests/simulation/test_game_stakes.gd[0m[38;2;128;128;128m > [0m[38;2;250;235;215mtest_state_transitions_stay_reducer_owned_at_the_highest_tier[0m[38;2;34;139;34m PASSED[0m[38;2;100;149;237m 58s 202ms[0m
[38;2;128;128;128m[0m
  [38;2;250;235;215mres://tests/simulation/test_game_stakes.gd[0m[38;2;128;128;128m > [0m[38;2;250;235;215mtest_only_the_declared_consumers_read_a_stakes_tier[0m[38;2;34;139;34m STARTED[0m[38;2;128;128;128m[0m
  [38;2;250;235;215mres://tests/simulation/test_game_stakes.gd[0m[38;2;128;128;128m > [0m[38;2;250;235;215mtest_only_the_declared_consumers_read_a_stakes_tier[0m[38;2;34;139;34m PASSED[0m[38;2;100;149;237m 272ms[0m
[38;2;128;128;128m[0m
[38;2;30;144;255mStatistics:[0m[38;2;128;128;128m 22 test cases | 0 errors | 0 failures | 0 flaky | 0 skipped | 0 orphans |[0m[38;2;34;139;34m PASSED[0m[38;2;100;149;237m 5min 7s 392ms[0m
[38;2;128;128;128m[0m
[38;2;128;128;128m[0m
[38;2;0;206;209mRun Test Suite: [0m[38;2;250;235;215mres://tests/simulation/test_garbage_time.gd[0m
  [38;2;250;235;215mres://tests/simulation/test_garbage_time.gd[0m[38;2;128;128;128m > [0m[38;2;250;235;215mtest_safety_is_one_shared_property_of_the_game[0m[38;2;34;139;34m STARTED[0m[38;2;128;128;128m[0m
  [38;2;250;235;215mres://tests/simulation/test_garbage_time.gd[0m[38;2;128;128;128m > [0m[38;2;250;235;215mtest_safety_is_one_shared_property_of_the_game[0m[38;2;34;139;34m PASSED[0m[38;2;100;149;237m 36ms[0m
[38;2;128;128;128m[0m
  [38;2;250;235;215mres://tests/simulation/test_garbage_time.gd[0m[38;2;128;128;128m > [0m[38;2;250;235;215mtest_a_level_game_has_no_safety_and_no_role[0m[38;2;34;139;34m STARTED[0m[38;2;128;128;128m[0m
  [38;2;250;235;215mres://tests/simulation/test_garbage_time.gd[0m[38;2;128;128;128m > [0m[38;2;250;235;215mtest_a_level_game_has_no_safety_and_no_role[0m[38;2;34;139;34m PASSED[0m[38;2;100;149;237m 32ms[0m
[38;2;128;128;128m[0m
  [38;2;250;235;215mres://tests/simulation/test_garbage_time.gd[0m[38;2;128;128;128m > [0m[38;2;250;235;215mtest_safety_grows_with_the_margin_and_with_the_clock_running_out[0m[38;2;34;139;34m STARTED[0m[38;2;128;128;128m[0m
  [38;2;250;235;215mres://tests/simulation/test_garbage_time.gd[0m[38;2;128;128;128m > [0m[38;2;250;235;215mtest_safety_grows_with_the_margin_and_with_the_clock_running_out[0m[38;2;34;139;34m PASSED[0m[38;2;100;149;237m 28ms[0m
[38;2;128;128;128m[0m
  [38;2;250;235;215mres://tests/simulation/test_garbage_time.gd[0m[38;2;128;128;128m > [0m[38;2;250;235;215mtest_reversing_the_scoreboard_swaps_the_two_roles[0m[38;2;34;139;34m STARTED[0m[38;2;128;128;128m[0m
  [38;2;250;235;215mres://tests/simulation/test_garbage_time.gd[0m[38;2;128;128;128m > [0m[38;2;250;235;215mtest_reversing_the_scoreboard_swaps_the_two_roles[0m[38;2;34;139;34m PASSED[0m[38;2;100;149;237m 64ms[0m
[38;2;128;128;128m[0m
  [38;2;250;235;215mres://tests/simulation/test_garbage_time.gd[0m[38;2;128;128;128m > [0m[38;2;250;235;215mtest_the_rule_cannot_read_strength_or_an_intended_winner[0m[38;2;34;139;34m STARTED[0m[38;2;128;128;128m[0m
  [38;2;250;235;215mres://tests/simulation/test_garbage_time.gd[0m[38;2;128;128;128m > [0m[38;2;250;235;215mtest_the_rule_cannot_read_strength_or_an_intended_winner[0m[38;2;34;139;34m PASSED[0m[38;2;100;149;237m 31ms[0m
[38;2;128;128;128m[0m
  [38;2;250;235;215mres://tests/simulation/test_garbage_time.gd[0m[38;2;128;128;128m > [0m[38;2;250;235;215mtest_the_leading_coach_settles_before_the_trailing_one[0m[38;2;34;139;34m STARTED[0m[38;2;128;128;128m[0m
  [38;2;250;235;215mres://tests/simulation/test_garbage_time.gd[0m[38;2;128;128;128m > [0m[38;2;250;235;215mtest_the_leading_coach_settles_before_the_trailing_one[0m[38;2;34;139;34m PASSED[0m[38;2;100;149;237m 40ms[0m
[38;2;128;128;128m[0m
  [38;2;250;235;215mres://tests/simulation/test_garbage_time.gd[0m[38;2;128;128;128m > [0m[38;2;250;235;215mtest_garbage_time_cannot_activate_in_a_close_game[0m[38;2;34;139;34m STARTED[0m[38;2;128;128;128m[0m
  [38;2;250;235;215mres://tests/simulation/test_garbage_time.gd[0m[38;2;128;128;128m > [0m[38;2;250;235;215mtest_garbage_time_cannot_activate_in_a_close_game[0m[38;2;34;139;34m PASSED[0m[38;2;100;149;237m 98ms[0m
[38;2;128;128;128m[0m
  [38;2;250;235;215mres://tests/simulation/test_garbage_time.gd[0m[38;2;128;128;128m > [0m[38;2;250;235;215mtest_garbage_time_cannot_activate_too_early[0m[38;2;34;139;34m STARTED[0m[38;2;128;128;128m[0m
  [38;2;250;235;215mres://tests/simulation/test_garbage_time.gd[0m[38;2;128;128;128m > [0m[38;2;250;235;215mtest_garbage_time_cannot_activate_too_early[0m[38;2;34;139;34m PASSED[0m[38;2;100;149;237m 44ms[0m
[38;2;128;128;128m[0m
  [38;2;250;235;215mres://tests/simulation/test_garbage_time.gd[0m[38;2;128;128;128m > [0m[38;2;250;235;215mtest_garbage_time_does_not_begin_with_no_time_to_rest_anyone[0m[38;2;34;139;34m STARTED[0m[38;2;128;128;128m[0m
  [38;2;250;235;215mres://tests/simulation/test_garbage_time.gd[0m[38;2;128;128;128m > [0m[38;2;250;235;215mtest_garbage_time_does_not_begin_with_no_time_to_rest_anyone[0m[38;2;34;139;34m PASSED[0m[38;2;100;149;237m 29ms[0m
[38;2;128;128;128m[0m
  [38;2;250;235;215mres://tests/simulation/test_garbage_time.gd[0m[38;2;128;128;128m > [0m[38;2;250;235;215mtest_returning_to_the_competitive_rotation_is_rule_based_and_symmetric[0m[38;2;34;139;34m STARTED[0m[38;2;128;128;128m[0m
  [38;2;250;235;215mres://tests/simulation/test_garbage_time.gd[0m[38;2;128;128;128m > [0m[38;2;250;235;215mtest_returning_to_the_competitive_rotation_is_rule_based_and_symmetric[0m[38;2;34;139;34m PASSED[0m[38;2;100;149;237m 32ms[0m
[38;2;128;128;128m[0m
  [38;2;250;235;215mres://tests/simulation/test_garbage_time.gd[0m[38;2;128;128;128m > [0m[38;2;250;235;215mtest_the_state_has_hysteresis[0m[38;2;34;139;34m STARTED[0m[38;2;128;128;128m[0m
  [38;2;250;235;215mres://tests/simulation/test_garbage_time.gd[0m[38;2;128;128;128m > [0m[38;2;250;235;215mtest_the_state_has_hysteresis[0m[38;2;34;139;34m PASSED[0m[38;2;100;149;237m 31ms[0m
[38;2;128;128;128m[0m
  [38;2;250;235;215mres://tests/simulation/test_garbage_time.gd[0m[38;2;128;128;128m > [0m[38;2;250;235;215mtest_a_lead_changing_hands_ends_the_state[0m[38;2;34;139;34m STARTED[0m[38;2;128;128;128m[0m
  [38;2;250;235;215mres://tests/simulation/test_garbage_time.gd[0m[38;2;128;128;128m > [0m[38;2;250;235;215mtest_a_lead_changing_hands_ends_the_state[0m[38;2;34;139;34m PASSED[0m[38;2;100;149;237m 38ms[0m
[38;2;128;128;128m[0m
  [38;2;250;235;215mres://tests/simulation/test_garbage_time.gd[0m[38;2;128;128;128m > [0m[38;2;250;235;215mtest_the_same_shot_keeps_its_probability_in_and_out_of_garbage_time[0m[38;2;34;139;34m STARTED[0m[38;2;128;128;128m[0m
  [38;2;250;235;215mres://tests/simulation/test_garbage_time.gd[0m[38;2;128;128;128m > [0m[38;2;250;235;215mtest_the_same_shot_keeps_its_probability_in_and_out_of_garbage_time[0m[38;2;34;139;34m PASSED[0m[38;2;100;149;237m 56ms[0m
[38;2;128;128;128m[0m
  [38;2;250;235;215mres://tests/simulation/test_garbage_time.gd[0m[38;2;128;128;128m > [0m[38;2;250;235;215mtest_the_trailing_team_receives_no_rating_or_capability_bonus[0m[38;2;34;139;34m STARTED[0m[38;2;128;128;128m[0m
  [38;2;250;235;215mres://tests/simulation/test_garbage_time.gd[0m[38;2;128;128;128m > [0m[38;2;250;235;215mtest_the_trailing_team_receives_no_rating_or_capability_bonus[0m[38;2;34;139;34m PASSED[0m[38;2;100;149;237m 43ms[0m
[38;2;128;128;128m[0m
  [38;2;250;235;215mres://tests/simulation/test_garbage_time.gd[0m[38;2;128;128;128m > [0m[38;2;250;235;215mtest_intentional_fouling_and_garbage_time_cannot_overlap[0m[38;2;34;139;34m STARTED[0m[38;2;128;128;128m[0m
  [38;2;250;235;215mres://tests/simulation/test_garbage_time.gd[0m[38;2;128;128;128m > [0m[38;2;250;235;215mtest_intentional_fouling_and_garbage_time_cannot_overlap[0m[38;2;34;139;34m PASSED[0m[38;2;100;149;237m 50ms[0m
[38;2;128;128;128m[0m
  [38;2;250;235;215mres://tests/simulation/test_garbage_time.gd[0m[38;2;128;128;128m > [0m[38;2;250;235;215mtest_timeout_logic_survives_the_settled_state[0m[38;2;34;139;34m STARTED[0m[38;2;128;128;128m[0m
  [38;2;250;235;215mres://tests/simulation/test_garbage_time.gd[0m[38;2;128;128;128m > [0m[38;2;250;235;215mtest_timeout_logic_survives_the_settled_state[0m[38;2;34;139;34m PASSED[0m[38;2;100;149;237m 13s 713ms[0m
[38;2;128;128;128m[0m
  [38;2;250;235;215mres://tests/simulation/test_garbage_time.gd[0m[38;2;128;128;128m > [0m[38;2;250;235;215mtest_every_settled_substitution_is_explained_by_a_ledger_entry[0m[38;2;34;139;34m STARTED[0m[38;2;128;128;128m[0m
  [38;2;250;235;215mres://tests/simulation/test_garbage_time.gd[0m[38;2;128;128;128m > [0m[38;2;250;235;215mtest_every_settled_substitution_is_explained_by_a_ledger_entry[0m[38;2;34;139;34m PASSED[0m[38;2;100;149;237m 28s 133ms[0m
[38;2;128;128;128m[0m
  [38;2;250;235;215mres://tests/simulation/test_garbage_time.gd[0m[38;2;128;128;128m > [0m[38;2;250;235;215mtest_minutes_and_lineup_participation_reconcile[0m[38;2;34;139;34m STARTED[0m[38;2;128;128;128m[0m
  [38;2;250;235;215mres://tests/simulation/test_garbage_time.gd[0m[38;2;128;128;128m > [0m[38;2;250;235;215mtest_minutes_and_lineup_participation_reconcile[0m[38;2;34;139;34m PASSED[0m[38;2;100;149;237m 9s 188ms[0m
[38;2;128;128;128m[0m
  [38;2;250;235;215mres://tests/simulation/test_garbage_time.gd[0m[38;2;128;128;128m > [0m[38;2;250;235;215mtest_play_sim_and_skip_agree_with_the_settled_state[0m[38;2;34;139;34m STARTED[0m[38;2;128;128;128m[0m
  [38;2;250;235;215mres://tests/simulation/test_garbage_time.gd[0m[38;2;128;128;128m > [0m[38;2;250;235;215mtest_play_sim_and_skip_agree_with_the_settled_state[0m[38;2;34;139;34m PASSED[0m[38;2;100;149;237m 17s 428ms[0m
[38;2;128;128;128m[0m
  [38;2;250;235;215mres://tests/simulation/test_garbage_time.gd[0m[38;2;128;128;128m > [0m[38;2;250;235;215mtest_the_settled_state_does_not_leak_between_games[0m[38;2;34;139;34m STARTED[0m[38;2;128;128;128m[0m
  [38;2;250;235;215mres://tests/simulation/test_garbage_time.gd[0m[38;2;128;128;128m > [0m[38;2;250;235;215mtest_the_settled_state_does_not_leak_between_games[0m[38;2;34;139;34m PASSED[0m[38;2;100;149;237m 22s 448ms[0m
[38;2;128;128;128m[0m
  [38;2;250;235;215mres://tests/simulation/test_garbage_time.gd[0m[38;2;128;128;128m > [0m[38;2;250;235;215mtest_safety_obeys_the_square_root_law[0m[38;2;34;139;34m STARTED[0m[38;2;128;128;128m[0m
  [38;2;250;235;215mres://tests/simulation/test_garbage_time.gd[0m[38;2;128;128;128m > [0m[38;2;250;235;215mtest_safety_obeys_the_square_root_law[0m[38;2;34;139;34m PASSED[0m[38;2;100;149;237m 67ms[0m
[38;2;128;128;128m[0m
  [38;2;250;235;215mres://tests/simulation/test_garbage_time.gd[0m[38;2;128;128;128m > [0m[38;2;250;235;215mtest_the_thresholds_scale_across_game_lengths[0m[38;2;34;139;34m STARTED[0m[38;2;128;128;128m[0m
  [38;2;250;235;215mres://tests/simulation/test_garbage_time.gd[0m[38;2;128;128;128m > [0m[38;2;250;235;215mtest_the_thresholds_scale_across_game_lengths[0m[38;2;34;139;34m PASSED[0m[38;2;100;149;237m 64ms[0m
[38;2;128;128;128m[0m
[38;2;30;144;255mStatistics:[0m[38;2;128;128;128m 22 test cases | 0 errors | 0 failures | 0 flaky | 0 skipped | 0 orphans |[0m[38;2;34;139;34m PASSED[0m[38;2;100;149;237m 1min 33s 4ms[0m
[38;2;128;128;128m[0m
[38;2;128;128;128m[0m
[38;2;0;206;209mRun Test Suite: [0m[38;2;250;235;215mres://tests/simulation/test_golden_ledgers.gd[0m
  [38;2;250;235;215mres://tests/simulation/test_golden_ledgers.gd[0m[38;2;128;128;128m > [0m[38;2;250;235;215mtest_every_required_scenario_has_a_committed_hash[0m[38;2;34;139;34m STARTED[0m[38;2;128;128;128m[0m
  [38;2;250;235;215mres://tests/simulation/test_golden_ledgers.gd[0m[38;2;128;128;128m > [0m[38;2;250;235;215mtest_every_required_scenario_has_a_committed_hash[0m[38;2;34;139;34m PASSED[0m[38;2;100;149;237m 26ms[0m
[38;2;128;128;128m[0m
  [38;2;250;235;215mres://tests/simulation/test_golden_ledgers.gd[0m[38;2;128;128;128m > [0m[38;2;250;235;215mtest_committed_hashes_reproduce_exactly[0m[38;2;34;139;34m STARTED[0m[38;2;128;128;128m[0m
  [38;2;250;235;215mres://tests/simulation/test_golden_ledgers.gd[0m[38;2;128;128;128m > [0m[38;2;250;235;215mtest_committed_hashes_reproduce_exactly[0m[38;2;34;139;34m PASSED[0m[38;2;100;149;237m 8s 244ms[0m
[38;2;128;128;128m[0m
  [38;2;250;235;215mres://tests/simulation/test_golden_ledgers.gd[0m[38;2;128;128;128m > [0m[38;2;250;235;215mtest_committed_shape_matches_the_reproduced_match[0m[38;2;34;139;34m STARTED[0m[38;2;128;128;128m[0m
  [38;2;250;235;215mres://tests/simulation/test_golden_ledgers.gd[0m[38;2;128;128;128m > [0m[38;2;250;235;215mtest_committed_shape_matches_the_reproduced_match[0m[38;2;34;139;34m PASSED[0m[38;2;100;149;237m 32ms[0m
[38;2;128;128;128m[0m
  [38;2;250;235;215mres://tests/simulation/test_golden_ledgers.gd[0m[38;2;128;128;128m > [0m[38;2;250;235;215mtest_every_scenario_still_covers_its_behaviour[0m[38;2;34;139;34m STARTED[0m[38;2;128;128;128m[0m
  [38;2;250;235;215mres://tests/simulation/test_golden_ledgers.gd[0m[38;2;128;128;128m > [0m[38;2;250;235;215mtest_every_scenario_still_covers_its_behaviour[0m[38;2;34;139;34m PASSED[0m[38;2;100;149;237m 23ms[0m
[38;2;128;128;128m[0m
  [38;2;250;235;215mres://tests/simulation/test_golden_ledgers.gd[0m[38;2;128;128;128m > [0m[38;2;250;235;215mtest_repeated_simulation_reproduces_the_full_ledger[0m[38;2;34;139;34m STARTED[0m[38;2;128;128;128m[0m
  [38;2;250;235;215mres://tests/simulation/test_golden_ledgers.gd[0m[38;2;128;128;128m > [0m[38;2;250;235;215mtest_repeated_simulation_reproduces_the_full_ledger[0m[38;2;34;139;34m PASSED[0m[38;2;100;149;237m 15s 997ms[0m
[38;2;128;128;128m[0m
  [38;2;250;235;215mres://tests/simulation/test_golden_ledgers.gd[0m[38;2;128;128;128m > [0m[38;2;250;235;215mtest_a_different_seed_changes_the_ledger[0m[38;2;34;139;34m STARTED[0m[38;2;128;128;128m[0m
  [38;2;250;235;215mres://tests/simulation/test_golden_ledgers.gd[0m[38;2;128;128;128m > [0m[38;2;250;235;215mtest_a_different_seed_changes_the_ledger[0m[38;2;34;139;34m PASSED[0m[38;2;100;149;237m 3s 959ms[0m
[38;2;128;128;128m[0m
  [38;2;250;235;215mres://tests/simulation/test_golden_ledgers.gd[0m[38;2;128;128;128m > [0m[38;2;250;235;215mtest_canonical_serialization_is_explicit_and_ordered[0m[38;2;34;139;34m STARTED[0m[38;2;128;128;128m[0m
  [38;2;250;235;215mres://tests/simulation/test_golden_ledgers.gd[0m[38;2;128;128;128m > [0m[38;2;250;235;215mtest_canonical_serialization_is_explicit_and_ordered[0m[38;2;34;139;34m PASSED[0m[38;2;100;149;237m 82ms[0m
[38;2;128;128;128m[0m
[38;2;30;144;255mStatistics:[0m[38;2;128;128;128m 7 test cases | 0 errors | 0 failures | 0 flaky | 0 skipped | 0 orphans |[0m[38;2;34;139;34m PASSED[0m[38;2;100;149;237m 28s 534ms[0m
[38;2;128;128;128m[0m
[38;2;128;128;128m[0m
[38;2;0;206;209mRun Test Suite: [0m[38;2;250;235;215mres://tests/simulation/test_home_environment.gd[0m
  [38;2;250;235;215mres://tests/simulation/test_home_environment.gd[0m[38;2;128;128;128m > [0m[38;2;250;235;215mtest_a_neutral_court_applies_no_home_effect[0m[38;2;34;139;34m STARTED[0m[38;2;128;128;128m[0m
  [38;2;250;235;215mres://tests/simulation/test_home_environment.gd[0m[38;2;128;128;128m > [0m[38;2;250;235;215mtest_a_neutral_court_applies_no_home_effect[0m[38;2;34;139;34m PASSED[0m[38;2;100;149;237m 245ms[0m
[38;2;128;128;128m[0m
  [38;2;250;235;215mres://tests/simulation/test_home_environment.gd[0m[38;2;128;128;128m > [0m[38;2;250;235;215mtest_a_missing_home_context_uses_the_documented_default[0m[38;2;34;139;34m STARTED[0m[38;2;128;128;128m[0m
  [38;2;250;235;215mres://tests/simulation/test_home_environment.gd[0m[38;2;128;128;128m > [0m[38;2;250;235;215mtest_a_missing_home_context_uses_the_documented_default[0m[38;2;34;139;34m PASSED[0m[38;2;100;149;237m 49ms[0m
[38;2;128;128;128m[0m
  [38;2;250;235;215mres://tests/simulation/test_home_environment.gd[0m[38;2;128;128;128m > [0m[38;2;250;235;215mtest_swapping_the_venue_swaps_the_advantage[0m[38;2;34;139;34m STARTED[0m[38;2;128;128;128m[0m
  [38;2;250;235;215mres://tests/simulation/test_home_environment.gd[0m[38;2;128;128;128m > [0m[38;2;250;235;215mtest_swapping_the_venue_swaps_the_advantage[0m[38;2;34;139;34m PASSED[0m[38;2;100;149;237m 2s 934ms[0m
[38;2;128;128;128m[0m
  [38;2;250;235;215mres://tests/simulation/test_home_environment.gd[0m[38;2;128;128;128m > [0m[38;2;250;235;215mtest_identical_home_and_away_identity_is_rejected[0m[38;2;34;139;34m STARTED[0m[38;2;128;128;128m[0m
  [38;2;250;235;215mres://tests/simulation/test_home_environment.gd[0m[38;2;128;128;128m > [0m[38;2;250;235;215mtest_identical_home_and_away_identity_is_rejected[0m[38;2;34;139;34m PASSED[0m[38;2;100;149;237m 391ms[0m
[38;2;128;128;128m[0m
  [38;2;250;235;215mres://tests/simulation/test_home_environment.gd[0m[38;2;128;128;128m > [0m[38;2;250;235;215mtest_the_modifier_reads_only_venue_strength[0m[38;2;34;139;34m STARTED[0m[38;2;128;128;128m[0m
  [38;2;250;235;215mres://tests/simulation/test_home_environment.gd[0m[38;2;128;128;128m > [0m[38;2;250;235;215mtest_the_modifier_reads_only_venue_strength[0m[38;2;34;139;34m PASSED[0m[38;2;100;149;237m 41ms[0m
[38;2;128;128;128m[0m
  [38;2;250;235;215mres://tests/simulation/test_home_environment.gd[0m[38;2;128;128;128m > [0m[38;2;250;235;215mtest_no_single_modifier_exceeds_four_absolute_points[0m[38;2;34;139;34m STARTED[0m[38;2;128;128;128m[0m
  [38;2;250;235;215mres://tests/simulation/test_home_environment.gd[0m[38;2;128;128;128m > [0m[38;2;250;235;215mtest_no_single_modifier_exceeds_four_absolute_points[0m[38;2;34;139;34m PASSED[0m[38;2;100;149;237m 32ms[0m
[38;2;128;128;128m[0m
  [38;2;250;235;215mres://tests/simulation/test_home_environment.gd[0m[38;2;128;128;128m > [0m[38;2;250;235;215mtest_combined_contributions_stay_inside_the_budget[0m[38;2;34;139;34m STARTED[0m[38;2;128;128;128m[0m
  [38;2;250;235;215mres://tests/simulation/test_home_environment.gd[0m[38;2;128;128;128m > [0m[38;2;250;235;215mtest_combined_contributions_stay_inside_the_budget[0m[38;2;34;139;34m PASSED[0m[38;2;100;149;237m 96ms[0m
[38;2;128;128;128m[0m
  [38;2;250;235;215mres://tests/simulation/test_home_environment.gd[0m[38;2;128;128;128m > [0m[38;2;250;235;215mtest_an_identical_shot_context_has_no_home_make_bonus[0m[38;2;34;139;34m STARTED[0m[38;2;128;128;128m[0m
  [38;2;250;235;215mres://tests/simulation/test_home_environment.gd[0m[38;2;128;128;128m > [0m[38;2;250;235;215mtest_an_identical_shot_context_has_no_home_make_bonus[0m[38;2;34;139;34m PASSED[0m[38;2;100;149;237m 256ms[0m
[38;2;128;128;128m[0m
  [38;2;250;235;215mres://tests/simulation/test_home_environment.gd[0m[38;2;128;128;128m > [0m[38;2;250;235;215mtest_effects_operate_only_through_documented_channels[0m[38;2;34;139;34m STARTED[0m[38;2;128;128;128m[0m
  [38;2;250;235;215mres://tests/simulation/test_home_environment.gd[0m[38;2;128;128;128m > [0m[38;2;250;235;215mtest_effects_operate_only_through_documented_channels[0m[38;2;34;139;34m PASSED[0m[38;2;100;149;237m 43ms[0m
[38;2;128;128;128m[0m
  [38;2;250;235;215mres://tests/simulation/test_home_environment.gd[0m[38;2;128;128;128m > [0m[38;2;250;235;215mtest_the_venue_changes_no_rating_or_capability[0m[38;2;34;139;34m STARTED[0m[38;2;128;128;128m[0m
  [38;2;250;235;215mres://tests/simulation/test_home_environment.gd[0m[38;2;128;128;128m > [0m[38;2;250;235;215mtest_the_venue_changes_no_rating_or_capability[0m[38;2;34;139;34m PASSED[0m[38;2;100;149;237m 105ms[0m
[38;2;128;128;128m[0m
  [38;2;250;235;215mres://tests/simulation/test_home_environment.gd[0m[38;2;128;128;128m > [0m[38;2;250;235;215mtest_the_advantage_does_not_depend_on_the_margin[0m[38;2;34;139;34m STARTED[0m[38;2;128;128;128m[0m
  [38;2;250;235;215mres://tests/simulation/test_home_environment.gd[0m[38;2;128;128;128m > [0m[38;2;250;235;215mtest_the_advantage_does_not_depend_on_the_margin[0m[38;2;34;139;34m PASSED[0m[38;2;100;149;237m 55s 113ms[0m
[38;2;128;128;128m[0m
  [38;2;250;235;215mres://tests/simulation/test_home_environment.gd[0m[38;2;128;128;128m > [0m[38;2;250;235;215mtest_a_neutral_game_cannot_observe_the_home_modifiers[0m[38;2;34;139;34m STARTED[0m[38;2;128;128;128m[0m
  [38;2;250;235;215mres://tests/simulation/test_home_environment.gd[0m[38;2;128;128;128m > [0m[38;2;250;235;215mtest_a_neutral_game_cannot_observe_the_home_modifiers[0m[38;2;34;139;34m PASSED[0m[38;2;100;149;237m 9s 985ms[0m
[38;2;128;128;128m[0m
  [38;2;250;235;215mres://tests/simulation/test_home_environment.gd[0m[38;2;128;128;128m > [0m[38;2;250;235;215mtest_no_channel_reads_the_scoreboard[0m[38;2;34;139;34m STARTED[0m[38;2;128;128;128m[0m
  [38;2;250;235;215mres://tests/simulation/test_home_environment.gd[0m[38;2;128;128;128m > [0m[38;2;250;235;215mtest_no_channel_reads_the_scoreboard[0m[38;2;34;139;34m PASSED[0m[38;2;100;149;237m 8s 430ms[0m
[38;2;128;128;128m[0m
  [38;2;250;235;215mres://tests/simulation/test_home_environment.gd[0m[38;2;128;128;128m > [0m[38;2;250;235;215mtest_the_foul_and_turnover_resolvers_never_read_the_score[0m[38;2;34;139;34m STARTED[0m[38;2;128;128;128m[0m
  [38;2;250;235;215mres://tests/simulation/test_home_environment.gd[0m[38;2;128;128;128m > [0m[38;2;250;235;215mtest_the_foul_and_turnover_resolvers_never_read_the_score[0m[38;2;34;139;34m PASSED[0m[38;2;100;149;237m 34ms[0m
[38;2;128;128;128m[0m
  [38;2;250;235;215mres://tests/simulation/test_home_environment.gd[0m[38;2;128;128;128m > [0m[38;2;250;235;215mtest_team_identity_does_not_change_any_channel[0m[38;2;34;139;34m STARTED[0m[38;2;128;128;128m[0m
  [38;2;250;235;215mres://tests/simulation/test_home_environment.gd[0m[38;2;128;128;128m > [0m[38;2;250;235;215mtest_team_identity_does_not_change_any_channel[0m[38;2;34;139;34m PASSED[0m[38;2;100;149;237m 9s 429ms[0m
[38;2;128;128;128m[0m
  [38;2;250;235;215mres://tests/simulation/test_home_environment.gd[0m[38;2;128;128;128m > [0m[38;2;250;235;215mtest_every_channel_actually_moves_its_own_rate[0m[38;2;34;139;34m STARTED[0m[38;2;128;128;128m[0m
  [38;2;250;235;215mres://tests/simulation/test_home_environment.gd[0m[38;2;128;128;128m > [0m[38;2;250;235;215mtest_every_channel_actually_moves_its_own_rate[0m[38;2;34;139;34m PASSED[0m[38;2;100;149;237m 4s 509ms[0m
[38;2;128;128;128m[0m
  [38;2;250;235;215mres://tests/simulation/test_home_environment.gd[0m[38;2;128;128;128m > [0m[38;2;250;235;215mtest_away_teams_still_win_a_substantial_share[0m[38;2;34;139;34m STARTED[0m[38;2;128;128;128m[0m
  [38;2;250;235;215mres://tests/simulation/test_home_environment.gd[0m[38;2;128;128;128m > [0m[38;2;250;235;215mtest_away_teams_still_win_a_substantial_share[0m[38;2;34;139;34m PASSED[0m[38;2;100;149;237m 57s 514ms[0m
[38;2;128;128;128m[0m
  [38;2;250;235;215mres://tests/simulation/test_home_environment.gd[0m[38;2;128;128;128m > [0m[38;2;250;235;215mtest_stakes_tiers_do_not_change_the_home_contract[0m[38;2;34;139;34m STARTED[0m[38;2;128;128;128m[0m
  [38;2;250;235;215mres://tests/simulation/test_home_environment.gd[0m[38;2;128;128;128m > [0m[38;2;250;235;215mtest_stakes_tiers_do_not_change_the_home_contract[0m[38;2;34;139;34m PASSED[0m[38;2;100;149;237m 30ms[0m
[38;2;128;128;128m[0m
  [38;2;250;235;215mres://tests/simulation/test_home_environment.gd[0m[38;2;128;128;128m > [0m[38;2;250;235;215mtest_identical_venue_inputs_and_seed_reproduce_the_ledger[0m[38;2;34;139;34m STARTED[0m[38;2;128;128;128m[0m
  [38;2;250;235;215mres://tests/simulation/test_home_environment.gd[0m[38;2;128;128;128m > [0m[38;2;250;235;215mtest_identical_venue_inputs_and_seed_reproduce_the_ledger[0m[38;2;34;139;34m PASSED[0m[38;2;100;149;237m 18s 740ms[0m
[38;2;128;128;128m[0m
  [38;2;250;235;215mres://tests/simulation/test_home_environment.gd[0m[38;2;128;128;128m > [0m[38;2;250;235;215mtest_play_sim_and_skip_agree_at_every_venue[0m[38;2;34;139;34m STARTED[0m[38;2;128;128;128m[0m
  [38;2;250;235;215mres://tests/simulation/test_home_environment.gd[0m[38;2;128;128;128m > [0m[38;2;250;235;215mtest_play_sim_and_skip_agree_at_every_venue[0m[38;2;34;139;34m PASSED[0m[38;2;100;149;237m 29s 817ms[0m
[38;2;128;128;128m[0m
  [38;2;250;235;215mres://tests/simulation/test_home_environment.gd[0m[38;2;128;128;128m > [0m[38;2;250;235;215mtest_ledger_and_box_score_reconcile_at_every_venue[0m[38;2;34;139;34m STARTED[0m[38;2;128;128;128m[0m
  [38;2;250;235;215mres://tests/simulation/test_home_environment.gd[0m[38;2;128;128;128m > [0m[38;2;250;235;215mtest_ledger_and_box_score_reconcile_at_every_venue[0m[38;2;34;139;34m PASSED[0m[38;2;100;149;237m 38s 838ms[0m
[38;2;128;128;128m[0m
  [38;2;250;235;215mres://tests/simulation/test_home_environment.gd[0m[38;2;128;128;128m > [0m[38;2;250;235;215mtest_the_diagnostic_distinguishes_the_three_fixtures[0m[38;2;34;139;34m STARTED[0m[38;2;128;128;128m[0m
  [38;2;250;235;215mres://tests/simulation/test_home_environment.gd[0m[38;2;128;128;128m > [0m[38;2;250;235;215mtest_the_diagnostic_distinguishes_the_three_fixtures[0m[38;2;34;139;34m PASSED[0m[38;2;100;149;237m 71ms[0m
[38;2;128;128;128m[0m
[38;2;30;144;255mStatistics:[0m[38;2;128;128;128m 22 test cases | 0 errors | 0 failures | 0 flaky | 0 skipped | 0 orphans |[0m[38;2;34;139;34m PASSED[0m[38;2;100;149;237m 3min 58s 876ms[0m
[38;2;128;128;128m[0m
[38;2;128;128;128m[0m
[38;2;0;206;209mRun Test Suite: [0m[38;2;250;235;215mres://tests/simulation/test_identity_and_usage.gd[0m
  [38;2;250;235;215mres://tests/simulation/test_identity_and_usage.gd[0m[38;2;128;128;128m > [0m[38;2;250;235;215mtest_tactical_role_changes_opportunity_only[0m[38;2;34;139;34m STARTED[0m[38;2;128;128;128m[0m
  [38;2;250;235;215mres://tests/simulation/test_identity_and_usage.gd[0m[38;2;128;128;128m > [0m[38;2;250;235;215mtest_tactical_role_changes_opportunity_only[0m[38;2;34;139;34m PASSED[0m[38;2;100;149;237m 43ms[0m
[38;2;128;128;128m[0m
  [38;2;250;235;215mres://tests/simulation/test_identity_and_usage.gd[0m[38;2;128;128;128m > [0m[38;2;250;235;215mtest_tactical_role_moves_shot_mix_but_not_shooting_quality[0m[38;2;34;139;34m STARTED[0m[38;2;128;128;128m[0m
  [38;2;250;235;215mres://tests/simulation/test_identity_and_usage.gd[0m[38;2;128;128;128m > [0m[38;2;250;235;215mtest_tactical_role_moves_shot_mix_but_not_shooting_quality[0m[38;2;34;139;34m PASSED[0m[38;2;100;149;237m 2min 38s 647ms[0m
[38;2;128;128;128m[0m
  [38;2;250;235;215mres://tests/simulation/test_identity_and_usage.gd[0m[38;2;128;128;128m > [0m[38;2;250;235;215mtest_rotation_role_changes_minutes_only[0m[38;2;34;139;34m STARTED[0m[38;2;128;128;128m[0m
  [38;2;250;235;215mres://tests/simulation/test_identity_and_usage.gd[0m[38;2;128;128;128m > [0m[38;2;250;235;215mtest_rotation_role_changes_minutes_only[0m[38;2;34;139;34m PASSED[0m[38;2;100;149;237m 51ms[0m
[38;2;128;128;128m[0m
  [38;2;250;235;215mres://tests/simulation/test_identity_and_usage.gd[0m[38;2;128;128;128m > [0m[38;2;250;235;215mtest_tendency_changes_attempt_mix_without_touching_ratings[0m[38;2;34;139;34m STARTED[0m[38;2;128;128;128m[0m
  [38;2;250;235;215mres://tests/simulation/test_identity_and_usage.gd[0m[38;2;128;128;128m > [0m[38;2;250;235;215mtest_tendency_changes_attempt_mix_without_touching_ratings[0m[38;2;34;139;34m PASSED[0m[38;2;100;149;237m 2min 30s 817ms[0m
[38;2;128;128;128m[0m
  [38;2;250;235;215mres://tests/simulation/test_identity_and_usage.gd[0m[38;2;128;128;128m > [0m[38;2;250;235;215mtest_coach_instruction_shapes_behaviour_within_its_band[0m[38;2;34;139;34m STARTED[0m[38;2;128;128;128m[0m
  [38;2;250;235;215mres://tests/simulation/test_identity_and_usage.gd[0m[38;2;128;128;128m > [0m[38;2;250;235;215mtest_coach_instruction_shapes_behaviour_within_its_band[0m[38;2;34;139;34m PASSED[0m[38;2;100;149;237m 542ms[0m
[38;2;128;128;128m[0m
  [38;2;250;235;215mres://tests/simulation/test_identity_and_usage.gd[0m[38;2;128;128;128m > [0m[38;2;250;235;215mtest_usage_responds_monotonically_to_opportunity_inputs[0m[38;2;34;139;34m STARTED[0m[38;2;128;128;128m[0m
  [38;2;250;235;215mres://tests/simulation/test_identity_and_usage.gd[0m[38;2;128;128;128m > [0m[38;2;250;235;215mtest_usage_responds_monotonically_to_opportunity_inputs[0m[38;2;34;139;34m PASSED[0m[38;2;100;149;237m 129ms[0m
[38;2;128;128;128m[0m
  [38;2;250;235;215mres://tests/simulation/test_identity_and_usage.gd[0m[38;2;128;128;128m > [0m[38;2;250;235;215mtest_usage_remains_a_constrained_budget[0m[38;2;34;139;34m STARTED[0m[38;2;128;128;128m[0m
  [38;2;250;235;215mres://tests/simulation/test_identity_and_usage.gd[0m[38;2;128;128;128m > [0m[38;2;250;235;215mtest_usage_remains_a_constrained_budget[0m[38;2;34;139;34m PASSED[0m[38;2;100;149;237m 42ms[0m
[38;2;128;128;128m[0m
  [38;2;250;235;215mres://tests/simulation/test_identity_and_usage.gd[0m[38;2;128;128;128m > [0m[38;2;250;235;215mtest_usage_budget_sums_across_the_lineup[0m[38;2;34;139;34m STARTED[0m[38;2;128;128;128m[0m
  [38;2;250;235;215mres://tests/simulation/test_identity_and_usage.gd[0m[38;2;128;128;128m > [0m[38;2;250;235;215mtest_usage_budget_sums_across_the_lineup[0m[38;2;34;139;34m PASSED[0m[38;2;100;149;237m 575ms[0m
[38;2;128;128;128m[0m
[38;2;30;144;255mStatistics:[0m[38;2;128;128;128m 8 test cases | 0 errors | 0 failures | 0 flaky | 0 skipped | 0 orphans |[0m[38;2;34;139;34m PASSED[0m[38;2;100;149;237m 5min 11s 630ms[0m
[38;2;128;128;128m[0m
[38;2;128;128;128m[0m
[38;2;0;206;209mRun Test Suite: [0m[38;2;250;235;215mres://tests/simulation/test_lineups_and_rotations.gd[0m
  [38;2;250;235;215mres://tests/simulation/test_lineups_and_rotations.gd[0m[38;2;128;128;128m > [0m[38;2;250;235;215mtest_five_eligible_players_per_team_throughout[0m[38;2;34;139;34m STARTED[0m[38;2;128;128;128m[0m
  [38;2;250;235;215mres://tests/simulation/test_lineups_and_rotations.gd[0m[38;2;128;128;128m > [0m[38;2;250;235;215mtest_five_eligible_players_per_team_throughout[0m[38;2;34;139;34m PASSED[0m[38;2;100;149;237m 1s 681ms[0m
[38;2;128;128;128m[0m
  [38;2;250;235;215mres://tests/simulation/test_lineups_and_rotations.gd[0m[38;2;128;128;128m > [0m[38;2;250;235;215mtest_no_replaced_player_participates[0m[38;2;34;139;34m STARTED[0m[38;2;128;128;128m[0m
  [38;2;250;235;215mres://tests/simulation/test_lineups_and_rotations.gd[0m[38;2;128;128;128m > [0m[38;2;250;235;215mtest_no_replaced_player_participates[0m[38;2;34;139;34m PASSED[0m[38;2;100;149;237m 41ms[0m
[38;2;128;128;128m[0m
  [38;2;250;235;215mres://tests/simulation/test_lineups_and_rotations.gd[0m[38;2;128;128;128m > [0m[38;2;250;235;215mtest_substitutions_control_actual_participants[0m[38;2;34;139;34m STARTED[0m[38;2;128;128;128m[0m
  [38;2;250;235;215mres://tests/simulation/test_lineups_and_rotations.gd[0m[38;2;128;128;128m > [0m[38;2;250;235;215mtest_substitutions_control_actual_participants[0m[38;2;34;139;34m PASSED[0m[38;2;100;149;237m 30ms[0m
[38;2;128;128;128m[0m
  [38;2;250;235;215mres://tests/simulation/test_lineups_and_rotations.gd[0m[38;2;128;128;128m > [0m[38;2;250;235;215mtest_foul_out_does_not_change_the_rotation_role[0m[38;2;34;139;34m STARTED[0m[38;2;128;128;128m[0m
  [38;2;250;235;215mres://tests/simulation/test_lineups_and_rotations.gd[0m[38;2;128;128;128m > [0m[38;2;250;235;215mtest_foul_out_does_not_change_the_rotation_role[0m[38;2;34;139;34m PASSED[0m[38;2;100;149;237m 1s 696ms[0m
[38;2;128;128;128m[0m
  [38;2;250;235;215mres://tests/simulation/test_lineups_and_rotations.gd[0m[38;2;128;128;128m > [0m[38;2;250;235;215mtest_minutes_reconcile_from_the_event_stream[0m[38;2;34;139;34m STARTED[0m[38;2;128;128;128m[0m
  [38;2;250;235;215mres://tests/simulation/test_lineups_and_rotations.gd[0m[38;2;128;128;128m > [0m[38;2;250;235;215mtest_minutes_reconcile_from_the_event_stream[0m[38;2;34;139;34m PASSED[0m[38;2;100;149;237m 37ms[0m
[38;2;128;128;128m[0m
  [38;2;250;235;215mres://tests/simulation/test_lineups_and_rotations.gd[0m[38;2;128;128;128m > [0m[38;2;250;235;215mtest_planned_minutes_follow_rotation_role[0m[38;2;34;139;34m STARTED[0m[38;2;128;128;128m[0m
  [38;2;250;235;215mres://tests/simulation/test_lineups_and_rotations.gd[0m[38;2;128;128;128m > [0m[38;2;250;235;215mtest_planned_minutes_follow_rotation_role[0m[38;2;34;139;34m PASSED[0m[38;2;100;149;237m 30ms[0m
[38;2;128;128;128m[0m
  [38;2;250;235;215mres://tests/simulation/test_lineups_and_rotations.gd[0m[38;2;128;128;128m > [0m[38;2;250;235;215mtest_unavailable_players_never_participate[0m[38;2;34;139;34m STARTED[0m[38;2;128;128;128m[0m
  [38;2;250;235;215mres://tests/simulation/test_lineups_and_rotations.gd[0m[38;2;128;128;128m > [0m[38;2;250;235;215mtest_unavailable_players_never_participate[0m[38;2;34;139;34m PASSED[0m[38;2;100;149;237m 2s 569ms[0m
[38;2;128;128;128m[0m
[38;2;30;144;255mStatistics:[0m[38;2;128;128;128m 7 test cases | 0 errors | 0 failures | 0 flaky | 0 skipped | 0 orphans |[0m[38;2;34;139;34m PASSED[0m[38;2;100;149;237m 6s 203ms[0m
[38;2;128;128;128m[0m
[38;2;128;128;128m[0m
[38;2;0;206;209mRun Test Suite: [0m[38;2;250;235;215mres://tests/simulation/test_match_invariants.gd[0m
  [38;2;250;235;215mres://tests/simulation/test_match_invariants.gd[0m[38;2;128;128;128m > [0m[38;2;250;235;215mtest_exactly_one_offence_is_live_at_a_time[0m[38;2;34;139;34m STARTED[0m[38;2;128;128;128m[0m
  [38;2;250;235;215mres://tests/simulation/test_match_invariants.gd[0m[38;2;128;128;128m > [0m[38;2;250;235;215mtest_exactly_one_offence_is_live_at_a_time[0m[38;2;34;139;34m PASSED[0m[38;2;100;149;237m 94ms[0m
[38;2;128;128;128m[0m
  [38;2;250;235;215mres://tests/simulation/test_match_invariants.gd[0m[38;2;128;128;128m > [0m[38;2;250;235;215mtest_each_attempt_has_one_shooter_and_at_most_one_assister[0m[38;2;34;139;34m STARTED[0m[38;2;128;128;128m[0m
  [38;2;250;235;215mres://tests/simulation/test_match_invariants.gd[0m[38;2;128;128;128m > [0m[38;2;250;235;215mtest_each_attempt_has_one_shooter_and_at_most_one_assister[0m[38;2;34;139;34m PASSED[0m[38;2;100;149;237m 89ms[0m
[38;2;128;128;128m[0m
  [38;2;250;235;215mres://tests/simulation/test_match_invariants.gd[0m[38;2;128;128;128m > [0m[38;2;250;235;215mtest_rebounds_follow_a_miss[0m[38;2;34;139;34m STARTED[0m[38;2;128;128;128m[0m
  [38;2;250;235;215mres://tests/simulation/test_match_invariants.gd[0m[38;2;128;128;128m > [0m[38;2;250;235;215mtest_rebounds_follow_a_miss[0m[38;2;34;139;34m PASSED[0m[38;2;100;149;237m 62ms[0m
[38;2;128;128;128m[0m
  [38;2;250;235;215mres://tests/simulation/test_match_invariants.gd[0m[38;2;128;128;128m > [0m[38;2;250;235;215mtest_the_clock_is_monotonic_within_each_period[0m[38;2;34;139;34m STARTED[0m[38;2;128;128;128m[0m
  [38;2;250;235;215mres://tests/simulation/test_match_invariants.gd[0m[38;2;128;128;128m > [0m[38;2;250;235;215mtest_the_clock_is_monotonic_within_each_period[0m[38;2;34;139;34m PASSED[0m[38;2;100;149;237m 697ms[0m
[38;2;128;128;128m[0m
  [38;2;250;235;215mres://tests/simulation/test_match_invariants.gd[0m[38;2;128;128;128m > [0m[38;2;250;235;215mtest_score_changes_only_through_scoring_events[0m[38;2;34;139;34m STARTED[0m[38;2;128;128;128m[0m
  [38;2;250;235;215mres://tests/simulation/test_match_invariants.gd[0m[38;2;128;128;128m > [0m[38;2;250;235;215mtest_score_changes_only_through_scoring_events[0m[38;2;34;139;34m PASSED[0m[38;2;100;149;237m 45ms[0m
[38;2;128;128;128m[0m
  [38;2;250;235;215mres://tests/simulation/test_match_invariants.gd[0m[38;2;128;128;128m > [0m[38;2;250;235;215mtest_completed_matches_are_terminal_and_decided[0m[38;2;34;139;34m STARTED[0m[38;2;128;128;128m[0m
  [38;2;250;235;215mres://tests/simulation/test_match_invariants.gd[0m[38;2;128;128;128m > [0m[38;2;250;235;215mtest_completed_matches_are_terminal_and_decided[0m[38;2;34;139;34m PASSED[0m[38;2;100;149;237m 37ms[0m
[38;2;128;128;128m[0m
  [38;2;250;235;215mres://tests/simulation/test_match_invariants.gd[0m[38;2;128;128;128m > [0m[38;2;250;235;215mtest_match_events_are_contiguous[0m[38;2;34;139;34m STARTED[0m[38;2;128;128;128m[0m
  [38;2;250;235;215mres://tests/simulation/test_match_invariants.gd[0m[38;2;128;128;128m > [0m[38;2;250;235;215mtest_match_events_are_contiguous[0m[38;2;34;139;34m PASSED[0m[38;2;100;149;237m 99ms[0m
[38;2;128;128;128m[0m
  [38;2;250;235;215mres://tests/simulation/test_match_invariants.gd[0m[38;2;128;128;128m > [0m[38;2;250;235;215mtest_overtime_follows_a_tied_regulation[0m[38;2;34;139;34m STARTED[0m[38;2;128;128;128m[0m
  [38;2;250;235;215mres://tests/simulation/test_match_invariants.gd[0m[38;2;128;128;128m > [0m[38;2;250;235;215mtest_overtime_follows_a_tied_regulation[0m[38;2;34;139;34m PASSED[0m[38;2;100;149;237m 34ms[0m
[38;2;128;128;128m[0m
[38;2;30;144;255mStatistics:[0m[38;2;128;128;128m 8 test cases | 0 errors | 0 failures | 0 flaky | 0 skipped | 0 orphans |[0m[38;2;34;139;34m PASSED[0m[38;2;100;149;237m 1s 287ms[0m
[38;2;128;128;128m[0m
[38;2;128;128;128m[0m
[38;2;0;206;209mRun Test Suite: [0m[38;2;250;235;215mres://tests/simulation/test_opening_clock_contract.gd[0m
  [38;2;250;235;215mres://tests/simulation/test_opening_clock_contract.gd[0m[38;2;128;128;128m > [0m[38;2;250;235;215mtest_a_dead_ball_possession_emits_inbound_without_reducing_the_game_clock[0m[38;2;34;139;34m STARTED[0m[38;2;128;128;128m[0m
  [38;2;250;235;215mres://tests/simulation/test_opening_clock_contract.gd[0m[38;2;128;128;128m > [0m[38;2;250;235;215mtest_a_dead_ball_possession_emits_inbound_without_reducing_the_game_clock[0m[38;2;34;139;34m PASSED[0m[38;2;100;149;237m 48ms[0m
[38;2;128;128;128m[0m
  [38;2;250;235;215mres://tests/simulation/test_opening_clock_contract.gd[0m[38;2;128;128;128m > [0m[38;2;250;235;215mtest_the_game_clock_begins_consuming_only_after_the_inbound_touch[0m[38;2;34;139;34m STARTED[0m[38;2;128;128;128m[0m
  [38;2;250;235;215mres://tests/simulation/test_opening_clock_contract.gd[0m[38;2;128;128;128m > [0m[38;2;250;235;215mtest_the_game_clock_begins_consuming_only_after_the_inbound_touch[0m[38;2;34;139;34m PASSED[0m[38;2;100;149;237m 45ms[0m
[38;2;128;128;128m[0m
  [38;2;250;235;215mres://tests/simulation/test_opening_clock_contract.gd[0m[38;2;128;128;128m > [0m[38;2;250;235;215mtest_an_ordinary_possession_still_consumes_advance_and_half_court_entry[0m[38;2;34;139;34m STARTED[0m[38;2;128;128;128m[0m
  [38;2;250;235;215mres://tests/simulation/test_opening_clock_contract.gd[0m[38;2;128;128;128m > [0m[38;2;250;235;215mtest_an_ordinary_possession_still_consumes_advance_and_half_court_entry[0m[38;2;34;139;34m PASSED[0m[38;2;100;149;237m 52ms[0m
[38;2;128;128;128m[0m
  [38;2;250;235;215mres://tests/simulation/test_opening_clock_contract.gd[0m[38;2;128;128;128m > [0m[38;2;250;235;215mtest_a_timeout_advanced_possession_skips_only_the_backcourt_it_purchased[0m[38;2;34;139;34m STARTED[0m[38;2;128;128;128m[0m
  [38;2;250;235;215mres://tests/simulation/test_opening_clock_contract.gd[0m[38;2;128;128;128m > [0m[38;2;250;235;215mtest_a_timeout_advanced_possession_skips_only_the_backcourt_it_purchased[0m[38;2;34;139;34m PASSED[0m[38;2;100;149;237m 52ms[0m
[38;2;128;128;128m[0m
  [38;2;250;235;215mres://tests/simulation/test_opening_clock_contract.gd[0m[38;2;128;128;128m > [0m[38;2;250;235;215mtest_a_live_ball_transfer_neither_emits_nor_charges_a_dead_ball_inbound[0m[38;2;34;139;34m STARTED[0m[38;2;128;128;128m[0m
  [38;2;250;235;215mres://tests/simulation/test_opening_clock_contract.gd[0m[38;2;128;128;128m > [0m[38;2;250;235;215mtest_a_live_ball_transfer_neither_emits_nor_charges_a_dead_ball_inbound[0m[38;2;34;139;34m PASSED[0m[38;2;100;149;237m 54ms[0m
[38;2;128;128;128m[0m
  [38;2;250;235;215mres://tests/simulation/test_opening_clock_contract.gd[0m[38;2;128;128;128m > [0m[38;2;250;235;215mtest_a_possession_starting_at_five_thousand_ms_reaches_action_selection[0m[38;2;34;139;34m STARTED[0m[38;2;128;128;128m[0m
  [38;2;250;235;215mres://tests/simulation/test_opening_clock_contract.gd[0m[38;2;128;128;128m > [0m[38;2;250;235;215mtest_a_possession_starting_at_five_thousand_ms_reaches_action_selection[0m[38;2;34;139;34m PASSED[0m[38;2;100;149;237m 5s 61ms[0m
[38;2;128;128;128m[0m
  [38;2;250;235;215mres://tests/simulation/test_opening_clock_contract.gd[0m[38;2;128;128;128m > [0m[38;2;250;235;215mtest_a_possession_below_five_thousand_ms_gets_no_free_half_court_setup[0m[38;2;34;139;34m STARTED[0m[38;2;128;128;128m[0m
  [38;2;250;235;215mres://tests/simulation/test_opening_clock_contract.gd[0m[38;2;128;128;128m > [0m[38;2;250;235;215mtest_a_possession_below_five_thousand_ms_gets_no_free_half_court_setup[0m[38;2;34;139;34m PASSED[0m[38;2;100;149;237m 1s 115ms[0m
[38;2;128;128;128m[0m
  [38;2;250;235;215mres://tests/simulation/test_opening_clock_contract.gd[0m[38;2;128;128;128m > [0m[38;2;250;235;215mtest_a_possession_too_short_to_cross_half_court_never_emits_an_advance[0m[38;2;34;139;34m STARTED[0m[38;2;128;128;128m[0m
  [38;2;250;235;215mres://tests/simulation/test_opening_clock_contract.gd[0m[38;2;128;128;128m > [0m[38;2;250;235;215mtest_a_possession_too_short_to_cross_half_court_never_emits_an_advance[0m[38;2;34;139;34m PASSED[0m[38;2;100;149;237m 390ms[0m
[38;2;128;128;128m[0m
  [38;2;250;235;215mres://tests/simulation/test_opening_clock_contract.gd[0m[38;2;128;128;128m > [0m[38;2;250;235;215mtest_the_tactical_location_depth_ladder_orders_backcourt_beyond_deep[0m[38;2;34;139;34m STARTED[0m[38;2;128;128;128m[0m
  [38;2;250;235;215mres://tests/simulation/test_opening_clock_contract.gd[0m[38;2;128;128;128m > [0m[38;2;250;235;215mtest_the_tactical_location_depth_ladder_orders_backcourt_beyond_deep[0m[38;2;34;139;34m PASSED[0m[38;2;100;149;237m 49ms[0m
[38;2;128;128;128m[0m
  [38;2;250;235;215mres://tests/simulation/test_opening_clock_contract.gd[0m[38;2;128;128;128m > [0m[38;2;250;235;215mtest_a_backcourt_attempt_does_not_receive_ordinary_arc_shot_odds[0m[38;2;34;139;34m STARTED[0m[38;2;128;128;128m[0m
  [38;2;250;235;215mres://tests/simulation/test_opening_clock_contract.gd[0m[38;2;128;128;128m > [0m[38;2;250;235;215mtest_a_backcourt_attempt_does_not_receive_ordinary_arc_shot_odds[0m[38;2;34;139;34m PASSED[0m[38;2;100;149;237m 53ms[0m
[38;2;128;128;128m[0m
  [38;2;250;235;215mres://tests/simulation/test_opening_clock_contract.gd[0m[38;2;128;128;128m > [0m[38;2;250;235;215mtest_an_ordinary_possession_carries_no_location_and_no_location_penalty[0m[38;2;34;139;34m STARTED[0m[38;2;128;128;128m[0m
  [38;2;250;235;215mres://tests/simulation/test_opening_clock_contract.gd[0m[38;2;128;128;128m > [0m[38;2;250;235;215mtest_an_ordinary_possession_carries_no_location_and_no_location_penalty[0m[38;2;34;139;34m PASSED[0m[38;2;100;149;237m 57ms[0m
[38;2;128;128;128m[0m
  [38;2;250;235;215mres://tests/simulation/test_opening_clock_contract.gd[0m[38;2;128;128;128m > [0m[38;2;250;235;215mtest_the_location_consequence_is_independent_of_score_and_margin[0m[38;2;34;139;34m STARTED[0m[38;2;128;128;128m[0m
  [38;2;250;235;215mres://tests/simulation/test_opening_clock_contract.gd[0m[38;2;128;128;128m > [0m[38;2;250;235;215mtest_the_location_consequence_is_independent_of_score_and_margin[0m[38;2;34;139;34m PASSED[0m[38;2;100;149;237m 64ms[0m
[38;2;128;128;128m[0m
  [38;2;250;235;215mres://tests/simulation/test_opening_clock_contract.gd[0m[38;2;128;128;128m > [0m[38;2;250;235;215mtest_no_desperation_path_guarantees_an_attempt_a_make_or_a_tie[0m[38;2;34;139;34m STARTED[0m[38;2;128;128;128m[0m
  [38;2;250;235;215mres://tests/simulation/test_opening_clock_contract.gd[0m[38;2;128;128;128m > [0m[38;2;250;235;215mtest_no_desperation_path_guarantees_an_attempt_a_make_or_a_tie[0m[38;2;34;139;34m PASSED[0m[38;2;100;149;237m 4s 151ms[0m
[38;2;128;128;128m[0m
  [38;2;250;235;215mres://tests/simulation/test_opening_clock_contract.gd[0m[38;2;128;128;128m > [0m[38;2;250;235;215mtest_period_expiration_remains_terminal_and_actions_stay_before_the_horn[0m[38;2;34;139;34m STARTED[0m[38;2;128;128;128m[0m
  [38;2;250;235;215mres://tests/simulation/test_opening_clock_contract.gd[0m[38;2;128;128;128m > [0m[38;2;250;235;215mtest_period_expiration_remains_terminal_and_actions_stay_before_the_horn[0m[38;2;34;139;34m PASSED[0m[38;2;100;149;237m 4s 284ms[0m
[38;2;128;128;128m[0m
  [38;2;250;235;215mres://tests/simulation/test_opening_clock_contract.gd[0m[38;2;128;128;128m > [0m[38;2;250;235;215mtest_a_possession_shorter_than_any_action_draw_still_selects_one[0m[38;2;34;139;34m STARTED[0m[38;2;128;128;128m[0m
  [38;2;250;235;215mres://tests/simulation/test_opening_clock_contract.gd[0m[38;2;128;128;128m > [0m[38;2;250;235;215mtest_a_possession_shorter_than_any_action_draw_still_selects_one[0m[38;2;34;139;34m PASSED[0m[38;2;100;149;237m 582ms[0m
[38;2;128;128;128m[0m
  [38;2;250;235;215mres://tests/simulation/test_opening_clock_contract.gd[0m[38;2;128;128;128m > [0m[38;2;250;235;215mtest_event_clocks_are_monotonic_within_a_period_and_never_negative[0m[38;2;34;139;34m STARTED[0m[38;2;128;128;128m[0m
  [38;2;250;235;215mres://tests/simulation/test_opening_clock_contract.gd[0m[38;2;128;128;128m > [0m[38;2;250;235;215mtest_event_clocks_are_monotonic_within_a_period_and_never_negative[0m[38;2;34;139;34m PASSED[0m[38;2;100;149;237m 9s 863ms[0m
[38;2;128;128;128m[0m
  [38;2;250;235;215mres://tests/simulation/test_opening_clock_contract.gd[0m[38;2;128;128;128m > [0m[38;2;250;235;215mtest_the_ordinary_opening_keeps_its_event_shape[0m[38;2;34;139;34m STARTED[0m[38;2;128;128;128m[0m
  [38;2;250;235;215mres://tests/simulation/test_opening_clock_contract.gd[0m[38;2;128;128;128m > [0m[38;2;250;235;215mtest_the_ordinary_opening_keeps_its_event_shape[0m[38;2;34;139;34m PASSED[0m[38;2;100;149;237m 1s 478ms[0m
[38;2;128;128;128m[0m
[38;2;30;144;255mStatistics:[0m[38;2;128;128;128m 17 test cases | 0 errors | 0 failures | 0 flaky | 0 skipped | 0 orphans |[0m[38;2;34;139;34m PASSED[0m[38;2;100;149;237m 28s 359ms[0m
[38;2;128;128;128m[0m
[38;2;128;128;128m[0m
[38;2;0;206;209mRun Test Suite: [0m[38;2;250;235;215mres://tests/simulation/test_overtime_trigger.gd[0m
  [38;2;250;235;215mres://tests/simulation/test_overtime_trigger.gd[0m[38;2;128;128;128m > [0m[38;2;250;235;215mtest_only_a_level_score_leaves_regulation_incomplete[0m[38;2;34;139;34m STARTED[0m[38;2;128;128;128m[0m
  [38;2;250;235;215mres://tests/simulation/test_overtime_trigger.gd[0m[38;2;128;128;128m > [0m[38;2;250;235;215mtest_only_a_level_score_leaves_regulation_incomplete[0m[38;2;34;139;34m PASSED[0m[38;2;100;149;237m 91ms[0m
[38;2;128;128;128m[0m
  [38;2;250;235;215mres://tests/simulation/test_overtime_trigger.gd[0m[38;2;128;128;128m > [0m[38;2;250;235;215mtest_a_running_clock_never_completes_a_match[0m[38;2;34;139;34m STARTED[0m[38;2;128;128;128m[0m
  [38;2;250;235;215mres://tests/simulation/test_overtime_trigger.gd[0m[38;2;128;128;128m > [0m[38;2;250;235;215mtest_a_running_clock_never_completes_a_match[0m[38;2;34;139;34m PASSED[0m[38;2;100;149;237m 101ms[0m
[38;2;128;128;128m[0m
  [38;2;250;235;215mres://tests/simulation/test_overtime_trigger.gd[0m[38;2;128;128;128m > [0m[38;2;250;235;215mtest_a_level_score_before_the_final_period_is_not_overtime[0m[38;2;34;139;34m STARTED[0m[38;2;128;128;128m[0m
  [38;2;250;235;215mres://tests/simulation/test_overtime_trigger.gd[0m[38;2;128;128;128m > [0m[38;2;250;235;215mtest_a_level_score_before_the_final_period_is_not_overtime[0m[38;2;34;139;34m PASSED[0m[38;2;100;149;237m 44ms[0m
[38;2;128;128;128m[0m
  [38;2;250;235;215mres://tests/simulation/test_overtime_trigger.gd[0m[38;2;128;128;128m > [0m[38;2;250;235;215mtest_no_competition_profile_can_bypass_or_shorten_away_overtime[0m[38;2;34;139;34m STARTED[0m[38;2;128;128;128m[0m
  [38;2;250;235;215mres://tests/simulation/test_overtime_trigger.gd[0m[38;2;128;128;128m > [0m[38;2;250;235;215mtest_no_competition_profile_can_bypass_or_shorten_away_overtime[0m[38;2;34;139;34m PASSED[0m[38;2;100;149;237m 50ms[0m
[38;2;128;128;128m[0m
  [38;2;250;235;215mres://tests/simulation/test_overtime_trigger.gd[0m[38;2;128;128;128m > [0m[38;2;250;235;215mtest_the_overtime_counter_is_the_period_number_past_regulation[0m[38;2;34;139;34m STARTED[0m[38;2;128;128;128m[0m
  [38;2;250;235;215mres://tests/simulation/test_overtime_trigger.gd[0m[38;2;128;128;128m > [0m[38;2;250;235;215mtest_the_overtime_counter_is_the_period_number_past_regulation[0m[38;2;34;139;34m PASSED[0m[38;2;100;149;237m 45ms[0m
[38;2;128;128;128m[0m
  [38;2;250;235;215mres://tests/simulation/test_overtime_trigger.gd[0m[38;2;128;128;128m > [0m[38;2;250;235;215mtest_every_replayed_regulation_tie_entered_overtime_and_no_other_game_did[0m[38;2;34;139;34m STARTED[0m[38;2;128;128;128m[0m
  [38;2;250;235;215mres://tests/simulation/test_overtime_trigger.gd[0m[38;2;128;128;128m > [0m[38;2;250;235;215mtest_every_replayed_regulation_tie_entered_overtime_and_no_other_game_did[0m[38;2;34;139;34m PASSED[0m[38;2;100;149;237m 1min 13s 366ms[0m
[38;2;128;128;128m[0m
  [38;2;250;235;215mres://tests/simulation/test_overtime_trigger.gd[0m[38;2;128;128;128m > [0m[38;2;250;235;215mtest_a_level_overtime_opens_another_one[0m[38;2;34;139;34m STARTED[0m[38;2;128;128;128m[0m
  [38;2;250;235;215mres://tests/simulation/test_overtime_trigger.gd[0m[38;2;128;128;128m > [0m[38;2;250;235;215mtest_a_level_overtime_opens_another_one[0m[38;2;34;139;34m PASSED[0m[38;2;100;149;237m 1min 0s 132ms[0m
[38;2;128;128;128m[0m
  [38;2;250;235;215mres://tests/simulation/test_overtime_trigger.gd[0m[38;2;128;128;128m > [0m[38;2;250;235;215mtest_no_score_is_committed_after_the_horn_and_none_before_it_is_lost[0m[38;2;34;139;34m STARTED[0m[38;2;128;128;128m[0m
  [38;2;250;235;215mres://tests/simulation/test_overtime_trigger.gd[0m[38;2;128;128;128m > [0m[38;2;250;235;215mtest_no_score_is_committed_after_the_horn_and_none_before_it_is_lost[0m[38;2;34;139;34m PASSED[0m[38;2;100;149;237m 3s 278ms[0m
[38;2;128;128;128m[0m
  [38;2;250;235;215mres://tests/simulation/test_overtime_trigger.gd[0m[38;2;128;128;128m > [0m[38;2;250;235;215mtest_an_expired_possession_ends_at_exactly_zero[0m[38;2;34;139;34m STARTED[0m[38;2;128;128;128m[0m
  [38;2;250;235;215mres://tests/simulation/test_overtime_trigger.gd[0m[38;2;128;128;128m > [0m[38;2;250;235;215mtest_an_expired_possession_ends_at_exactly_zero[0m[38;2;34;139;34m PASSED[0m[38;2;100;149;237m 2s 527ms[0m
[38;2;128;128;128m[0m
  [38;2;250;235;215mres://tests/simulation/test_overtime_trigger.gd[0m[38;2;128;128;128m > [0m[38;2;250;235;215mtest_a_free_throw_trip_drawn_before_the_horn_is_shot_in_full[0m[38;2;34;139;34m STARTED[0m[38;2;128;128;128m[0m
  [38;2;250;235;215mres://tests/simulation/test_overtime_trigger.gd[0m[38;2;128;128;128m > [0m[38;2;250;235;215mtest_a_free_throw_trip_drawn_before_the_horn_is_shot_in_full[0m[38;2;34;139;34m PASSED[0m[38;2;100;149;237m 2s 461ms[0m
[38;2;128;128;128m[0m
  [38;2;250;235;215mres://tests/simulation/test_overtime_trigger.gd[0m[38;2;128;128;128m > [0m[38;2;250;235;215mtest_a_missed_final_free_throw_is_rebounded_or_expires[0m[38;2;34;139;34m STARTED[0m[38;2;128;128;128m[0m
  [38;2;250;235;215mres://tests/simulation/test_overtime_trigger.gd[0m[38;2;128;128;128m > [0m[38;2;250;235;215mtest_a_missed_final_free_throw_is_rebounded_or_expires[0m[38;2;34;139;34m PASSED[0m[38;2;100;149;237m 2s 703ms[0m
[38;2;128;128;128m[0m
  [38;2;250;235;215mres://tests/simulation/test_overtime_trigger.gd[0m[38;2;128;128;128m > [0m[38;2;250;235;215mtest_the_final_regulation_score_is_committed_before_the_period_ends[0m[38;2;34;139;34m STARTED[0m[38;2;128;128;128m[0m
  [38;2;250;235;215mres://tests/simulation/test_overtime_trigger.gd[0m[38;2;128;128;128m > [0m[38;2;250;235;215mtest_the_final_regulation_score_is_committed_before_the_period_ends[0m[38;2;34;139;34m PASSED[0m[38;2;100;149;237m 1min 21s 897ms[0m
[38;2;128;128;128m[0m
  [38;2;250;235;215mres://tests/simulation/test_overtime_trigger.gd[0m[38;2;128;128;128m > [0m[38;2;250;235;215mtest_play_sim_and_skip_agree_about_regulation_ties[0m[38;2;34;139;34m STARTED[0m[38;2;128;128;128m[0m
  [38;2;250;235;215mres://tests/simulation/test_overtime_trigger.gd[0m[38;2;128;128;128m > [0m[38;2;250;235;215mtest_play_sim_and_skip_agree_about_regulation_ties[0m[38;2;34;139;34m PASSED[0m[38;2;100;149;237m 2min 5s 700ms[0m
[38;2;128;128;128m[0m
[38;2;30;144;255mStatistics:[0m[38;2;128;128;128m 13 test cases | 0 errors | 0 failures | 0 flaky | 0 skipped | 0 orphans |[0m[38;2;34;139;34m PASSED[0m[38;2;100;149;237m 5min 53s 785ms[0m
[38;2;128;128;128m[0m
[38;2;128;128;128m[0m
[38;2;0;206;209mRun Test Suite: [0m[38;2;250;235;215mres://tests/simulation/test_passing_and_defense.gd[0m
  [38;2;250;235;215mres://tests/simulation/test_passing_and_defense.gd[0m[38;2;128;128;128m > [0m[38;2;250;235;215mtest_assists_qualify_against_a_made_basket_by_a_team_mate[0m[38;2;34;139;34m STARTED[0m[38;2;128;128;128m[0m
  [38;2;250;235;215mres://tests/simulation/test_passing_and_defense.gd[0m[38;2;128;128;128m > [0m[38;2;250;235;215mtest_assists_qualify_against_a_made_basket_by_a_team_mate[0m[38;2;34;139;34m PASSED[0m[38;2;100;149;237m 65ms[0m
[38;2;128;128;128m[0m
  [38;2;250;235;215mres://tests/simulation/test_passing_and_defense.gd[0m[38;2;128;128;128m > [0m[38;2;250;235;215mtest_assists_never_exceed_made_field_goals[0m[38;2;34;139;34m STARTED[0m[38;2;128;128;128m[0m
  [38;2;250;235;215mres://tests/simulation/test_passing_and_defense.gd[0m[38;2;128;128;128m > [0m[38;2;250;235;215mtest_assists_never_exceed_made_field_goals[0m[38;2;34;139;34m PASSED[0m[38;2;100;149;237m 234ms[0m
[38;2;128;128;128m[0m
  [38;2;250;235;215mres://tests/simulation/test_passing_and_defense.gd[0m[38;2;128;128;128m > [0m[38;2;250;235;215mtest_assisted_state_is_recorded_on_every_made_basket[0m[38;2;34;139;34m STARTED[0m[38;2;128;128;128m[0m
  [38;2;250;235;215mres://tests/simulation/test_passing_and_defense.gd[0m[38;2;128;128;128m > [0m[38;2;250;235;215mtest_assisted_state_is_recorded_on_every_made_basket[0m[38;2;34;139;34m PASSED[0m[38;2;100;149;237m 46ms[0m
[38;2;128;128;128m[0m
  [38;2;250;235;215mres://tests/simulation/test_passing_and_defense.gd[0m[38;2;128;128;128m > [0m[38;2;250;235;215mtest_steals_are_credited_only_for_defender_caused_turnovers[0m[38;2;34;139;34m STARTED[0m[38;2;128;128;128m[0m
  [38;2;250;235;215mres://tests/simulation/test_passing_and_defense.gd[0m[38;2;128;128;128m > [0m[38;2;250;235;215mtest_steals_are_credited_only_for_defender_caused_turnovers[0m[38;2;34;139;34m PASSED[0m[38;2;100;149;237m 61ms[0m
[38;2;128;128;128m[0m
  [38;2;250;235;215mres://tests/simulation/test_passing_and_defense.gd[0m[38;2;128;128;128m > [0m[38;2;250;235;215mtest_unforced_turnovers_credit_no_steal[0m[38;2;34;139;34m STARTED[0m[38;2;128;128;128m[0m
  [38;2;250;235;215mres://tests/simulation/test_passing_and_defense.gd[0m[38;2;128;128;128m > [0m[38;2;250;235;215mtest_unforced_turnovers_credit_no_steal[0m[38;2;34;139;34m PASSED[0m[38;2;100;149;237m 75ms[0m
[38;2;128;128;128m[0m
  [38;2;250;235;215mres://tests/simulation/test_passing_and_defense.gd[0m[38;2;128;128;128m > [0m[38;2;250;235;215mtest_blocks_accompany_a_missed_attempt_by_a_defender[0m[38;2;34;139;34m STARTED[0m[38;2;128;128;128m[0m
  [38;2;250;235;215mres://tests/simulation/test_passing_and_defense.gd[0m[38;2;128;128;128m > [0m[38;2;250;235;215mtest_blocks_accompany_a_missed_attempt_by_a_defender[0m[38;2;34;139;34m PASSED[0m[38;2;100;149;237m 305ms[0m
[38;2;128;128;128m[0m
[38;2;30;144;255mStatistics:[0m[38;2;128;128;128m 6 test cases | 0 errors | 0 failures | 0 flaky | 0 skipped | 0 orphans |[0m[38;2;34;139;34m PASSED[0m[38;2;100;149;237m 2s 0ms[0m
[38;2;128;128;128m[0m
[38;2;128;128;128m[0m
[38;2;0;206;209mRun Test Suite: [0m[38;2;250;235;215mres://tests/simulation/test_play_sim_skip_parity.gd[0m
  [38;2;250;235;215mres://tests/simulation/test_play_sim_skip_parity.gd[0m[38;2;128;128;128m > [0m[38;2;250;235;215mtest_stepped_play_matches_full_simulation[0m[38;2;34;139;34m STARTED[0m[38;2;128;128;128m[0m
  [38;2;250;235;215mres://tests/simulation/test_play_sim_skip_parity.gd[0m[38;2;128;128;128m > [0m[38;2;250;235;215mtest_stepped_play_matches_full_simulation[0m[38;2;34;139;34m PASSED[0m[38;2;100;149;237m 5s 252ms[0m
[38;2;128;128;128m[0m
  [38;2;250;235;215mres://tests/simulation/test_play_sim_skip_parity.gd[0m[38;2;128;128;128m > [0m[38;2;250;235;215mtest_skip_to_final_matches_full_simulation[0m[38;2;34;139;34m STARTED[0m[38;2;128;128;128m[0m
  [38;2;250;235;215mres://tests/simulation/test_play_sim_skip_parity.gd[0m[38;2;128;128;128m > [0m[38;2;250;235;215mtest_skip_to_final_matches_full_simulation[0m[38;2;34;139;34m PASSED[0m[38;2;100;149;237m 4s 950ms[0m
[38;2;128;128;128m[0m
  [38;2;250;235;215mres://tests/simulation/test_play_sim_skip_parity.gd[0m[38;2;128;128;128m > [0m[38;2;250;235;215mtest_all_three_executors_agree_on_a_game_that_reaches_overtime[0m[38;2;34;139;34m STARTED[0m[38;2;128;128;128m[0m
  [38;2;250;235;215mres://tests/simulation/test_play_sim_skip_parity.gd[0m[38;2;128;128;128m > [0m[38;2;250;235;215mtest_all_three_executors_agree_on_a_game_that_reaches_overtime[0m[38;2;34;139;34m PASSED[0m[38;2;100;149;237m 3s 632ms[0m
[38;2;128;128;128m[0m
  [38;2;250;235;215mres://tests/simulation/test_play_sim_skip_parity.gd[0m[38;2;128;128;128m > [0m[38;2;250;235;215mtest_skip_to_appearance_then_finish_matches_full_simulation[0m[38;2;34;139;34m STARTED[0m[38;2;128;128;128m[0m
  [38;2;250;235;215mres://tests/simulation/test_play_sim_skip_parity.gd[0m[38;2;128;128;128m > [0m[38;2;250;235;215mtest_skip_to_appearance_then_finish_matches_full_simulation[0m[38;2;34;139;34m PASSED[0m[38;2;100;149;237m 4s 397ms[0m
[38;2;128;128;128m[0m
  [38;2;250;235;215mres://tests/simulation/test_play_sim_skip_parity.gd[0m[38;2;128;128;128m > [0m[38;2;250;235;215mtest_resuming_a_partial_session_does_not_reroll[0m[38;2;34;139;34m STARTED[0m[38;2;128;128;128m[0m
  [38;2;250;235;215mres://tests/simulation/test_play_sim_skip_parity.gd[0m[38;2;128;128;128m > [0m[38;2;250;235;215mtest_resuming_a_partial_session_does_not_reroll[0m[38;2;34;139;34m PASSED[0m[38;2;100;149;237m 2s 82ms[0m
[38;2;128;128;128m[0m
  [38;2;250;235;215mres://tests/simulation/test_play_sim_skip_parity.gd[0m[38;2;128;128;128m > [0m[38;2;250;235;215mtest_manual_and_automatic_free_throws_share_one_contract[0m[38;2;34;139;34m STARTED[0m[38;2;128;128;128m[0m
  [38;2;250;235;215mres://tests/simulation/test_play_sim_skip_parity.gd[0m[38;2;128;128;128m > [0m[38;2;250;235;215mtest_manual_and_automatic_free_throws_share_one_contract[0m[38;2;34;139;34m PASSED[0m[38;2;100;149;237m 79ms[0m
[38;2;128;128;128m[0m
[38;2;30;144;255mStatistics:[0m[38;2;128;128;128m 6 test cases | 0 errors | 0 failures | 0 flaky | 0 skipped | 0 orphans |[0m[38;2;34;139;34m PASSED[0m[38;2;100;149;237m 21s 669ms[0m
[38;2;128;128;128m[0m
[38;2;128;128;128m[0m
[38;2;0;206;209mRun Test Suite: [0m[38;2;250;235;215mres://tests/simulation/test_possession_contract.gd[0m
  [38;2;250;235;215mres://tests/simulation/test_possession_contract.gd[0m[38;2;128;128;128m > [0m[38;2;250;235;215mtest_every_possession_has_exactly_one_start_and_one_end[0m[38;2;34;139;34m STARTED[0m[38;2;128;128;128m[0m
  [38;2;250;235;215mres://tests/simulation/test_possession_contract.gd[0m[38;2;128;128;128m > [0m[38;2;250;235;215mtest_every_possession_has_exactly_one_start_and_one_end[0m[38;2;34;139;34m PASSED[0m[38;2;100;149;237m 46ms[0m
[38;2;128;128;128m[0m
  [38;2;250;235;215mres://tests/simulation/test_possession_contract.gd[0m[38;2;128;128;128m > [0m[38;2;250;235;215mtest_possession_and_action_identity_are_stable[0m[38;2;34;139;34m STARTED[0m[38;2;128;128;128m[0m
  [38;2;250;235;215mres://tests/simulation/test_possession_contract.gd[0m[38;2;128;128;128m > [0m[38;2;250;235;215mtest_possession_and_action_identity_are_stable[0m[38;2;34;139;34m PASSED[0m[38;2;100;149;237m 128ms[0m
[38;2;128;128;128m[0m
  [38;2;250;235;215mres://tests/simulation/test_possession_contract.gd[0m[38;2;128;128;128m > [0m[38;2;250;235;215mtest_offensive_rebound_does_not_start_a_new_possession[0m[38;2;34;139;34m STARTED[0m[38;2;128;128;128m[0m
  [38;2;250;235;215mres://tests/simulation/test_possession_contract.gd[0m[38;2;128;128;128m > [0m[38;2;250;235;215mtest_offensive_rebound_does_not_start_a_new_possession[0m[38;2;34;139;34m PASSED[0m[38;2;100;149;237m 304ms[0m
[38;2;128;128;128m[0m
  [38;2;250;235;215mres://tests/simulation/test_possession_contract.gd[0m[38;2;128;128;128m > [0m[38;2;250;235;215mtest_possession_end_identifies_the_offence_that_ended[0m[38;2;34;139;34m STARTED[0m[38;2;128;128;128m[0m
  [38;2;250;235;215mres://tests/simulation/test_possession_contract.gd[0m[38;2;128;128;128m > [0m[38;2;250;235;215mtest_possession_end_identifies_the_offence_that_ended[0m[38;2;34;139;34m PASSED[0m[38;2;100;149;237m 63ms[0m
[38;2;128;128;128m[0m
  [38;2;250;235;215mres://tests/simulation/test_possession_contract.gd[0m[38;2;128;128;128m > [0m[38;2;250;235;215mtest_terminal_reasons_transfer_possession_correctly[0m[38;2;34;139;34m STARTED[0m[38;2;128;128;128m[0m
  [38;2;250;235;215mres://tests/simulation/test_possession_contract.gd[0m[38;2;128;128;128m > [0m[38;2;250;235;215mtest_terminal_reasons_transfer_possession_correctly[0m[38;2;34;139;34m PASSED[0m[38;2;100;149;237m 40ms[0m
[38;2;128;128;128m[0m
  [38;2;250;235;215mres://tests/simulation/test_possession_contract.gd[0m[38;2;128;128;128m > [0m[38;2;250;235;215mtest_period_expiry_terminates_a_possession[0m[38;2;34;139;34m STARTED[0m[38;2;128;128;128m[0m
  [38;2;250;235;215mres://tests/simulation/test_possession_contract.gd[0m[38;2;128;128;128m > [0m[38;2;250;235;215mtest_period_expiry_terminates_a_possession[0m[38;2;34;139;34m PASSED[0m[38;2;100;149;237m 49ms[0m
[38;2;128;128;128m[0m
  [38;2;250;235;215mres://tests/simulation/test_possession_contract.gd[0m[38;2;128;128;128m > [0m[38;2;250;235;215mtest_offensive_rebound_applies_the_rule_profile_reset[0m[38;2;34;139;34m STARTED[0m[38;2;128;128;128m[0m
  [38;2;250;235;215mres://tests/simulation/test_possession_contract.gd[0m[38;2;128;128;128m > [0m[38;2;250;235;215mtest_offensive_rebound_applies_the_rule_profile_reset[0m[38;2;34;139;34m PASSED[0m[38;2;100;149;237m 3s 56ms[0m
[38;2;128;128;128m[0m
  [38;2;250;235;215mres://tests/simulation/test_possession_contract.gd[0m[38;2;128;128;128m > [0m[38;2;250;235;215mtest_shot_clock_violations_are_recorded_as_turnovers[0m[38;2;34;139;34m STARTED[0m[38;2;128;128;128m[0m
  [38;2;250;235;215mres://tests/simulation/test_possession_contract.gd[0m[38;2;128;128;128m > [0m[38;2;250;235;215mtest_shot_clock_violations_are_recorded_as_turnovers[0m[38;2;34;139;34m PASSED[0m[38;2;100;149;237m 42ms[0m
[38;2;128;128;128m[0m
[38;2;30;144;255mStatistics:[0m[38;2;128;128;128m 8 test cases | 0 errors | 0 failures | 0 flaky | 0 skipped | 0 orphans |[0m[38;2;34;139;34m PASSED[0m[38;2;100;149;237m 4s 544ms[0m
[38;2;128;128;128m[0m
[38;2;128;128;128m[0m
[38;2;0;206;209mRun Test Suite: [0m[38;2;250;235;215mres://tests/simulation/test_possession_determinism.gd[0m
  [38;2;250;235;215mres://tests/simulation/test_possession_determinism.gd[0m[38;2;128;128;128m > [0m[38;2;250;235;215mtest_same_fixture_and_seed_reproduce_possession[0m[38;2;34;139;34m STARTED[0m[38;2;128;128;128m[0m
  [38;2;250;235;215mres://tests/simulation/test_possession_determinism.gd[0m[38;2;128;128;128m > [0m[38;2;250;235;215mtest_same_fixture_and_seed_reproduce_possession[0m[38;2;34;139;34m PASSED[0m[38;2;100;149;237m 598ms[0m
[38;2;128;128;128m[0m
[38;2;30;144;255mStatistics:[0m[38;2;128;128;128m 1 test cases | 0 errors | 0 failures | 0 flaky | 0 skipped | 0 orphans |[0m[38;2;34;139;34m PASSED[0m[38;2;100;149;237m 964ms[0m
[38;2;128;128;128m[0m
[38;2;128;128;128m[0m
[38;2;0;206;209mRun Test Suite: [0m[38;2;250;235;215mres://tests/simulation/test_possession_state_machine.gd[0m
  [38;2;250;235;215mres://tests/simulation/test_possession_state_machine.gd[0m[38;2;128;128;128m > [0m[38;2;250;235;215mtest_declares_all_authoritative_nodes[0m[38;2;34;139;34m STARTED[0m[38;2;128;128;128m[0m
  [38;2;250;235;215mres://tests/simulation/test_possession_state_machine.gd[0m[38;2;128;128;128m > [0m[38;2;250;235;215mtest_declares_all_authoritative_nodes[0m[38;2;34;139;34m PASSED[0m[38;2;100;149;237m 35ms[0m
[38;2;128;128;128m[0m
[38;2;30;144;255mStatistics:[0m[38;2;128;128;128m 1 test cases | 0 errors | 0 failures | 0 flaky | 0 skipped | 0 orphans |[0m[38;2;34;139;34m PASSED[0m[38;2;100;149;237m 71ms[0m
[38;2;128;128;128m[0m
[38;2;128;128;128m[0m
[38;2;0;206;209mRun Test Suite: [0m[38;2;250;235;215mres://tests/simulation/test_rebounding.gd[0m
  [38;2;250;235;215mres://tests/simulation/test_rebounding.gd[0m[38;2;128;128;128m > [0m[38;2;250;235;215mtest_every_reboundable_miss_produces_one_rebound[0m[38;2;34;139;34m STARTED[0m[38;2;128;128;128m[0m
  [38;2;250;235;215mres://tests/simulation/test_rebounding.gd[0m[38;2;128;128;128m > [0m[38;2;250;235;215mtest_every_reboundable_miss_produces_one_rebound[0m[38;2;34;139;34m PASSED[0m[38;2;100;149;237m 255ms[0m
[38;2;128;128;128m[0m
  [38;2;250;235;215mres://tests/simulation/test_rebounding.gd[0m[38;2;128;128;128m > [0m[38;2;250;235;215mtest_offensive_and_defensive_rebounds_are_both_attributed[0m[38;2;34;139;34m STARTED[0m[38;2;128;128;128m[0m
  [38;2;250;235;215mres://tests/simulation/test_rebounding.gd[0m[38;2;128;128;128m > [0m[38;2;250;235;215mtest_offensive_and_defensive_rebounds_are_both_attributed[0m[38;2;34;139;34m PASSED[0m[38;2;100;149;237m 72ms[0m
[38;2;128;128;128m[0m
  [38;2;250;235;215mres://tests/simulation/test_rebounding.gd[0m[38;2;128;128;128m > [0m[38;2;250;235;215mtest_offensive_rebound_percentage_uses_the_required_denominator[0m[38;2;34;139;34m STARTED[0m[38;2;128;128;128m[0m
  [38;2;250;235;215mres://tests/simulation/test_rebounding.gd[0m[38;2;128;128;128m > [0m[38;2;250;235;215mtest_offensive_rebound_percentage_uses_the_required_denominator[0m[38;2;34;139;34m PASSED[0m[38;2;100;149;237m 48ms[0m
[38;2;128;128;128m[0m
  [38;2;250;235;215mres://tests/simulation/test_rebounding.gd[0m[38;2;128;128;128m > [0m[38;2;250;235;215mtest_offensive_rebounds_produce_putbacks[0m[38;2;34;139;34m STARTED[0m[38;2;128;128;128m[0m
  [38;2;250;235;215mres://tests/simulation/test_rebounding.gd[0m[38;2;128;128;128m > [0m[38;2;250;235;215mtest_offensive_rebounds_produce_putbacks[0m[38;2;34;139;34m PASSED[0m[38;2;100;149;237m 58ms[0m
[38;2;128;128;128m[0m
  [38;2;250;235;215mres://tests/simulation/test_rebounding.gd[0m[38;2;128;128;128m > [0m[38;2;250;235;215mtest_second_chance_points_are_recorded[0m[38;2;34;139;34m STARTED[0m[38;2;128;128;128m[0m
  [38;2;250;235;215mres://tests/simulation/test_rebounding.gd[0m[38;2;128;128;128m > [0m[38;2;250;235;215mtest_second_chance_points_are_recorded[0m[38;2;34;139;34m PASSED[0m[38;2;100;149;237m 263ms[0m
[38;2;128;128;128m[0m
  [38;2;250;235;215mres://tests/simulation/test_rebounding.gd[0m[38;2;128;128;128m > [0m[38;2;250;235;215mtest_defensive_rebounding_rating_changes_the_defensive_glass[0m[38;2;34;139;34m STARTED[0m[38;2;128;128;128m[0m
  [38;2;250;235;215mres://tests/simulation/test_rebounding.gd[0m[38;2;128;128;128m > [0m[38;2;250;235;215mtest_defensive_rebounding_rating_changes_the_defensive_glass[0m[38;2;34;139;34m PASSED[0m[38;2;100;149;237m 5s 495ms[0m
[38;2;128;128;128m[0m
[38;2;30;144;255mStatistics:[0m[38;2;128;128;128m 6 test cases | 0 errors | 0 failures | 0 flaky | 0 skipped | 0 orphans |[0m[38;2;34;139;34m PASSED[0m[38;2;100;149;237m 7s 425ms[0m
[38;2;128;128;128m[0m
[38;2;128;128;128m[0m
[38;2;0;206;209mRun Test Suite: [0m[38;2;250;235;215mres://tests/simulation/test_restart_contract.gd[0m
  [38;2;250;235;215mres://tests/simulation/test_restart_contract.gd[0m[38;2;128;128;128m > [0m[38;2;250;235;215mtest_every_whistle_restart_emits_its_throw_in_at_the_starting_clock[0m[38;2;34;139;34m STARTED[0m[38;2;128;128;128m[0m
  [38;2;250;235;215mres://tests/simulation/test_restart_contract.gd[0m[38;2;128;128;128m > [0m[38;2;250;235;215mtest_every_whistle_restart_emits_its_throw_in_at_the_starting_clock[0m[38;2;34;139;34m PASSED[0m[38;2;100;149;237m 445ms[0m
[38;2;128;128;128m[0m
  [38;2;250;235;215mres://tests/simulation/test_restart_contract.gd[0m[38;2;128;128;128m > [0m[38;2;250;235;215mtest_the_inbound_event_records_the_restart_cause_it_was_opened_under[0m[38;2;34;139;34m STARTED[0m[38;2;128;128;128m[0m
  [38;2;250;235;215mres://tests/simulation/test_restart_contract.gd[0m[38;2;128;128;128m > [0m[38;2;250;235;215mtest_the_inbound_event_records_the_restart_cause_it_was_opened_under[0m[38;2;34;139;34m PASSED[0m[38;2;100;149;237m 336ms[0m
[38;2;128;128;128m[0m
  [38;2;250;235;215mres://tests/simulation/test_restart_contract.gd[0m[38;2;128;128;128m > [0m[38;2;250;235;215mtest_a_made_field_goal_in_open_play_still_charges_its_throw_in[0m[38;2;34;139;34m STARTED[0m[38;2;128;128;128m[0m
  [38;2;250;235;215mres://tests/simulation/test_restart_contract.gd[0m[38;2;128;128;128m > [0m[38;2;250;235;215mtest_a_made_field_goal_in_open_play_still_charges_its_throw_in[0m[38;2;34;139;34m PASSED[0m[38;2;100;149;237m 287ms[0m
[38;2;128;128;128m[0m
  [38;2;250;235;215mres://tests/simulation/test_restart_contract.gd[0m[38;2;128;128;128m > [0m[38;2;250;235;215mtest_a_running_clock_restart_still_runs_the_ordinary_opening[0m[38;2;34;139;34m STARTED[0m[38;2;128;128;128m[0m
  [38;2;250;235;215mres://tests/simulation/test_restart_contract.gd[0m[38;2;128;128;128m > [0m[38;2;250;235;215mtest_a_running_clock_restart_still_runs_the_ordinary_opening[0m[38;2;34;139;34m PASSED[0m[38;2;100;149;237m 101ms[0m
[38;2;128;128;128m[0m
  [38;2;250;235;215mres://tests/simulation/test_restart_contract.gd[0m[38;2;128;128;128m > [0m[38;2;250;235;215mtest_a_made_free_throw_and_a_made_field_goal_do_not_restart_alike[0m[38;2;34;139;34m STARTED[0m[38;2;128;128;128m[0m
  [38;2;250;235;215mres://tests/simulation/test_restart_contract.gd[0m[38;2;128;128;128m > [0m[38;2;250;235;215mtest_a_made_free_throw_and_a_made_field_goal_do_not_restart_alike[0m[38;2;34;139;34m PASSED[0m[38;2;100;149;237m 412ms[0m
[38;2;128;128;128m[0m
  [38;2;250;235;215mres://tests/simulation/test_restart_contract.gd[0m[38;2;128;128;128m > [0m[38;2;250;235;215mtest_the_policy_separates_the_two_made_basket_causes[0m[38;2;34;139;34m STARTED[0m[38;2;128;128;128m[0m
  [38;2;250;235;215mres://tests/simulation/test_restart_contract.gd[0m[38;2;128;128;128m > [0m[38;2;250;235;215mtest_the_policy_separates_the_two_made_basket_causes[0m[38;2;34;139;34m PASSED[0m[38;2;100;149;237m 365ms[0m
[38;2;128;128;128m[0m
  [38;2;250;235;215mres://tests/simulation/test_restart_contract.gd[0m[38;2;128;128;128m > [0m[38;2;250;235;215mtest_every_launch_profile_declares_the_owner_ruled_timing_matrix[0m[38;2;34;139;34m STARTED[0m[38;2;128;128;128m[0m
  [38;2;250;235;215mres://tests/simulation/test_restart_contract.gd[0m[38;2;128;128;128m > [0m[38;2;250;235;215mtest_every_launch_profile_declares_the_owner_ruled_timing_matrix[0m[38;2;34;139;34m PASSED[0m[38;2;100;149;237m 39ms[0m
[38;2;128;128;128m[0m
  [38;2;250;235;215mres://tests/simulation/test_restart_contract.gd[0m[38;2;128;128;128m > [0m[38;2;250;235;215mtest_the_period_category_ordering_the_ruling_table_relies_on[0m[38;2;34;139;34m STARTED[0m[38;2;128;128;128m[0m
  [38;2;250;235;215mres://tests/simulation/test_restart_contract.gd[0m[38;2;128;128;128m > [0m[38;2;250;235;215mtest_the_period_category_ordering_the_ruling_table_relies_on[0m[38;2;34;139;34m PASSED[0m[38;2;100;149;237m 29ms[0m
[38;2;128;128;128m[0m
  [38;2;250;235;215mres://tests/simulation/test_restart_contract.gd[0m[38;2;128;128;128m > [0m[38;2;250;235;215mtest_every_nonzero_window_stops_the_clock_exactly_at_its_inclusive_boundary[0m[38;2;34;139;34m STARTED[0m[38;2;128;128;128m[0m
  [38;2;250;235;215mres://tests/simulation/test_restart_contract.gd[0m[38;2;128;128;128m > [0m[38;2;250;235;215mtest_every_nonzero_window_stops_the_clock_exactly_at_its_inclusive_boundary[0m[38;2;34;139;34m PASSED[0m[38;2;100;149;237m 56ms[0m
[38;2;128;128;128m[0m
  [38;2;250;235;215mres://tests/simulation/test_restart_contract.gd[0m[38;2;128;128;128m > [0m[38;2;250;235;215mtest_every_zero_window_leaves_the_clock_running_at_every_remaining_time[0m[38;2;34;139;34m STARTED[0m[38;2;128;128;128m[0m
  [38;2;250;235;215mres://tests/simulation/test_restart_contract.gd[0m[38;2;128;128;128m > [0m[38;2;250;235;215mtest_every_zero_window_leaves_the_clock_running_at_every_remaining_time[0m[38;2;34;139;34m PASSED[0m[38;2;100;149;237m 263ms[0m
[38;2;128;128;128m[0m
  [38;2;250;235;215mres://tests/simulation/test_restart_contract.gd[0m[38;2;128;128;128m > [0m[38;2;250;235;215mtest_a_non_final_regulation_period_does_not_borrow_the_final_period_window[0m[38;2;34;139;34m STARTED[0m[38;2;128;128;128m[0m
  [38;2;250;235;215mres://tests/simulation/test_restart_contract.gd[0m[38;2;128;128;128m > [0m[38;2;250;235;215mtest_a_non_final_regulation_period_does_not_borrow_the_final_period_window[0m[38;2;34;139;34m PASSED[0m[38;2;100;149;237m 49ms[0m
[38;2;128;128;128m[0m
  [38;2;250;235;215mres://tests/simulation/test_restart_contract.gd[0m[38;2;128;128;128m > [0m[38;2;250;235;215mtest_overtime_reads_the_overtime_window_and_not_a_regulation_one[0m[38;2;34;139;34m STARTED[0m[38;2;128;128;128m[0m
  [38;2;250;235;215mres://tests/simulation/test_restart_contract.gd[0m[38;2;128;128;128m > [0m[38;2;250;235;215mtest_overtime_reads_the_overtime_window_and_not_a_regulation_one[0m[38;2;34;139;34m PASSED[0m[38;2;100;149;237m 39ms[0m
[38;2;128;128;128m[0m
  [38;2;250;235;215mres://tests/simulation/test_restart_contract.gd[0m[38;2;128;128;128m > [0m[38;2;250;235;215mtest_a_constructed_profile_routes_each_period_category_to_its_own_window[0m[38;2;34;139;34m STARTED[0m[38;2;128;128;128m[0m
  [38;2;250;235;215mres://tests/simulation/test_restart_contract.gd[0m[38;2;128;128;128m > [0m[38;2;250;235;215mtest_a_constructed_profile_routes_each_period_category_to_its_own_window[0m[38;2;34;139;34m PASSED[0m[38;2;100;149;237m 25ms[0m
[38;2;128;128;128m[0m
  [38;2;250;235;215mres://tests/simulation/test_restart_contract.gd[0m[38;2;128;128;128m > [0m[38;2;250;235;215mtest_the_middle_school_and_high_school_ruling_is_no_made_field_goal_stoppage[0m[38;2;34;139;34m STARTED[0m[38;2;128;128;128m[0m
  [38;2;250;235;215mres://tests/simulation/test_restart_contract.gd[0m[38;2;128;128;128m > [0m[38;2;250;235;215mtest_the_middle_school_and_high_school_ruling_is_no_made_field_goal_stoppage[0m[38;2;34;139;34m PASSED[0m[38;2;100;149;237m 26ms[0m
[38;2;128;128;128m[0m
  [38;2;250;235;215mres://tests/simulation/test_restart_contract.gd[0m[38;2;128;128;128m > [0m[38;2;250;235;215mtest_other_dead_ball_causes_still_stop_the_clock_where_a_made_field_goal_does_not[0m[38;2;34;139;34m STARTED[0m[38;2;128;128;128m[0m
  [38;2;250;235;215mres://tests/simulation/test_restart_contract.gd[0m[38;2;128;128;128m > [0m[38;2;250;235;215mtest_other_dead_ball_causes_still_stop_the_clock_where_a_made_field_goal_does_not[0m[38;2;34;139;34m PASSED[0m[38;2;100;149;237m 23ms[0m
[38;2;128;128;128m[0m
  [38;2;250;235;215mres://tests/simulation/test_restart_contract.gd[0m[38;2;128;128;128m > [0m[38;2;250;235;215mtest_a_made_free_throw_stays_distinct_from_a_made_field_goal_everywhere[0m[38;2;34;139;34m STARTED[0m[38;2;128;128;128m[0m
  [38;2;250;235;215mres://tests/simulation/test_restart_contract.gd[0m[38;2;128;128;128m > [0m[38;2;250;235;215mtest_a_made_free_throw_stays_distinct_from_a_made_field_goal_everywhere[0m[38;2;34;139;34m PASSED[0m[38;2;100;149;237m 49ms[0m
[38;2;128;128;128m[0m
  [38;2;250;235;215mres://tests/simulation/test_restart_contract.gd[0m[38;2;128;128;128m > [0m[38;2;250;235;215mtest_a_stopped_made_field_goal_restart_charges_nothing_then_runs_on_the_touch[0m[38;2;34;139;34m STARTED[0m[38;2;128;128;128m[0m
  [38;2;250;235;215mres://tests/simulation/test_restart_contract.gd[0m[38;2;128;128;128m > [0m[38;2;250;235;215mtest_a_stopped_made_field_goal_restart_charges_nothing_then_runs_on_the_touch[0m[38;2;34;139;34m PASSED[0m[38;2;100;149;237m 139ms[0m
[38;2;128;128;128m[0m
  [38;2;250;235;215mres://tests/simulation/test_restart_contract.gd[0m[38;2;128;128;128m > [0m[38;2;250;235;215mtest_the_window_boundary_changes_a_simulated_possession[0m[38;2;34;139;34m STARTED[0m[38;2;128;128;128m[0m
  [38;2;250;235;215mres://tests/simulation/test_restart_contract.gd[0m[38;2;128;128;128m > [0m[38;2;250;235;215mtest_the_window_boundary_changes_a_simulated_possession[0m[38;2;34;139;34m PASSED[0m[38;2;100;149;237m 69ms[0m
[38;2;128;128;128m[0m
  [38;2;250;235;215mres://tests/simulation/test_restart_contract.gd[0m[38;2;128;128;128m > [0m[38;2;250;235;215mtest_a_profile_with_no_window_never_stops_the_clock_for_a_made_basket[0m[38;2;34;139;34m STARTED[0m[38;2;128;128;128m[0m
  [38;2;250;235;215mres://tests/simulation/test_restart_contract.gd[0m[38;2;128;128;128m > [0m[38;2;250;235;215mtest_a_profile_with_no_window_never_stops_the_clock_for_a_made_basket[0m[38;2;34;139;34m PASSED[0m[38;2;100;149;237m 32ms[0m
[38;2;128;128;128m[0m
  [38;2;250;235;215mres://tests/simulation/test_restart_contract.gd[0m[38;2;128;128;128m > [0m[38;2;250;235;215mtest_a_profile_that_declares_no_rule_at_all_gets_no_stoppage[0m[38;2;34;139;34m STARTED[0m[38;2;128;128;128m[0m
  [38;2;250;235;215mres://tests/simulation/test_restart_contract.gd[0m[38;2;128;128;128m > [0m[38;2;250;235;215mtest_a_profile_that_declares_no_rule_at_all_gets_no_stoppage[0m[38;2;34;139;34m PASSED[0m[38;2;100;149;237m 30ms[0m
[38;2;128;128;128m[0m
  [38;2;250;235;215mres://tests/simulation/test_restart_contract.gd[0m[38;2;128;128;128m > [0m[38;2;250;235;215mtest_a_negative_window_is_rejected[0m[38;2;34;139;34m STARTED[0m[38;2;128;128;128m[0m
SCRIPT ERROR: Assertion failed: a non-final-regulation made-field-goal window is never negative
   at: MadeFieldGoalClockRule._init (res://src/domain/basketball/config/made_field_goal_clock_rule.gd:61)
   GDScript backtrace (most recent call first):
       [0] _init (res://src/domain/basketball/config/made_field_goal_clock_rule.gd:61)
       [1] <anonymous lambda> (res://tests/simulation/test_restart_contract.gd:559)
       [2] _execute (res://addons/gdUnit4/src/asserts/GdUnitGodotErrorAssertImpl.gd:17)
       [3] is_runtime_error (res://addons/gdUnit4/src/asserts/GdUnitGodotErrorAssertImpl.gd:98)
       [4] test_a_negative_window_is_rejected (res://tests/simulation/test_restart_contract.gd:558)
       [5] _execute_test_case (res://addons/gdUnit4/src/core/_TestCase.gd:79)
       [6] execute (res://addons/gdUnit4/src/core/_TestCase.gd:40)
       [7] _execute (res://addons/gdUnit4/src/core/execution/stages/single/GdUnitTestCaseSingleTestStage.gd:10)
       [8] execute (res://addons/gdUnit4/src/core/execution/stages/IGdUnitExecutionStage.gd:19)
       [9] _execute (res://addons/gdUnit4/src/core/execution/stages/single/GdUnitTestCaseSingleExecutionStage.gd:17)
       [10] execute (res://addons/gdUnit4/src/core/execution/stages/IGdUnitExecutionStage.gd:19)
       [11] _execute (res://addons/gdUnit4/src/core/execution/stages/GdUnitTestCaseExecutionStage.gd:25)
       [12] execute (res://addons/gdUnit4/src/core/execution/stages/IGdUnitExecutionStage.gd:19)
       [13] _execute (res://addons/gdUnit4/src/core/execution/stages/GdUnitTestSuiteExecutionStage.gd:35)
       [14] execute (res://addons/gdUnit4/src/core/execution/stages/IGdUnitExecutionStage.gd:19)
       [15] _execute (res://addons/gdUnit4/src/core/execution/stages/GdUnitTestCaseExecutionStage.gd:33)
       [16] execute (res://addons/gdUnit4/src/core/execution/stages/IGdUnitExecutionStage.gd:19)
       [17] _execute (res://addons/gdUnit4/src/core/execution/stages/single/GdUnitTestCaseSingleExecutionStage.gd:28)
       [18] execute (res://addons/gdUnit4/src/core/execution/stages/IGdUnitExecutionStage.gd:19)
       [19] _execute (res://addons/gdUnit4/src/core/execution/stages/single/GdUnitTestCaseSingleTestStage.gd:10)
       [20] execute (res://addons/gdUnit4/src/core/_TestCase.gd:41)
       [21] test_completed (res://addons/gdUnit4/src/core/_TestCase.gd:86)
SCRIPT ERROR: Assertion failed: a final-regulation made-field-goal window is never negative
   at: MadeFieldGoalClockRule._init (res://src/domain/basketball/config/made_field_goal_clock_rule.gd:63)
   GDScript backtrace (most recent call first):
       [0] _init (res://src/domain/basketball/config/made_field_goal_clock_rule.gd:63)
       [1] <anonymous lambda> (res://tests/simulation/test_restart_contract.gd:563)
       [2] _execute (res://addons/gdUnit4/src/asserts/GdUnitGodotErrorAssertImpl.gd:17)
       [3] is_runtime_error (res://addons/gdUnit4/src/asserts/GdUnitGodotErrorAssertImpl.gd:98)
       [4] test_a_negative_window_is_rejected (res://tests/simulation/test_restart_contract.gd:562)
       [5] _execute_test_case (res://addons/gdUnit4/src/core/_TestCase.gd:79)
       [6] execute (res://addons/gdUnit4/src/core/_TestCase.gd:40)
       [7] _execute (res://addons/gdUnit4/src/core/execution/stages/single/GdUnitTestCaseSingleTestStage.gd:10)
       [8] execute (res://addons/gdUnit4/src/core/execution/stages/IGdUnitExecutionStage.gd:19)
       [9] _execute (res://addons/gdUnit4/src/core/execution/stages/single/GdUnitTestCaseSingleExecutionStage.gd:17)
       [10] execute (res://addons/gdUnit4/src/core/execution/stages/IGdUnitExecutionStage.gd:19)
       [11] _execute (res://addons/gdUnit4/src/core/execution/stages/GdUnitTestCaseExecutionStage.gd:25)
       [12] execute (res://addons/gdUnit4/src/core/execution/stages/IGdUnitExecutionStage.gd:19)
       [13] _execute (res://addons/gdUnit4/src/core/execution/stages/GdUnitTestSuiteExecutionStage.gd:35)
       [14] execute (res://addons/gdUnit4/src/core/execution/stages/IGdUnitExecutionStage.gd:19)
       [15] _execute (res://addons/gdUnit4/src/core/execution/stages/GdUnitTestCaseExecutionStage.gd:33)
       [16] execute (res://addons/gdUnit4/src/core/execution/stages/IGdUnitExecutionStage.gd:19)
       [17] _execute (res://addons/gdUnit4/src/core/execution/stages/single/GdUnitTestCaseSingleExecutionStage.gd:28)
       [18] execute (res://addons/gdUnit4/src/core/execution/stages/IGdUnitExecutionStage.gd:19)
       [19] _execute (res://addons/gdUnit4/src/core/execution/stages/single/GdUnitTestCaseSingleTestStage.gd:10)
       [20] execute (res://addons/gdUnit4/src/core/_TestCase.gd:41)
       [21] test_completed (res://addons/gdUnit4/src/core/_TestCase.gd:86)
SCRIPT ERROR: Assertion failed: an overtime made-field-goal window is never negative
   at: MadeFieldGoalClockRule._init (res://src/domain/basketball/config/made_field_goal_clock_rule.gd:65)
   GDScript backtrace (most recent call first):
       [0] _init (res://src/domain/basketball/config/made_field_goal_clock_rule.gd:65)
       [1] <anonymous lambda> (res://tests/simulation/test_restart_contract.gd:567)
       [2] _execute (res://addons/gdUnit4/src/asserts/GdUnitGodotErrorAssertImpl.gd:17)
       [3] is_runtime_error (res://addons/gdUnit4/src/asserts/GdUnitGodotErrorAssertImpl.gd:98)
       [4] test_a_negative_window_is_rejected (res://tests/simulation/test_restart_contract.gd:566)
       [5] _execute_test_case (res://addons/gdUnit4/src/core/_TestCase.gd:79)
       [6] execute (res://addons/gdUnit4/src/core/_TestCase.gd:40)
       [7] _execute (res://addons/gdUnit4/src/core/execution/stages/single/GdUnitTestCaseSingleTestStage.gd:10)
       [8] execute (res://addons/gdUnit4/src/core/execution/stages/IGdUnitExecutionStage.gd:19)
       [9] _execute (res://addons/gdUnit4/src/core/execution/stages/single/GdUnitTestCaseSingleExecutionStage.gd:17)
       [10] execute (res://addons/gdUnit4/src/core/execution/stages/IGdUnitExecutionStage.gd:19)
       [11] _execute (res://addons/gdUnit4/src/core/execution/stages/GdUnitTestCaseExecutionStage.gd:25)
       [12] execute (res://addons/gdUnit4/src/core/execution/stages/IGdUnitExecutionStage.gd:19)
       [13] _execute (res://addons/gdUnit4/src/core/execution/stages/GdUnitTestSuiteExecutionStage.gd:35)
       [14] execute (res://addons/gdUnit4/src/core/execution/stages/IGdUnitExecutionStage.gd:19)
       [15] _execute (res://addons/gdUnit4/src/core/execution/stages/GdUnitTestCaseExecutionStage.gd:33)
       [16] execute (res://addons/gdUnit4/src/core/execution/stages/IGdUnitExecutionStage.gd:19)
       [17] _execute (res://addons/gdUnit4/src/core/execution/stages/single/GdUnitTestCaseSingleExecutionStage.gd:28)
       [18] execute (res://addons/gdUnit4/src/core/execution/stages/IGdUnitExecutionStage.gd:19)
       [19] _execute (res://addons/gdUnit4/src/core/execution/stages/single/GdUnitTestCaseSingleTestStage.gd:10)
       [20] execute (res://addons/gdUnit4/src/core/_TestCase.gd:41)
       [21] test_completed (res://addons/gdUnit4/src/core/_TestCase.gd:86)
  [38;2;250;235;215mres://tests/simulation/test_restart_contract.gd[0m[38;2;128;128;128m > [0m[38;2;250;235;215mtest_a_negative_window_is_rejected[0m[38;2;34;139;34m PASSED[0m[38;2;100;149;237m 67ms[0m
[38;2;128;128;128m[0m
  [38;2;250;235;215mres://tests/simulation/test_restart_contract.gd[0m[38;2;128;128;128m > [0m[38;2;250;235;215mtest_a_contradictory_regulation_shape_is_rejected[0m[38;2;34;139;34m STARTED[0m[38;2;128;128;128m[0m
SCRIPT ERROR: Assertion failed: a non-final regulation window cannot exceed the final regulation window
   at: MadeFieldGoalClockRule._init (res://src/domain/basketball/config/made_field_goal_clock_rule.gd:72)
   GDScript backtrace (most recent call first):
       [0] _init (res://src/domain/basketball/config/made_field_goal_clock_rule.gd:72)
       [1] <anonymous lambda> (res://tests/simulation/test_restart_contract.gd:577)
       [2] _execute (res://addons/gdUnit4/src/asserts/GdUnitGodotErrorAssertImpl.gd:17)
       [3] is_runtime_error (res://addons/gdUnit4/src/asserts/GdUnitGodotErrorAssertImpl.gd:98)
       [4] test_a_contradictory_regulation_shape_is_rejected (res://tests/simulation/test_restart_contract.gd:576)
       [5] _execute_test_case (res://addons/gdUnit4/src/core/_TestCase.gd:79)
       [6] execute (res://addons/gdUnit4/src/core/_TestCase.gd:40)
       [7] _execute (res://addons/gdUnit4/src/core/execution/stages/single/GdUnitTestCaseSingleTestStage.gd:10)
       [8] execute (res://addons/gdUnit4/src/core/execution/stages/IGdUnitExecutionStage.gd:19)
       [9] _execute (res://addons/gdUnit4/src/core/execution/stages/single/GdUnitTestCaseSingleExecutionStage.gd:17)
       [10] execute (res://addons/gdUnit4/src/core/execution/stages/IGdUnitExecutionStage.gd:19)
       [11] _execute (res://addons/gdUnit4/src/core/execution/stages/GdUnitTestCaseExecutionStage.gd:25)
       [12] execute (res://addons/gdUnit4/src/core/execution/stages/IGdUnitExecutionStage.gd:19)
       [13] _execute (res://addons/gdUnit4/src/core/execution/stages/GdUnitTestSuiteExecutionStage.gd:35)
       [14] execute (res://addons/gdUnit4/src/core/execution/stages/IGdUnitExecutionStage.gd:19)
       [15] _execute (res://addons/gdUnit4/src/core/execution/stages/GdUnitTestCaseExecutionStage.gd:33)
       [16] execute (res://addons/gdUnit4/src/core/execution/stages/IGdUnitExecutionStage.gd:19)
       [17] _execute (res://addons/gdUnit4/src/core/execution/stages/single/GdUnitTestCaseSingleExecutionStage.gd:28)
       [18] execute (res://addons/gdUnit4/src/core/execution/stages/IGdUnitExecutionStage.gd:19)
       [19] _execute (res://addons/gdUnit4/src/core/execution/stages/single/GdUnitTestCaseSingleTestStage.gd:10)
       [20] execute (res://addons/gdUnit4/src/core/_TestCase.gd:41)
       [21] test_completed (res://addons/gdUnit4/src/core/_TestCase.gd:86)
SCRIPT ERROR: Assertion failed: a competition that stops the clock in an ordinary period must also stop it in the final one
   at: MadeFieldGoalClockRule._init (res://src/domain/basketball/config/made_field_goal_clock_rule.gd:76)
   GDScript backtrace (most recent call first):
       [0] _init (res://src/domain/basketball/config/made_field_goal_clock_rule.gd:76)
       [1] <anonymous lambda> (res://tests/simulation/test_restart_contract.gd:582)
       [2] _execute (res://addons/gdUnit4/src/asserts/GdUnitGodotErrorAssertImpl.gd:17)
       [3] is_runtime_error (res://addons/gdUnit4/src/asserts/GdUnitGodotErrorAssertImpl.gd:98)
       [4] test_a_contradictory_regulation_shape_is_rejected (res://tests/simulation/test_restart_contract.gd:581)
       [5] _execute_test_case (res://addons/gdUnit4/src/core/_TestCase.gd:79)
       [6] execute (res://addons/gdUnit4/src/core/_TestCase.gd:40)
       [7] _execute (res://addons/gdUnit4/src/core/execution/stages/single/GdUnitTestCaseSingleTestStage.gd:10)
       [8] execute (res://addons/gdUnit4/src/core/execution/stages/IGdUnitExecutionStage.gd:19)
       [9] _execute (res://addons/gdUnit4/src/core/execution/stages/single/GdUnitTestCaseSingleExecutionStage.gd:17)
       [10] execute (res://addons/gdUnit4/src/core/execution/stages/IGdUnitExecutionStage.gd:19)
       [11] _execute (res://addons/gdUnit4/src/core/execution/stages/GdUnitTestCaseExecutionStage.gd:25)
       [12] execute (res://addons/gdUnit4/src/core/execution/stages/IGdUnitExecutionStage.gd:19)
       [13] _execute (res://addons/gdUnit4/src/core/execution/stages/GdUnitTestSuiteExecutionStage.gd:35)
       [14] execute (res://addons/gdUnit4/src/core/execution/stages/IGdUnitExecutionStage.gd:19)
       [15] _execute (res://addons/gdUnit4/src/core/execution/stages/GdUnitTestCaseExecutionStage.gd:33)
       [16] execute (res://addons/gdUnit4/src/core/execution/stages/IGdUnitExecutionStage.gd:19)
       [17] _execute (res://addons/gdUnit4/src/core/execution/stages/single/GdUnitTestCaseSingleExecutionStage.gd:28)
       [18] execute (res://addons/gdUnit4/src/core/execution/stages/IGdUnitExecutionStage.gd:19)
       [19] _execute (res://addons/gdUnit4/src/core/execution/stages/single/GdUnitTestCaseSingleTestStage.gd:10)
       [20] execute (res://addons/gdUnit4/src/core/_TestCase.gd:41)
       [21] test_completed (res://addons/gdUnit4/src/core/_TestCase.gd:86)
  [38;2;250;235;215mres://tests/simulation/test_restart_contract.gd[0m[38;2;128;128;128m > [0m[38;2;250;235;215mtest_a_contradictory_regulation_shape_is_rejected[0m[38;2;34;139;34m PASSED[0m[38;2;100;149;237m 52ms[0m
[38;2;128;128;128m[0m
  [38;2;250;235;215mres://tests/simulation/test_restart_contract.gd[0m[38;2;128;128;128m > [0m[38;2;250;235;215mtest_a_window_longer_than_its_own_period_is_rejected[0m[38;2;34;139;34m STARTED[0m[38;2;128;128;128m[0m
SCRIPT ERROR: Assertion failed: a final-regulation made-field-goal window cannot outlast a regulation period
   at: CompetitionRuleProfile._init (res://src/domain/basketball/config/competition_rule_profile.gd:212)
   GDScript backtrace (most recent call first):
       [0] _init (res://src/domain/basketball/config/competition_rule_profile.gd:212)
       [1] <anonymous lambda> (res://tests/simulation/test_restart_contract.gd:595)
       [2] _execute (res://addons/gdUnit4/src/asserts/GdUnitGodotErrorAssertImpl.gd:17)
       [3] is_runtime_error (res://addons/gdUnit4/src/asserts/GdUnitGodotErrorAssertImpl.gd:98)
       [4] test_a_window_longer_than_its_own_period_is_rejected (res://tests/simulation/test_restart_contract.gd:594)
       [5] _execute_test_case (res://addons/gdUnit4/src/core/_TestCase.gd:79)
       [6] execute (res://addons/gdUnit4/src/core/_TestCase.gd:40)
       [7] _execute (res://addons/gdUnit4/src/core/execution/stages/single/GdUnitTestCaseSingleTestStage.gd:10)
       [8] execute (res://addons/gdUnit4/src/core/execution/stages/IGdUnitExecutionStage.gd:19)
       [9] _execute (res://addons/gdUnit4/src/core/execution/stages/single/GdUnitTestCaseSingleExecutionStage.gd:17)
       [10] execute (res://addons/gdUnit4/src/core/execution/stages/IGdUnitExecutionStage.gd:19)
       [11] _execute (res://addons/gdUnit4/src/core/execution/stages/GdUnitTestCaseExecutionStage.gd:25)
       [12] execute (res://addons/gdUnit4/src/core/execution/stages/IGdUnitExecutionStage.gd:19)
       [13] _execute (res://addons/gdUnit4/src/core/execution/stages/GdUnitTestSuiteExecutionStage.gd:35)
       [14] execute (res://addons/gdUnit4/src/core/execution/stages/IGdUnitExecutionStage.gd:19)
       [15] _execute (res://addons/gdUnit4/src/core/execution/stages/GdUnitTestCaseExecutionStage.gd:33)
       [16] execute (res://addons/gdUnit4/src/core/execution/stages/IGdUnitExecutionStage.gd:19)
       [17] _execute (res://addons/gdUnit4/src/core/execution/stages/single/GdUnitTestCaseSingleExecutionStage.gd:28)
       [18] execute (res://addons/gdUnit4/src/core/execution/stages/IGdUnitExecutionStage.gd:19)
       [19] _execute (res://addons/gdUnit4/src/core/execution/stages/single/GdUnitTestCaseSingleTestStage.gd:10)
       [20] execute (res://addons/gdUnit4/src/core/_TestCase.gd:41)
       [21] test_completed (res://addons/gdUnit4/src/core/_TestCase.gd:86)
SCRIPT ERROR: Assertion failed: an overtime made-field-goal window cannot outlast an overtime period
   at: CompetitionRuleProfile._init (res://src/domain/basketball/config/competition_rule_profile.gd:214)
   GDScript backtrace (most recent call first):
       [0] _init (res://src/domain/basketball/config/competition_rule_profile.gd:214)
       [1] <anonymous lambda> (res://tests/simulation/test_restart_contract.gd:605)
       [2] _execute (res://addons/gdUnit4/src/asserts/GdUnitGodotErrorAssertImpl.gd:17)
       [3] is_runtime_error (res://addons/gdUnit4/src/asserts/GdUnitGodotErrorAssertImpl.gd:98)
       [4] test_a_window_longer_than_its_own_period_is_rejected (res://tests/simulation/test_restart_contract.gd:604)
       [5] _execute_test_case (res://addons/gdUnit4/src/core/_TestCase.gd:79)
       [6] execute (res://addons/gdUnit4/src/core/_TestCase.gd:40)
       [7] _execute (res://addons/gdUnit4/src/core/execution/stages/single/GdUnitTestCaseSingleTestStage.gd:10)
       [8] execute (res://addons/gdUnit4/src/core/execution/stages/IGdUnitExecutionStage.gd:19)
       [9] _execute (res://addons/gdUnit4/src/core/execution/stages/single/GdUnitTestCaseSingleExecutionStage.gd:17)
       [10] execute (res://addons/gdUnit4/src/core/execution/stages/IGdUnitExecutionStage.gd:19)
       [11] _execute (res://addons/gdUnit4/src/core/execution/stages/GdUnitTestCaseExecutionStage.gd:25)
       [12] execute (res://addons/gdUnit4/src/core/execution/stages/IGdUnitExecutionStage.gd:19)
       [13] _execute (res://addons/gdUnit4/src/core/execution/stages/GdUnitTestSuiteExecutionStage.gd:35)
       [14] execute (res://addons/gdUnit4/src/core/execution/stages/IGdUnitExecutionStage.gd:19)
       [15] _execute (res://addons/gdUnit4/src/core/execution/stages/GdUnitTestCaseExecutionStage.gd:33)
       [16] execute (res://addons/gdUnit4/src/core/execution/stages/IGdUnitExecutionStage.gd:19)
       [17] _execute (res://addons/gdUnit4/src/core/execution/stages/single/GdUnitTestCaseSingleExecutionStage.gd:28)
       [18] execute (res://addons/gdUnit4/src/core/execution/stages/IGdUnitExecutionStage.gd:19)
       [19] _execute (res://addons/gdUnit4/src/core/execution/stages/single/GdUnitTestCaseSingleTestStage.gd:10)
       [20] execute (res://addons/gdUnit4/src/core/_TestCase.gd:41)
       [21] test_completed (res://addons/gdUnit4/src/core/_TestCase.gd:86)
  [38;2;250;235;215mres://tests/simulation/test_restart_contract.gd[0m[38;2;128;128;128m > [0m[38;2;250;235;215mtest_a_window_longer_than_its_own_period_is_rejected[0m[38;2;34;139;34m PASSED[0m[38;2;100;149;237m 366ms[0m
[38;2;128;128;128m[0m
  [38;2;250;235;215mres://tests/simulation/test_restart_contract.gd[0m[38;2;128;128;128m > [0m[38;2;250;235;215mtest_a_single_regulation_period_competition_cannot_scope_a_non_final_window[0m[38;2;34;139;34m STARTED[0m[38;2;128;128;128m[0m
SCRIPT ERROR: Assertion failed: a single-regulation-period competition has no non-final regulation period to scope a window to
   at: CompetitionRuleProfile._init (res://src/domain/basketball/config/competition_rule_profile.gd:220)
   GDScript backtrace (most recent call first):
       [0] _init (res://src/domain/basketball/config/competition_rule_profile.gd:220)
       [1] <anonymous lambda> (res://tests/simulation/test_restart_contract.gd:621)
       [2] _execute (res://addons/gdUnit4/src/asserts/GdUnitGodotErrorAssertImpl.gd:17)
       [3] is_runtime_error (res://addons/gdUnit4/src/asserts/GdUnitGodotErrorAssertImpl.gd:98)
       [4] test_a_single_regulation_period_competition_cannot_scope_a_non_final_window (res://tests/simulation/test_restart_contract.gd:620)
       [5] _execute_test_case (res://addons/gdUnit4/src/core/_TestCase.gd:79)
       [6] execute (res://addons/gdUnit4/src/core/_TestCase.gd:40)
       [7] _execute (res://addons/gdUnit4/src/core/execution/stages/single/GdUnitTestCaseSingleTestStage.gd:10)
       [8] execute (res://addons/gdUnit4/src/core/execution/stages/IGdUnitExecutionStage.gd:19)
       [9] _execute (res://addons/gdUnit4/src/core/execution/stages/single/GdUnitTestCaseSingleExecutionStage.gd:17)
       [10] execute (res://addons/gdUnit4/src/core/execution/stages/IGdUnitExecutionStage.gd:19)
       [11] _execute (res://addons/gdUnit4/src/core/execution/stages/GdUnitTestCaseExecutionStage.gd:25)
       [12] execute (res://addons/gdUnit4/src/core/execution/stages/IGdUnitExecutionStage.gd:19)
       [13] _execute (res://addons/gdUnit4/src/core/execution/stages/GdUnitTestSuiteExecutionStage.gd:35)
       [14] execute (res://addons/gdUnit4/src/core/execution/stages/IGdUnitExecutionStage.gd:19)
       [15] _execute (res://addons/gdUnit4/src/core/execution/stages/GdUnitTestCaseExecutionStage.gd:33)
       [16] execute (res://addons/gdUnit4/src/core/execution/stages/IGdUnitExecutionStage.gd:19)
       [17] _execute (res://addons/gdUnit4/src/core/execution/stages/single/GdUnitTestCaseSingleExecutionStage.gd:28)
       [18] execute (res://addons/gdUnit4/src/core/execution/stages/IGdUnitExecutionStage.gd:19)
       [19] _execute (res://addons/gdUnit4/src/core/execution/stages/single/GdUnitTestCaseSingleTestStage.gd:10)
       [20] execute (res://addons/gdUnit4/src/core/_TestCase.gd:41)
       [21] test_completed (res://addons/gdUnit4/src/core/_TestCase.gd:86)
  [38;2;250;235;215mres://tests/simulation/test_restart_contract.gd[0m[38;2;128;128;128m > [0m[38;2;250;235;215mtest_a_single_regulation_period_competition_cannot_scope_a_non_final_window[0m[38;2;34;139;34m PASSED[0m[38;2;100;149;237m 234ms[0m
[38;2;128;128;128m[0m
  [38;2;250;235;215mres://tests/simulation/test_restart_contract.gd[0m[38;2;128;128;128m > [0m[38;2;250;235;215mtest_every_throw_in_carries_the_cause_the_preceding_ledger_implies[0m[38;2;34;139;34m STARTED[0m[38;2;128;128;128m[0m
  [38;2;250;235;215mres://tests/simulation/test_restart_contract.gd[0m[38;2;128;128;128m > [0m[38;2;250;235;215mtest_every_throw_in_carries_the_cause_the_preceding_ledger_implies[0m[38;2;34;139;34m PASSED[0m[38;2;100;149;237m 23s 584ms[0m
[38;2;128;128;128m[0m
  [38;2;250;235;215mres://tests/simulation/test_restart_contract.gd[0m[38;2;128;128;128m > [0m[38;2;250;235;215mtest_the_possession_record_and_the_inbound_event_never_disagree[0m[38;2;34;139;34m STARTED[0m[38;2;128;128;128m[0m
  [38;2;250;235;215mres://tests/simulation/test_restart_contract.gd[0m[38;2;128;128;128m > [0m[38;2;250;235;215mtest_the_possession_record_and_the_inbound_event_never_disagree[0m[38;2;34;139;34m PASSED[0m[38;2;100;149;237m 6s 927ms[0m
[38;2;128;128;128m[0m
  [38;2;250;235;215mres://tests/simulation/test_restart_contract.gd[0m[38;2;128;128;128m > [0m[38;2;250;235;215mtest_one_end_reason_produces_both_restart_causes_in_a_single_game[0m[38;2;34;139;34m STARTED[0m[38;2;128;128;128m[0m
  [38;2;250;235;215mres://tests/simulation/test_restart_contract.gd[0m[38;2;128;128;128m > [0m[38;2;250;235;215mtest_one_end_reason_produces_both_restart_causes_in_a_single_game[0m[38;2;34;139;34m PASSED[0m[38;2;100;149;237m 5s 247ms[0m
[38;2;128;128;128m[0m
  [38;2;250;235;215mres://tests/simulation/test_restart_contract.gd[0m[38;2;128;128;128m > [0m[38;2;250;235;215mtest_made_free_throw_throw_ins_are_never_charged_and_field_goal_ones_usually_are[0m[38;2;34;139;34m STARTED[0m[38;2;128;128;128m[0m
  [38;2;250;235;215mres://tests/simulation/test_restart_contract.gd[0m[38;2;128;128;128m > [0m[38;2;250;235;215mtest_made_free_throw_throw_ins_are_never_charged_and_field_goal_ones_usually_are[0m[38;2;34;139;34m PASSED[0m[38;2;100;149;237m 4s 230ms[0m
[38;2;128;128;128m[0m
  [38;2;250;235;215mres://tests/simulation/test_restart_contract.gd[0m[38;2;128;128;128m > [0m[38;2;250;235;215mtest_a_timeout_restart_is_never_charged_even_after_a_made_basket[0m[38;2;34;139;34m STARTED[0m[38;2;128;128;128m[0m
  [38;2;250;235;215mres://tests/simulation/test_restart_contract.gd[0m[38;2;128;128;128m > [0m[38;2;250;235;215mtest_a_timeout_restart_is_never_charged_even_after_a_made_basket[0m[38;2;34;139;34m PASSED[0m[38;2;100;149;237m 36s 198ms[0m
[38;2;128;128;128m[0m
  [38;2;250;235;215mres://tests/simulation/test_restart_contract.gd[0m[38;2;128;128;128m > [0m[38;2;250;235;215mtest_every_period_opens_on_a_period_start_restart_at_the_full_clock[0m[38;2;34;139;34m STARTED[0m[38;2;128;128;128m[0m
  [38;2;250;235;215mres://tests/simulation/test_restart_contract.gd[0m[38;2;128;128;128m > [0m[38;2;250;235;215mtest_every_period_opens_on_a_period_start_restart_at_the_full_clock[0m[38;2;34;139;34m PASSED[0m[38;2;100;149;237m 23s 807ms[0m
[38;2;128;128;128m[0m
  [38;2;250;235;215mres://tests/simulation/test_restart_contract.gd[0m[38;2;128;128;128m > [0m[38;2;250;235;215mtest_an_overtime_period_opens_on_a_stopped_clock_like_any_other[0m[38;2;34;139;34m STARTED[0m[38;2;128;128;128m[0m
  [38;2;250;235;215mres://tests/simulation/test_restart_contract.gd[0m[38;2;128;128;128m > [0m[38;2;250;235;215mtest_an_overtime_period_opens_on_a_stopped_clock_like_any_other[0m[38;2;34;139;34m PASSED[0m[38;2;100;149;237m 76ms[0m
[38;2;128;128;128m[0m
  [38;2;250;235;215mres://tests/simulation/test_restart_contract.gd[0m[38;2;128;128;128m > [0m[38;2;250;235;215mtest_identical_seed_and_input_reproduce_the_same_restarts[0m[38;2;34;139;34m STARTED[0m[38;2;128;128;128m[0m
  [38;2;250;235;215mres://tests/simulation/test_restart_contract.gd[0m[38;2;128;128;128m > [0m[38;2;250;235;215mtest_identical_seed_and_input_reproduce_the_same_restarts[0m[38;2;34;139;34m PASSED[0m[38;2;100;149;237m 8s 772ms[0m
[38;2;128;128;128m[0m
  [38;2;250;235;215mres://tests/simulation/test_restart_contract.gd[0m[38;2;128;128;128m > [0m[38;2;250;235;215mtest_stepped_and_full_runs_agree_on_every_restart[0m[38;2;34;139;34m STARTED[0m[38;2;128;128;128m[0m
  [38;2;250;235;215mres://tests/simulation/test_restart_contract.gd[0m[38;2;128;128;128m > [0m[38;2;250;235;215mtest_stepped_and_full_runs_agree_on_every_restart[0m[38;2;34;139;34m PASSED[0m[38;2;100;149;237m 9s 698ms[0m
[38;2;128;128;128m[0m
  [38;2;250;235;215mres://tests/simulation/test_restart_contract.gd[0m[38;2;128;128;128m > [0m[38;2;250;235;215mtest_every_launch_profile_declares_a_credible_made_basket_window[0m[38;2;34;139;34m STARTED[0m[38;2;128;128;128m[0m
  [38;2;250;235;215mres://tests/simulation/test_restart_contract.gd[0m[38;2;128;128;128m > [0m[38;2;250;235;215mtest_every_launch_profile_declares_a_credible_made_basket_window[0m[38;2;34;139;34m PASSED[0m[38;2;100;149;237m 33ms[0m
[38;2;128;128;128m[0m
  [38;2;250;235;215mres://tests/simulation/test_restart_contract.gd[0m[38;2;128;128;128m > [0m[38;2;250;235;215mtest_every_turnover_cause_maps_to_a_restart_that_matches_its_steal_credit[0m[38;2;34;139;34m STARTED[0m[38;2;128;128;128m[0m
  [38;2;250;235;215mres://tests/simulation/test_restart_contract.gd[0m[38;2;128;128;128m > [0m[38;2;250;235;215mtest_every_turnover_cause_maps_to_a_restart_that_matches_its_steal_credit[0m[38;2;34;139;34m PASSED[0m[38;2;100;149;237m 38ms[0m
[38;2;128;128;128m[0m
[38;2;30;144;255mStatistics:[0m[38;2;128;128;128m 35 test cases | 0 errors | 0 failures | 0 flaky | 0 skipped | 0 orphans |[0m[38;2;34;139;34m PASSED[0m[38;2;100;149;237m 2min 4s 482ms[0m
[38;2;128;128;128m[0m
[38;2;128;128;128m[0m
[38;2;0;206;209mRun Test Suite: [0m[38;2;250;235;215mres://tests/simulation/test_score_margin.gd[0m
  [38;2;250;235;215mres://tests/simulation/test_score_margin.gd[0m[38;2;128;128;128m > [0m[38;2;250;235;215mtest_identical_rosters_have_no_systematic_edge[0m[38;2;34;139;34m STARTED[0m[38;2;128;128;128m[0m
  [38;2;250;235;215mres://tests/simulation/test_score_margin.gd[0m[38;2;128;128;128m > [0m[38;2;250;235;215mtest_identical_rosters_have_no_systematic_edge[0m[38;2;34;139;34m PASSED[0m[38;2;100;149;237m 4min 12s 700ms[0m
[38;2;128;128;128m[0m
  [38;2;250;235;215mres://tests/simulation/test_score_margin.gd[0m[38;2;128;128;128m > [0m[38;2;250;235;215mtest_identical_rosters_receive_the_same_rotation[0m[38;2;34;139;34m STARTED[0m[38;2;128;128;128m[0m
  [38;2;250;235;215mres://tests/simulation/test_score_margin.gd[0m[38;2;128;128;128m > [0m[38;2;250;235;215mtest_identical_rosters_receive_the_same_rotation[0m[38;2;34;139;34m PASSED[0m[38;2;100;149;237m 492ms[0m
[38;2;128;128;128m[0m
  [38;2;250;235;215mres://tests/simulation/test_score_margin.gd[0m[38;2;128;128;128m > [0m[38;2;250;235;215mtest_swapping_identical_rosters_preserves_the_ledger[0m[38;2;34;139;34m STARTED[0m[38;2;128;128;128m[0m
  [38;2;250;235;215mres://tests/simulation/test_score_margin.gd[0m[38;2;128;128;128m > [0m[38;2;250;235;215mtest_swapping_identical_rosters_preserves_the_ledger[0m[38;2;34;139;34m PASSED[0m[38;2;100;149;237m 14s 531ms[0m
[38;2;128;128;128m[0m
  [38;2;250;235;215mres://tests/simulation/test_score_margin.gd[0m[38;2;128;128;128m > [0m[38;2;250;235;215mtest_capability_edge_moves_the_margin_monotonically_and_boundedly[0m[38;2;34;139;34m STARTED[0m[38;2;128;128;128m[0m
  [38;2;250;235;215mres://tests/simulation/test_score_margin.gd[0m[38;2;128;128;128m > [0m[38;2;250;235;215mtest_capability_edge_moves_the_margin_monotonically_and_boundedly[0m[38;2;34;139;34m PASSED[0m[38;2;100;149;237m 29min 6s 932ms[0m
[38;2;128;128;128m[0m
  [38;2;250;235;215mres://tests/simulation/test_score_margin.gd[0m[38;2;128;128;128m > [0m[38;2;250;235;215mtest_capability_edge_and_neutral_distributions_overlap[0m[38;2;34;139;34m STARTED[0m[38;2;128;128;128m[0m
  [38;2;250;235;215mres://tests/simulation/test_score_margin.gd[0m[38;2;128;128;128m > [0m[38;2;250;235;215mtest_capability_edge_and_neutral_distributions_overlap[0m[38;2;34;139;34m PASSED[0m[38;2;100;149;237m 420ms[0m
[38;2;128;128;128m[0m
  [38;2;250;235;215mres://tests/simulation/test_score_margin.gd[0m[38;2;128;128;128m > [0m[38;2;250;235;215mtest_named_full_game_upset_proves_capability_does_not_force_winner[0m[38;2;34;139;34m STARTED[0m[38;2;128;128;128m[0m
  [38;2;250;235;215mres://tests/simulation/test_score_margin.gd[0m[38;2;128;128;128m > [0m[38;2;250;235;215mtest_named_full_game_upset_proves_capability_does_not_force_winner[0m[38;2;34;139;34m PASSED[0m[38;2;100;149;237m 13s 393ms[0m
[38;2;128;128;128m[0m
  [38;2;250;235;215mres://tests/simulation/test_score_margin.gd[0m[38;2;128;128;128m > [0m[38;2;250;235;215mtest_even_matchups_retain_stochastic_variation[0m[38;2;34;139;34m STARTED[0m[38;2;128;128;128m[0m
  [38;2;250;235;215mres://tests/simulation/test_score_margin.gd[0m[38;2;128;128;128m > [0m[38;2;250;235;215mtest_even_matchups_retain_stochastic_variation[0m[38;2;34;139;34m PASSED[0m[38;2;100;149;237m 105ms[0m
[38;2;128;128;128m[0m
  [38;2;250;235;215mres://tests/simulation/test_score_margin.gd[0m[38;2;128;128;128m > [0m[38;2;250;235;215mtest_no_clamp_bounds_the_final_margin[0m[38;2;34;139;34m STARTED[0m[38;2;128;128;128m[0m
  [38;2;250;235;215mres://tests/simulation/test_score_margin.gd[0m[38;2;128;128;128m > [0m[38;2;250;235;215mtest_no_clamp_bounds_the_final_margin[0m[38;2;34;139;34m PASSED[0m[38;2;100;149;237m 164ms[0m
[38;2;128;128;128m[0m
  [38;2;250;235;215mres://tests/simulation/test_score_margin.gd[0m[38;2;128;128;128m > [0m[38;2;250;235;215mtest_resolution_ignores_the_score_in_the_body_of_the_game[0m[38;2;34;139;34m STARTED[0m[38;2;128;128;128m[0m
  [38;2;250;235;215mres://tests/simulation/test_score_margin.gd[0m[38;2;128;128;128m > [0m[38;2;250;235;215mtest_resolution_ignores_the_score_in_the_body_of_the_game[0m[38;2;34;139;34m PASSED[0m[38;2;100;149;237m 773ms[0m
[38;2;128;128;128m[0m
  [38;2;250;235;215mres://tests/simulation/test_score_margin.gd[0m[38;2;128;128;128m > [0m[38;2;250;235;215mtest_no_trailing_or_leading_modifier_exists[0m[38;2;34;139;34m STARTED[0m[38;2;128;128;128m[0m
  [38;2;250;235;215mres://tests/simulation/test_score_margin.gd[0m[38;2;128;128;128m > [0m[38;2;250;235;215mtest_no_trailing_or_leading_modifier_exists[0m[38;2;34;139;34m PASSED[0m[38;2;100;149;237m 531ms[0m
[38;2;128;128;128m[0m
  [38;2;250;235;215mres://tests/simulation/test_score_margin.gd[0m[38;2;128;128;128m > [0m[38;2;250;235;215mtest_the_managed_window_changes_selection_and_not_resolution[0m[38;2;34;139;34m STARTED[0m[38;2;128;128;128m[0m
  [38;2;250;235;215mres://tests/simulation/test_score_margin.gd[0m[38;2;128;128;128m > [0m[38;2;250;235;215mtest_the_managed_window_changes_selection_and_not_resolution[0m[38;2;34;139;34m PASSED[0m[38;2;100;149;237m 2s 540ms[0m
[38;2;128;128;128m[0m
  [38;2;250;235;215mres://tests/simulation/test_score_margin.gd[0m[38;2;128;128;128m > [0m[38;2;250;235;215mtest_intentional_fouling_activates_only_under_valid_conditions[0m[38;2;34;139;34m STARTED[0m[38;2;128;128;128m[0m
  [38;2;250;235;215mres://tests/simulation/test_score_margin.gd[0m[38;2;128;128;128m > [0m[38;2;250;235;215mtest_intentional_fouling_activates_only_under_valid_conditions[0m[38;2;34;139;34m PASSED[0m[38;2;100;149;237m 132ms[0m
[38;2;128;128;128m[0m
  [38;2;250;235;215mres://tests/simulation/test_score_margin.gd[0m[38;2;128;128;128m > [0m[38;2;250;235;215mtest_the_rotation_reads_the_settled_mode_and_does_not_recompute_it[0m[38;2;34;139;34m STARTED[0m[38;2;128;128;128m[0m
  [38;2;250;235;215mres://tests/simulation/test_score_margin.gd[0m[38;2;128;128;128m > [0m[38;2;250;235;215mtest_the_rotation_reads_the_settled_mode_and_does_not_recompute_it[0m[38;2;34;139;34m PASSED[0m[38;2;100;149;237m 330ms[0m
[38;2;128;128;128m[0m
  [38;2;250;235;215mres://tests/simulation/test_score_margin.gd[0m[38;2;128;128;128m > [0m[38;2;250;235;215mtest_settled_game_rotation_converges[0m[38;2;34;139;34m STARTED[0m[38;2;128;128;128m[0m
  [38;2;250;235;215mres://tests/simulation/test_score_margin.gd[0m[38;2;128;128;128m > [0m[38;2;250;235;215mtest_settled_game_rotation_converges[0m[38;2;34;139;34m PASSED[0m[38;2;100;149;237m 95ms[0m
[38;2;128;128;128m[0m
  [38;2;250;235;215mres://tests/simulation/test_score_margin.gd[0m[38;2;128;128;128m > [0m[38;2;250;235;215mtest_regulation_ties_enter_overtime[0m[38;2;34;139;34m STARTED[0m[38;2;128;128;128m[0m
  [38;2;250;235;215mres://tests/simulation/test_score_margin.gd[0m[38;2;128;128;128m > [0m[38;2;250;235;215mtest_regulation_ties_enter_overtime[0m[38;2;34;139;34m PASSED[0m[38;2;100;149;237m 122ms[0m
[38;2;128;128;128m[0m
  [38;2;250;235;215mres://tests/simulation/test_score_margin.gd[0m[38;2;128;128;128m > [0m[38;2;250;235;215mtest_overtime_games_reconcile[0m[38;2;34;139;34m STARTED[0m[38;2;128;128;128m[0m
  [38;2;250;235;215mres://tests/simulation/test_score_margin.gd[0m[38;2;128;128;128m > [0m[38;2;250;235;215mtest_overtime_games_reconcile[0m[38;2;34;139;34m PASSED[0m[38;2;100;149;237m 144ms[0m
[38;2;128;128;128m[0m
  [38;2;250;235;215mres://tests/simulation/test_score_margin.gd[0m[38;2;128;128;128m > [0m[38;2;250;235;215mtest_possessions_scores_and_points_per_possession_reconcile[0m[38;2;34;139;34m STARTED[0m[38;2;128;128;128m[0m
  [38;2;250;235;215mres://tests/simulation/test_score_margin.gd[0m[38;2;128;128;128m > [0m[38;2;250;235;215mtest_possessions_scores_and_points_per_possession_reconcile[0m[38;2;34;139;34m PASSED[0m[38;2;100;149;237m 126ms[0m
[38;2;128;128;128m[0m
  [38;2;250;235;215mres://tests/simulation/test_score_margin.gd[0m[38;2;128;128;128m > [0m[38;2;250;235;215mtest_repeated_games_do_not_leak_state[0m[38;2;34;139;34m STARTED[0m[38;2;128;128;128m[0m
  [38;2;250;235;215mres://tests/simulation/test_score_margin.gd[0m[38;2;128;128;128m > [0m[38;2;250;235;215mtest_repeated_games_do_not_leak_state[0m[38;2;34;139;34m PASSED[0m[38;2;100;149;237m 31s 954ms[0m
[38;2;128;128;128m[0m
  [38;2;250;235;215mres://tests/simulation/test_score_margin.gd[0m[38;2;128;128;128m > [0m[38;2;250;235;215mtest_play_sim_and_skip_agree_on_the_margin[0m[38;2;34;139;34m STARTED[0m[38;2;128;128;128m[0m
  [38;2;250;235;215mres://tests/simulation/test_score_margin.gd[0m[38;2;128;128;128m > [0m[38;2;250;235;215mtest_play_sim_and_skip_agree_on_the_margin[0m[38;2;34;139;34m PASSED[0m[38;2;100;149;237m 22s 791ms[0m
[38;2;128;128;128m[0m
[38;2;30;144;255mStatistics:[0m[38;2;128;128;128m 19 test cases | 0 errors | 0 failures | 0 flaky | 0 skipped | 0 orphans |[0m[38;2;34;139;34m PASSED[0m[38;2;100;149;237m 34min 51s 711ms[0m
[38;2;128;128;128m[0m
[38;2;128;128;128m[0m
[38;2;0;206;209mRun Test Suite: [0m[38;2;250;235;215mres://tests/simulation/test_stopped_clock_followup.gd[0m
  [38;2;250;235;215mres://tests/simulation/test_stopped_clock_followup.gd[0m[38;2;128;128;128m > [0m[38;2;250;235;215mtest_nonbonus_whistle_preserves_clock_minutes_and_resets_without_expiry[0m[38;2;34;139;34m STARTED[0m[38;2;128;128;128m[0m
  [38;2;250;235;215mres://tests/simulation/test_stopped_clock_followup.gd[0m[38;2;128;128;128m > [0m[38;2;250;235;215mtest_nonbonus_whistle_preserves_clock_minutes_and_resets_without_expiry[0m[38;2;34;139;34m PASSED[0m[38;2;100;149;237m 1s 266ms[0m
[38;2;128;128;128m[0m
  [38;2;250;235;215mres://tests/simulation/test_stopped_clock_followup.gd[0m[38;2;128;128;128m > [0m[38;2;250;235;215mtest_intentional_miss_paced_rebound_boundary_and_eligibility[0m[38;2;34;139;34m STARTED[0m[38;2;128;128;128m[0m
  [38;2;250;235;215mres://tests/simulation/test_stopped_clock_followup.gd[0m[38;2;128;128;128m > [0m[38;2;250;235;215mtest_intentional_miss_paced_rebound_boundary_and_eligibility[0m[38;2;34;139;34m PASSED[0m[38;2;100;149;237m 144ms[0m
[38;2;128;128;128m[0m
  [38;2;250;235;215mres://tests/simulation/test_stopped_clock_followup.gd[0m[38;2;128;128;128m > [0m[38;2;250;235;215mtest_boundary_intentional_miss_has_live_contested_board_and_same_timestamp_putback[0m[38;2;34;139;34m STARTED[0m[38;2;128;128;128m[0m
  [38;2;250;235;215mres://tests/simulation/test_stopped_clock_followup.gd[0m[38;2;128;128;128m > [0m[38;2;250;235;215mtest_boundary_intentional_miss_has_live_contested_board_and_same_timestamp_putback[0m[38;2;34;139;34m PASSED[0m[38;2;100;149;237m 2s 690ms[0m
[38;2;128;128;128m[0m
  [38;2;250;235;215mres://tests/simulation/test_stopped_clock_followup.gd[0m[38;2;128;128;128m > [0m[38;2;250;235;215mtest_maximum_rebound_draw_expires_at_equality_and_survives_one_ms_above[0m[38;2;34;139;34m STARTED[0m[38;2;128;128;128m[0m
  [38;2;250;235;215mres://tests/simulation/test_stopped_clock_followup.gd[0m[38;2;128;128;128m > [0m[38;2;250;235;215mtest_maximum_rebound_draw_expires_at_equality_and_survives_one_ms_above[0m[38;2;34;139;34m PASSED[0m[38;2;100;149;237m 232ms[0m
[38;2;128;128;128m[0m
  [38;2;250;235;215mres://tests/simulation/test_stopped_clock_followup.gd[0m[38;2;128;128;128m > [0m[38;2;250;235;215mtest_awarded_pairs_read_first_make_at_same_timestamp_before_intentional_final_miss[0m[38;2;34;139;34m STARTED[0m[38;2;128;128;128m[0m
  [38;2;250;235;215mres://tests/simulation/test_stopped_clock_followup.gd[0m[38;2;128;128;128m > [0m[38;2;250;235;215mtest_awarded_pairs_read_first_make_at_same_timestamp_before_intentional_final_miss[0m[38;2;34;139;34m PASSED[0m[38;2;100;149;237m 514ms[0m
[38;2;128;128;128m[0m
  [38;2;250;235;215mres://tests/simulation/test_stopped_clock_followup.gd[0m[38;2;128;128;128m > [0m[38;2;250;235;215mtest_live_action_after_nonbonus_administration_still_consumes_clock[0m[38;2;34;139;34m STARTED[0m[38;2;128;128;128m[0m
  [38;2;250;235;215mres://tests/simulation/test_stopped_clock_followup.gd[0m[38;2;128;128;128m > [0m[38;2;250;235;215mtest_live_action_after_nonbonus_administration_still_consumes_clock[0m[38;2;34;139;34m PASSED[0m[38;2;100;149;237m 295ms[0m
[38;2;128;128;128m[0m
  [38;2;250;235;215mres://tests/simulation/test_stopped_clock_followup.gd[0m[38;2;128;128;128m > [0m[38;2;250;235;215mtest_horn_awards_finish_before_regulation_and_overtime_transition[0m[38;2;34;139;34m STARTED[0m[38;2;128;128;128m[0m
  [38;2;250;235;215mres://tests/simulation/test_stopped_clock_followup.gd[0m[38;2;128;128;128m > [0m[38;2;250;235;215mtest_horn_awards_finish_before_regulation_and_overtime_transition[0m[38;2;34;139;34m PASSED[0m[38;2;100;149;237m 236ms[0m
[38;2;128;128;128m[0m
[38;2;30;144;255mStatistics:[0m[38;2;128;128;128m 7 test cases | 0 errors | 0 failures | 0 flaky | 0 skipped | 0 orphans |[0m[38;2;34;139;34m PASSED[0m[38;2;100;149;237m 5s 670ms[0m
[38;2;128;128;128m[0m
[38;2;128;128;128m[0m
[38;2;0;206;209mRun Test Suite: [0m[38;2;250;235;215mres://tests/unit/basketball/test_ap_accounting.gd[0m
  [38;2;250;235;215mres://tests/unit/basketball/test_ap_accounting.gd[0m[38;2;128;128;128m > [0m[38;2;250;235;215mtest_equal_rating_gains_cost_more_at_higher_destinations[0m[38;2;34;139;34m STARTED[0m[38;2;128;128;128m[0m
  [38;2;250;235;215mres://tests/unit/basketball/test_ap_accounting.gd[0m[38;2;128;128;128m > [0m[38;2;250;235;215mtest_equal_rating_gains_cost_more_at_higher_destinations[0m[38;2;34;139;34m PASSED[0m[38;2;100;149;237m 427ms[0m
[38;2;128;128;128m[0m
  [38;2;250;235;215mres://tests/unit/basketball/test_ap_accounting.gd[0m[38;2;128;128;128m > [0m[38;2;250;235;215mtest_reported_ap_spent_equals_the_cost_table_for_those_destinations[0m[38;2;34;139;34m STARTED[0m[38;2;128;128;128m[0m
  [38;2;250;235;215mres://tests/unit/basketball/test_ap_accounting.gd[0m[38;2;128;128;128m > [0m[38;2;250;235;215mtest_reported_ap_spent_equals_the_cost_table_for_those_destinations[0m[38;2;34;139;34m PASSED[0m[38;2;100;149;237m 277ms[0m
[38;2;128;128;128m[0m
  [38;2;250;235;215mres://tests/unit/basketball/test_ap_accounting.gd[0m[38;2;128;128;128m > [0m[38;2;250;235;215mtest_reported_ap_spent_equals_the_ledgers_own_debits[0m[38;2;34;139;34m STARTED[0m[38;2;128;128;128m[0m
  [38;2;250;235;215mres://tests/unit/basketball/test_ap_accounting.gd[0m[38;2;128;128;128m > [0m[38;2;250;235;215mtest_reported_ap_spent_equals_the_ledgers_own_debits[0m[38;2;34;139;34m PASSED[0m[38;2;100;149;237m 336ms[0m
[38;2;128;128;128m[0m
  [38;2;250;235;215mres://tests/unit/basketball/test_ap_accounting.gd[0m[38;2;128;128;128m > [0m[38;2;250;235;215mtest_the_spend_total_survives_ledger_duplication[0m[38;2;34;139;34m STARTED[0m[38;2;128;128;128m[0m
  [38;2;250;235;215mres://tests/unit/basketball/test_ap_accounting.gd[0m[38;2;128;128;128m > [0m[38;2;250;235;215mtest_the_spend_total_survives_ledger_duplication[0m[38;2;34;139;34m PASSED[0m[38;2;100;149;237m 123ms[0m
[38;2;128;128;128m[0m
  [38;2;250;235;215mres://tests/unit/basketball/test_ap_accounting.gd[0m[38;2;128;128;128m > [0m[38;2;250;235;215mtest_decline_is_not_counted_as_attribute_spending[0m[38;2;34;139;34m STARTED[0m[38;2;128;128;128m[0m
  [38;2;250;235;215mres://tests/unit/basketball/test_ap_accounting.gd[0m[38;2;128;128;128m > [0m[38;2;250;235;215mtest_decline_is_not_counted_as_attribute_spending[0m[38;2;34;139;34m PASSED[0m[38;2;100;149;237m 448ms[0m
[38;2;128;128;128m[0m
  [38;2;250;235;215mres://tests/unit/basketball/test_ap_accounting.gd[0m[38;2;128;128;128m > [0m[38;2;250;235;215mtest_unrealized_opportunity_is_not_counted_as_attribute_spending[0m[38;2;34;139;34m STARTED[0m[38;2;128;128;128m[0m
  [38;2;250;235;215mres://tests/unit/basketball/test_ap_accounting.gd[0m[38;2;128;128;128m > [0m[38;2;250;235;215mtest_unrealized_opportunity_is_not_counted_as_attribute_spending[0m[38;2;34;139;34m PASSED[0m[38;2;100;149;237m 754ms[0m
[38;2;128;128;128m[0m
  [38;2;250;235;215mres://tests/unit/basketball/test_ap_accounting.gd[0m[38;2;128;128;128m > [0m[38;2;250;235;215mtest_granted_minus_spent_minus_other_debits_equals_the_balance[0m[38;2;34;139;34m STARTED[0m[38;2;128;128;128m[0m
  [38;2;250;235;215mres://tests/unit/basketball/test_ap_accounting.gd[0m[38;2;128;128;128m > [0m[38;2;250;235;215mtest_granted_minus_spent_minus_other_debits_equals_the_balance[0m[38;2;34;139;34m PASSED[0m[38;2;100;149;237m 543ms[0m
[38;2;128;128;128m[0m
  [38;2;250;235;215mres://tests/unit/basketball/test_ap_accounting.gd[0m[38;2;128;128;128m > [0m[38;2;250;235;215mtest_a_career_reports_ap_spent_and_rating_points_separately[0m[38;2;34;139;34m STARTED[0m[38;2;128;128;128m[0m
  [38;2;250;235;215mres://tests/unit/basketball/test_ap_accounting.gd[0m[38;2;128;128;128m > [0m[38;2;250;235;215mtest_a_career_reports_ap_spent_and_rating_points_separately[0m[38;2;34;139;34m PASSED[0m[38;2;100;149;237m 1s 479ms[0m
[38;2;128;128;128m[0m
  [38;2;250;235;215mres://tests/unit/basketball/test_ap_accounting.gd[0m[38;2;128;128;128m > [0m[38;2;250;235;215mtest_every_outcome_path_reconciles_its_ledger[0m[38;2;34;139;34m STARTED[0m[38;2;128;128;128m[0m
  [38;2;250;235;215mres://tests/unit/basketball/test_ap_accounting.gd[0m[38;2;128;128;128m > [0m[38;2;250;235;215mtest_every_outcome_path_reconciles_its_ledger[0m[38;2;34;139;34m PASSED[0m[38;2;100;149;237m 11s 3ms[0m
[38;2;128;128;128m[0m
  [38;2;250;235;215mres://tests/unit/basketball/test_ap_accounting.gd[0m[38;2;128;128;128m > [0m[38;2;250;235;215mtest_realized_and_ledger_grants_differ_when_opportunity_is_unrealized[0m[38;2;34;139;34m STARTED[0m[38;2;128;128;128m[0m
  [38;2;250;235;215mres://tests/unit/basketball/test_ap_accounting.gd[0m[38;2;128;128;128m > [0m[38;2;250;235;215mtest_realized_and_ledger_grants_differ_when_opportunity_is_unrealized[0m[38;2;34;139;34m PASSED[0m[38;2;100;149;237m 330ms[0m
[38;2;128;128;128m[0m
  [38;2;250;235;215mres://tests/unit/basketball/test_ap_accounting.gd[0m[38;2;128;128;128m > [0m[38;2;250;235;215mtest_every_executor_reports_the_same_ap_accounting[0m[38;2;34;139;34m STARTED[0m[38;2;128;128;128m[0m
  [38;2;250;235;215mres://tests/unit/basketball/test_ap_accounting.gd[0m[38;2;128;128;128m > [0m[38;2;250;235;215mtest_every_executor_reports_the_same_ap_accounting[0m[38;2;34;139;34m PASSED[0m[38;2;100;149;237m 8s 70ms[0m
[38;2;128;128;128m[0m
  [38;2;250;235;215mres://tests/unit/basketball/test_ap_accounting.gd[0m[38;2;128;128;128m > [0m[38;2;250;235;215mtest_the_corrected_ap_means_pool_exactly_across_shards[0m[38;2;34;139;34m STARTED[0m[38;2;128;128;128m[0m
  [38;2;250;235;215mres://tests/unit/basketball/test_ap_accounting.gd[0m[38;2;128;128;128m > [0m[38;2;250;235;215mtest_the_corrected_ap_means_pool_exactly_across_shards[0m[38;2;34;139;34m PASSED[0m[38;2;100;149;237m 103ms[0m
[38;2;128;128;128m[0m
  [38;2;250;235;215mres://tests/unit/basketball/test_ap_accounting.gd[0m[38;2;128;128;128m > [0m[38;2;250;235;215mtest_a_reconciliation_failure_survives_shard_pooling[0m[38;2;34;139;34m STARTED[0m[38;2;128;128;128m[0m
  [38;2;250;235;215mres://tests/unit/basketball/test_ap_accounting.gd[0m[38;2;128;128;128m > [0m[38;2;250;235;215mtest_a_reconciliation_failure_survives_shard_pooling[0m[38;2;34;139;34m PASSED[0m[38;2;100;149;237m 81ms[0m
[38;2;128;128;128m[0m
[38;2;30;144;255mStatistics:[0m[38;2;128;128;128m 13 test cases | 0 errors | 0 failures | 0 flaky | 0 skipped | 0 orphans |[0m[38;2;34;139;34m PASSED[0m[38;2;100;149;237m 24s 869ms[0m
[38;2;128;128;128m[0m
[38;2;128;128;128m[0m
[38;2;0;206;209mRun Test Suite: [0m[38;2;250;235;215mres://tests/unit/basketball/test_body_maturation.gd[0m
  [38;2;250;235;215mres://tests/unit/basketball/test_body_maturation.gd[0m[38;2;128;128;128m > [0m[38;2;250;235;215mtest_growth_is_deterministic_from_the_career_seed[0m[38;2;34;139;34m STARTED[0m[38;2;128;128;128m[0m
  [38;2;250;235;215mres://tests/unit/basketball/test_body_maturation.gd[0m[38;2;128;128;128m > [0m[38;2;250;235;215mtest_growth_is_deterministic_from_the_career_seed[0m[38;2;34;139;34m PASSED[0m[38;2;100;149;237m 280ms[0m
[38;2;128;128;128m[0m
  [38;2;250;235;215mres://tests/unit/basketball/test_body_maturation.gd[0m[38;2;128;128;128m > [0m[38;2;250;235;215mtest_realized_adult_body_stays_inside_the_stored_range[0m[38;2;34;139;34m STARTED[0m[38;2;128;128;128m[0m
  [38;2;250;235;215mres://tests/unit/basketball/test_body_maturation.gd[0m[38;2;128;128;128m > [0m[38;2;250;235;215mtest_realized_adult_body_stays_inside_the_stored_range[0m[38;2;34;139;34m PASSED[0m[38;2;100;149;237m 5s 578ms[0m
[38;2;128;128;128m[0m
  [38;2;250;235;215mres://tests/unit/basketball/test_body_maturation.gd[0m[38;2;128;128;128m > [0m[38;2;250;235;215mtest_growth_resolves_once_per_career_year[0m[38;2;34;139;34m STARTED[0m[38;2;128;128;128m[0m
  [38;2;250;235;215mres://tests/unit/basketball/test_body_maturation.gd[0m[38;2;128;128;128m > [0m[38;2;250;235;215mtest_growth_resolves_once_per_career_year[0m[38;2;34;139;34m PASSED[0m[38;2;100;149;237m 512ms[0m
[38;2;128;128;128m[0m
  [38;2;250;235;215mres://tests/unit/basketball/test_body_maturation.gd[0m[38;2;128;128;128m > [0m[38;2;250;235;215mtest_growth_claims_the_shared_career_year_receipt[0m[38;2;34;139;34m STARTED[0m[38;2;128;128;128m[0m
  [38;2;250;235;215mres://tests/unit/basketball/test_body_maturation.gd[0m[38;2;128;128;128m > [0m[38;2;250;235;215mtest_growth_claims_the_shared_career_year_receipt[0m[38;2;34;139;34m PASSED[0m[38;2;100;149;237m 252ms[0m
[38;2;128;128;128m[0m
  [38;2;250;235;215mres://tests/unit/basketball/test_body_maturation.gd[0m[38;2;128;128;128m > [0m[38;2;250;235;215mtest_growth_never_changes_a_rating[0m[38;2;34;139;34m STARTED[0m[38;2;128;128;128m[0m
  [38;2;250;235;215mres://tests/unit/basketball/test_body_maturation.gd[0m[38;2;128;128;128m > [0m[38;2;250;235;215mtest_growth_never_changes_a_rating[0m[38;2;34;139;34m PASSED[0m[38;2;100;149;237m 172ms[0m
[38;2;128;128;128m[0m
  [38;2;250;235;215mres://tests/unit/basketball/test_body_maturation.gd[0m[38;2;128;128;128m > [0m[38;2;250;235;215mtest_growth_touches_neither_caps_nor_currency[0m[38;2;34;139;34m STARTED[0m[38;2;128;128;128m[0m
  [38;2;250;235;215mres://tests/unit/basketball/test_body_maturation.gd[0m[38;2;128;128;128m > [0m[38;2;250;235;215mtest_growth_touches_neither_caps_nor_currency[0m[38;2;34;139;34m PASSED[0m[38;2;100;149;237m 218ms[0m
[38;2;128;128;128m[0m
  [38;2;250;235;215mres://tests/unit/basketball/test_body_maturation.gd[0m[38;2;128;128;128m > [0m[38;2;250;235;215mtest_timing_profiles_produce_different_high_school_bodies[0m[38;2;34;139;34m STARTED[0m[38;2;128;128;128m[0m
  [38;2;250;235;215mres://tests/unit/basketball/test_body_maturation.gd[0m[38;2;128;128;128m > [0m[38;2;250;235;215mtest_timing_profiles_produce_different_high_school_bodies[0m[38;2;34;139;34m PASSED[0m[38;2;100;149;237m 521ms[0m
[38;2;128;128;128m[0m
  [38;2;250;235;215mres://tests/unit/basketball/test_body_maturation.gd[0m[38;2;128;128;128m > [0m[38;2;250;235;215mtest_timing_profiles_deliver_the_same_total_growth[0m[38;2;34;139;34m STARTED[0m[38;2;128;128;128m[0m
  [38;2;250;235;215mres://tests/unit/basketball/test_body_maturation.gd[0m[38;2;128;128;128m > [0m[38;2;250;235;215mtest_timing_profiles_deliver_the_same_total_growth[0m[38;2;34;139;34m PASSED[0m[38;2;100;149;237m 658ms[0m
[38;2;128;128;128m[0m
  [38;2;250;235;215mres://tests/unit/basketball/test_body_maturation.gd[0m[38;2;128;128;128m > [0m[38;2;250;235;215mtest_weight_training_is_separate_and_bounded[0m[38;2;34;139;34m STARTED[0m[38;2;128;128;128m[0m
  [38;2;250;235;215mres://tests/unit/basketball/test_body_maturation.gd[0m[38;2;128;128;128m > [0m[38;2;250;235;215mtest_weight_training_is_separate_and_bounded[0m[38;2;34;139;34m PASSED[0m[38;2;100;149;237m 673ms[0m
[38;2;128;128;128m[0m
  [38;2;250;235;215mres://tests/unit/basketball/test_body_maturation.gd[0m[38;2;128;128;128m > [0m[38;2;250;235;215mtest_no_increment_is_legal_after_the_body_is_final[0m[38;2;34;139;34m STARTED[0m[38;2;128;128;128m[0m
  [38;2;250;235;215mres://tests/unit/basketball/test_body_maturation.gd[0m[38;2;128;128;128m > [0m[38;2;250;235;215mtest_no_increment_is_legal_after_the_body_is_final[0m[38;2;34;139;34m PASSED[0m[38;2;100;149;237m 913ms[0m
[38;2;128;128;128m[0m
  [38;2;250;235;215mres://tests/unit/basketball/test_body_maturation.gd[0m[38;2;128;128;128m > [0m[38;2;250;235;215mtest_lost_projected_range_is_reconstructed_at_its_widest[0m[38;2;34;139;34m STARTED[0m[38;2;128;128;128m[0m
  [38;2;250;235;215mres://tests/unit/basketball/test_body_maturation.gd[0m[38;2;128;128;128m > [0m[38;2;250;235;215mtest_lost_projected_range_is_reconstructed_at_its_widest[0m[38;2;34;139;34m PASSED[0m[38;2;100;149;237m 100ms[0m
[38;2;128;128;128m[0m
[38;2;30;144;255mStatistics:[0m[38;2;128;128;128m 11 test cases | 0 errors | 0 failures | 0 flaky | 0 skipped | 0 orphans |[0m[38;2;34;139;34m PASSED[0m[38;2;100;149;237m 11s 315ms[0m
[38;2;128;128;128m[0m
[38;2;128;128;128m[0m
[38;2;0;206;209mRun Test Suite: [0m[38;2;250;235;215mres://tests/unit/basketball/test_builder.gd[0m
  [38;2;250;235;215mres://tests/unit/basketball/test_builder.gd[0m[38;2;128;128;128m > [0m[38;2;250;235;215mtest_balance_profiles_validate[0m[38;2;34;139;34m STARTED[0m[38;2;128;128;128m[0m
  [38;2;250;235;215mres://tests/unit/basketball/test_builder.gd[0m[38;2;128;128;128m > [0m[38;2;250;235;215mtest_balance_profiles_validate[0m[38;2;34;139;34m PASSED[0m[38;2;100;149;237m 370ms[0m
[38;2;128;128;128m[0m
  [38;2;250;235;215mres://tests/unit/basketball/test_builder.gd[0m[38;2;128;128;128m > [0m[38;2;250;235;215mtest_confirmation_is_blocked_while_creation_ap_remains[0m[38;2;34;139;34m STARTED[0m[38;2;128;128;128m[0m
  [38;2;250;235;215mres://tests/unit/basketball/test_builder.gd[0m[38;2;128;128;128m > [0m[38;2;250;235;215mtest_confirmation_is_blocked_while_creation_ap_remains[0m[38;2;34;139;34m PASSED[0m[38;2;100;149;237m 180ms[0m
[38;2;128;128;128m[0m
  [38;2;250;235;215mres://tests/unit/basketball/test_builder.gd[0m[38;2;128;128;128m > [0m[38;2;250;235;215mtest_creation_ap_cannot_carry_into_the_career[0m[38;2;34;139;34m STARTED[0m[38;2;128;128;128m[0m
  [38;2;250;235;215mres://tests/unit/basketball/test_builder.gd[0m[38;2;128;128;128m > [0m[38;2;250;235;215mtest_creation_ap_cannot_carry_into_the_career[0m[38;2;34;139;34m PASSED[0m[38;2;100;149;237m 211ms[0m
[38;2;128;128;128m[0m
  [38;2;250;235;215mres://tests/unit/basketball/test_builder.gd[0m[38;2;128;128;128m > [0m[38;2;250;235;215mtest_the_career_ledger_rejects_creation_sourced_grants[0m[38;2;34;139;34m STARTED[0m[38;2;128;128;128m[0m
SCRIPT ERROR: Assertion failed: creation Attribute Points can never enter the career wallet (§7.1, §28)
   at: AttributePointLedger.grant (res://src/domain/basketball/model/attribute_point_ledger.gd:87)
   GDScript backtrace (most recent call first):
       [0] grant (res://src/domain/basketball/model/attribute_point_ledger.gd:87)
       [1] <anonymous lambda> (res://tests/unit/basketball/test_builder.gd:75)
       [2] _execute (res://addons/gdUnit4/src/asserts/GdUnitGodotErrorAssertImpl.gd:17)
       [3] is_runtime_error (res://addons/gdUnit4/src/asserts/GdUnitGodotErrorAssertImpl.gd:98)
       [4] test_the_career_ledger_rejects_creation_sourced_grants (res://tests/unit/basketball/test_builder.gd:74)
       [5] _execute_test_case (res://addons/gdUnit4/src/core/_TestCase.gd:79)
       [6] execute (res://addons/gdUnit4/src/core/_TestCase.gd:40)
       [7] _execute (res://addons/gdUnit4/src/core/execution/stages/single/GdUnitTestCaseSingleTestStage.gd:10)
       [8] execute (res://addons/gdUnit4/src/core/execution/stages/IGdUnitExecutionStage.gd:19)
       [9] _execute (res://addons/gdUnit4/src/core/execution/stages/single/GdUnitTestCaseSingleExecutionStage.gd:17)
       [10] execute (res://addons/gdUnit4/src/core/execution/stages/IGdUnitExecutionStage.gd:19)
       [11] _execute (res://addons/gdUnit4/src/core/execution/stages/GdUnitTestCaseExecutionStage.gd:25)
       [12] execute (res://addons/gdUnit4/src/core/execution/stages/IGdUnitExecutionStage.gd:19)
       [13] _execute (res://addons/gdUnit4/src/core/execution/stages/GdUnitTestSuiteExecutionStage.gd:35)
       [14] execute (res://addons/gdUnit4/src/core/execution/stages/IGdUnitExecutionStage.gd:19)
       [15] _execute (res://addons/gdUnit4/src/core/execution/stages/GdUnitTestCaseExecutionStage.gd:33)
       [16] execute (res://addons/gdUnit4/src/core/execution/stages/IGdUnitExecutionStage.gd:19)
       [17] _execute (res://addons/gdUnit4/src/core/execution/stages/single/GdUnitTestCaseSingleExecutionStage.gd:28)
       [18] execute (res://addons/gdUnit4/src/core/execution/stages/IGdUnitExecutionStage.gd:19)
       [19] _execute (res://addons/gdUnit4/src/core/execution/stages/single/GdUnitTestCaseSingleTestStage.gd:10)
       [20] execute (res://addons/gdUnit4/src/core/_TestCase.gd:41)
       [21] test_completed (res://addons/gdUnit4/src/core/_TestCase.gd:86)
  [38;2;250;235;215mres://tests/unit/basketball/test_builder.gd[0m[38;2;128;128;128m > [0m[38;2;250;235;215mtest_the_career_ledger_rejects_creation_sourced_grants[0m[38;2;34;139;34m PASSED[0m[38;2;100;149;237m 287ms[0m
[38;2;128;128;128m[0m
  [38;2;250;235;215mres://tests/unit/basketball/test_builder.gd[0m[38;2;128;128;128m > [0m[38;2;250;235;215mtest_allocation_spend_reconciles_with_the_cost_table[0m[38;2;34;139;34m STARTED[0m[38;2;128;128;128m[0m
  [38;2;250;235;215mres://tests/unit/basketball/test_builder.gd[0m[38;2;128;128;128m > [0m[38;2;250;235;215mtest_allocation_spend_reconciles_with_the_cost_table[0m[38;2;34;139;34m PASSED[0m[38;2;100;149;237m 135ms[0m
[38;2;128;128;128m[0m
  [38;2;250;235;215mres://tests/unit/basketball/test_builder.gd[0m[38;2;128;128;128m > [0m[38;2;250;235;215mtest_cost_table_reproduces_the_documented_examples[0m[38;2;34;139;34m STARTED[0m[38;2;128;128;128m[0m
  [38;2;250;235;215mres://tests/unit/basketball/test_builder.gd[0m[38;2;128;128;128m > [0m[38;2;250;235;215mtest_cost_table_reproduces_the_documented_examples[0m[38;2;34;139;34m PASSED[0m[38;2;100;149;237m 102ms[0m
[38;2;128;128;128m[0m
  [38;2;250;235;215mres://tests/unit/basketball/test_builder.gd[0m[38;2;128;128;128m > [0m[38;2;250;235;215mtest_the_absolute_starting_maximum_is_enforced[0m[38;2;34;139;34m STARTED[0m[38;2;128;128;128m[0m
  [38;2;250;235;215mres://tests/unit/basketball/test_builder.gd[0m[38;2;128;128;128m > [0m[38;2;250;235;215mtest_the_absolute_starting_maximum_is_enforced[0m[38;2;34;139;34m PASSED[0m[38;2;100;149;237m 74ms[0m
[38;2;128;128;128m[0m
  [38;2;250;235;215mres://tests/unit/basketball/test_builder.gd[0m[38;2;128;128;128m > [0m[38;2;250;235;215mtest_allocation_never_exceeds_an_exact_cap[0m[38;2;34;139;34m STARTED[0m[38;2;128;128;128m[0m
  [38;2;250;235;215mres://tests/unit/basketball/test_builder.gd[0m[38;2;128;128;128m > [0m[38;2;250;235;215mtest_allocation_never_exceeds_an_exact_cap[0m[38;2;34;139;34m PASSED[0m[38;2;100;149;237m 228ms[0m
[38;2;128;128;128m[0m
  [38;2;250;235;215mres://tests/unit/basketball/test_builder.gd[0m[38;2;128;128;128m > [0m[38;2;250;235;215mtest_cap_generation_is_deterministic[0m[38;2;34;139;34m STARTED[0m[38;2;128;128;128m[0m
  [38;2;250;235;215mres://tests/unit/basketball/test_builder.gd[0m[38;2;128;128;128m > [0m[38;2;250;235;215mtest_cap_generation_is_deterministic[0m[38;2;34;139;34m PASSED[0m[38;2;100;149;237m 455ms[0m
[38;2;128;128;128m[0m
  [38;2;250;235;215mres://tests/unit/basketball/test_builder.gd[0m[38;2;128;128;128m > [0m[38;2;250;235;215mtest_caps_stay_inside_their_domain[0m[38;2;34;139;34m STARTED[0m[38;2;128;128;128m[0m
  [38;2;250;235;215mres://tests/unit/basketball/test_builder.gd[0m[38;2;128;128;128m > [0m[38;2;250;235;215mtest_caps_stay_inside_their_domain[0m[38;2;34;139;34m PASSED[0m[38;2;100;149;237m 624ms[0m
[38;2;128;128;128m[0m
  [38;2;250;235;215mres://tests/unit/basketball/test_builder.gd[0m[38;2;128;128;128m > [0m[38;2;250;235;215mtest_body_redistribution_stays_inside_its_bounds[0m[38;2;34;139;34m STARTED[0m[38;2;128;128;128m[0m
  [38;2;250;235;215mres://tests/unit/basketball/test_builder.gd[0m[38;2;128;128;128m > [0m[38;2;250;235;215mtest_body_redistribution_stays_inside_its_bounds[0m[38;2;34;139;34m PASSED[0m[38;2;100;149;237m 233ms[0m
[38;2;128;128;128m[0m
  [38;2;250;235;215mres://tests/unit/basketball/test_builder.gd[0m[38;2;128;128;128m > [0m[38;2;250;235;215mtest_confirmation_view_reports_every_required_value[0m[38;2;34;139;34m STARTED[0m[38;2;128;128;128m[0m
  [38;2;250;235;215mres://tests/unit/basketball/test_builder.gd[0m[38;2;128;128;128m > [0m[38;2;250;235;215mtest_confirmation_view_reports_every_required_value[0m[38;2;34;139;34m PASSED[0m[38;2;100;149;237m 552ms[0m
[38;2;128;128;128m[0m
  [38;2;250;235;215mres://tests/unit/basketball/test_builder.gd[0m[38;2;128;128;128m > [0m[38;2;250;235;215mtest_projected_adult_range_is_bounded_and_forward_looking[0m[38;2;34;139;34m STARTED[0m[38;2;128;128;128m[0m
  [38;2;250;235;215mres://tests/unit/basketball/test_builder.gd[0m[38;2;128;128;128m > [0m[38;2;250;235;215mtest_projected_adult_range_is_bounded_and_forward_looking[0m[38;2;34;139;34m PASSED[0m[38;2;100;149;237m 436ms[0m
[38;2;128;128;128m[0m
  [38;2;250;235;215mres://tests/unit/basketball/test_builder.gd[0m[38;2;128;128;128m > [0m[38;2;250;235;215mtest_the_empty_preview_is_not_a_completed_build[0m[38;2;34;139;34m STARTED[0m[38;2;128;128;128m[0m
  [38;2;250;235;215mres://tests/unit/basketball/test_builder.gd[0m[38;2;128;128;128m > [0m[38;2;250;235;215mtest_the_empty_preview_is_not_a_completed_build[0m[38;2;34;139;34m PASSED[0m[38;2;100;149;237m 789ms[0m
[38;2;128;128;128m[0m
  [38;2;250;235;215mres://tests/unit/basketball/test_builder.gd[0m[38;2;128;128;128m > [0m[38;2;250;235;215mtest_reset_restores_the_full_budget[0m[38;2;34;139;34m STARTED[0m[38;2;128;128;128m[0m
  [38;2;250;235;215mres://tests/unit/basketball/test_builder.gd[0m[38;2;128;128;128m > [0m[38;2;250;235;215mtest_reset_restores_the_full_budget[0m[38;2;34;139;34m PASSED[0m[38;2;100;149;237m 83ms[0m
[38;2;128;128;128m[0m
  [38;2;250;235;215mres://tests/unit/basketball/test_builder.gd[0m[38;2;128;128;128m > [0m[38;2;250;235;215mtest_randomization_is_deterministic_and_confirmable[0m[38;2;34;139;34m STARTED[0m[38;2;128;128;128m[0m
  [38;2;250;235;215mres://tests/unit/basketball/test_builder.gd[0m[38;2;128;128;128m > [0m[38;2;250;235;215mtest_randomization_is_deterministic_and_confirmable[0m[38;2;34;139;34m PASSED[0m[38;2;100;149;237m 162ms[0m
[38;2;128;128;128m[0m
  [38;2;250;235;215mres://tests/unit/basketball/test_builder.gd[0m[38;2;128;128;128m > [0m[38;2;250;235;215mtest_prospect_profiles_receive_distinct_budgets[0m[38;2;34;139;34m STARTED[0m[38;2;128;128;128m[0m
  [38;2;250;235;215mres://tests/unit/basketball/test_builder.gd[0m[38;2;128;128;128m > [0m[38;2;250;235;215mtest_prospect_profiles_receive_distinct_budgets[0m[38;2;34;139;34m PASSED[0m[38;2;100;149;237m 174ms[0m
[38;2;128;128;128m[0m
  [38;2;250;235;215mres://tests/unit/basketball/test_builder.gd[0m[38;2;128;128;128m > [0m[38;2;250;235;215mtest_completed_builds_land_in_their_locked_bands[0m[38;2;34;139;34m STARTED[0m[38;2;128;128;128m[0m
  [38;2;250;235;215mres://tests/unit/basketball/test_builder.gd[0m[38;2;128;128;128m > [0m[38;2;250;235;215mtest_completed_builds_land_in_their_locked_bands[0m[38;2;34;139;34m PASSED[0m[38;2;100;149;237m 1s 651ms[0m
[38;2;128;128;128m[0m
  [38;2;250;235;215mres://tests/unit/basketball/test_builder.gd[0m[38;2;128;128;128m > [0m[38;2;250;235;215mtest_no_ordinary_completed_build_exceeds_the_ceiling[0m[38;2;34;139;34m STARTED[0m[38;2;128;128;128m[0m
  [38;2;250;235;215mres://tests/unit/basketball/test_builder.gd[0m[38;2;128;128;128m > [0m[38;2;250;235;215mtest_no_ordinary_completed_build_exceeds_the_ceiling[0m[38;2;34;139;34m PASSED[0m[38;2;100;149;237m 2s 705ms[0m
[38;2;128;128;128m[0m
[38;2;30;144;255mStatistics:[0m[38;2;128;128;128m 19 test cases | 0 errors | 0 failures | 0 flaky | 0 skipped | 0 orphans |[0m[38;2;34;139;34m PASSED[0m[38;2;100;149;237m 10s 806ms[0m
[38;2;128;128;128m[0m
[38;2;128;128;128m[0m
[38;2;0;206;209mRun Test Suite: [0m[38;2;250;235;215mres://tests/unit/basketball/test_cap_selection_pressure.gd[0m
  [38;2;250;235;215mres://tests/unit/basketball/test_cap_selection_pressure.gd[0m[38;2;128;128;128m > [0m[38;2;250;235;215mtest_a_pool_of_one_is_bit_identical_to_no_selection[0m[38;2;34;139;34m STARTED[0m[38;2;128;128;128m[0m
  [38;2;250;235;215mres://tests/unit/basketball/test_cap_selection_pressure.gd[0m[38;2;128;128;128m > [0m[38;2;250;235;215mtest_a_pool_of_one_is_bit_identical_to_no_selection[0m[38;2;34;139;34m PASSED[0m[38;2;100;149;237m 196ms[0m
[38;2;128;128;128m[0m
  [38;2;250;235;215mres://tests/unit/basketball/test_cap_selection_pressure.gd[0m[38;2;128;128;128m > [0m[38;2;250;235;215mtest_selection_is_deterministic_from_the_seed[0m[38;2;34;139;34m STARTED[0m[38;2;128;128;128m[0m
  [38;2;250;235;215mres://tests/unit/basketball/test_cap_selection_pressure.gd[0m[38;2;128;128;128m > [0m[38;2;250;235;215mtest_selection_is_deterministic_from_the_seed[0m[38;2;34;139;34m PASSED[0m[38;2;100;149;237m 202ms[0m
[38;2;128;128;128m[0m
  [38;2;250;235;215mres://tests/unit/basketball/test_cap_selection_pressure.gd[0m[38;2;128;128;128m > [0m[38;2;250;235;215mtest_a_larger_pool_raises_the_population_ceiling[0m[38;2;34;139;34m STARTED[0m[38;2;128;128;128m[0m
  [38;2;250;235;215mres://tests/unit/basketball/test_cap_selection_pressure.gd[0m[38;2;128;128;128m > [0m[38;2;250;235;215mtest_a_larger_pool_raises_the_population_ceiling[0m[38;2;34;139;34m PASSED[0m[38;2;100;149;237m 781ms[0m
[38;2;128;128;128m[0m
  [38;2;250;235;215mres://tests/unit/basketball/test_cap_selection_pressure.gd[0m[38;2;128;128;128m > [0m[38;2;250;235;215mtest_selection_never_exceeds_the_profile_ceiling_maximum[0m[38;2;34;139;34m STARTED[0m[38;2;128;128;128m[0m
  [38;2;250;235;215mres://tests/unit/basketball/test_cap_selection_pressure.gd[0m[38;2;128;128;128m > [0m[38;2;250;235;215mtest_selection_never_exceeds_the_profile_ceiling_maximum[0m[38;2;34;139;34m PASSED[0m[38;2;100;149;237m 2s 375ms[0m
[38;2;128;128;128m[0m
  [38;2;250;235;215mres://tests/unit/basketball/test_cap_selection_pressure.gd[0m[38;2;128;128;128m > [0m[38;2;250;235;215mtest_every_selected_ceiling_was_already_reachable[0m[38;2;34;139;34m STARTED[0m[38;2;128;128;128m[0m
  [38;2;250;235;215mres://tests/unit/basketball/test_cap_selection_pressure.gd[0m[38;2;128;128;128m > [0m[38;2;250;235;215mtest_every_selected_ceiling_was_already_reachable[0m[38;2;34;139;34m PASSED[0m[38;2;100;149;237m 1s 199ms[0m
[38;2;128;128;128m[0m
  [38;2;250;235;215mres://tests/unit/basketball/test_cap_selection_pressure.gd[0m[38;2;128;128;128m > [0m[38;2;250;235;215mtest_selection_preserves_attribute_shape[0m[38;2;34;139;34m STARTED[0m[38;2;128;128;128m[0m
  [38;2;250;235;215mres://tests/unit/basketball/test_cap_selection_pressure.gd[0m[38;2;128;128;128m > [0m[38;2;250;235;215mtest_selection_preserves_attribute_shape[0m[38;2;34;139;34m PASSED[0m[38;2;100;149;237m 897ms[0m
[38;2;128;128;128m[0m
[38;2;30;144;255mStatistics:[0m[38;2;128;128;128m 6 test cases | 0 errors | 0 failures | 0 flaky | 0 skipped | 0 orphans |[0m[38;2;34;139;34m PASSED[0m[38;2;100;149;237m 6s 60ms[0m
[38;2;128;128;128m[0m
[38;2;128;128;128m[0m
[38;2;0;206;209mRun Test Suite: [0m[38;2;250;235;215mres://tests/unit/basketball/test_development_contract.gd[0m
  [38;2;250;235;215mres://tests/unit/basketball/test_development_contract.gd[0m[38;2;128;128;128m > [0m[38;2;250;235;215mtest_user_and_npc_pay_the_same_costs[0m[38;2;34;139;34m STARTED[0m[38;2;128;128;128m[0m
  [38;2;250;235;215mres://tests/unit/basketball/test_development_contract.gd[0m[38;2;128;128;128m > [0m[38;2;250;235;215mtest_user_and_npc_pay_the_same_costs[0m[38;2;34;139;34m PASSED[0m[38;2;100;149;237m 151ms[0m
[38;2;128;128;128m[0m
  [38;2;250;235;215mres://tests/unit/basketball/test_development_contract.gd[0m[38;2;128;128;128m > [0m[38;2;250;235;215mtest_the_allocator_cannot_spend_currency_it_was_not_granted[0m[38;2;34;139;34m STARTED[0m[38;2;128;128;128m[0m
  [38;2;250;235;215mres://tests/unit/basketball/test_development_contract.gd[0m[38;2;128;128;128m > [0m[38;2;250;235;215mtest_the_allocator_cannot_spend_currency_it_was_not_granted[0m[38;2;34;139;34m PASSED[0m[38;2;100;149;237m 135ms[0m
[38;2;128;128;128m[0m
  [38;2;250;235;215mres://tests/unit/basketball/test_development_contract.gd[0m[38;2;128;128;128m > [0m[38;2;250;235;215mtest_the_allocator_never_exceeds_a_cap[0m[38;2;34;139;34m STARTED[0m[38;2;128;128;128m[0m
  [38;2;250;235;215mres://tests/unit/basketball/test_development_contract.gd[0m[38;2;128;128;128m > [0m[38;2;250;235;215mtest_the_allocator_never_exceeds_a_cap[0m[38;2;34;139;34m PASSED[0m[38;2;100;149;237m 448ms[0m
[38;2;128;128;128m[0m
  [38;2;250;235;215mres://tests/unit/basketball/test_development_contract.gd[0m[38;2;128;128;128m > [0m[38;2;250;235;215mtest_every_ledger_entry_names_its_source_and_executor[0m[38;2;34;139;34m STARTED[0m[38;2;128;128;128m[0m
  [38;2;250;235;215mres://tests/unit/basketball/test_development_contract.gd[0m[38;2;128;128;128m > [0m[38;2;250;235;215mtest_every_ledger_entry_names_its_source_and_executor[0m[38;2;34;139;34m PASSED[0m[38;2;100;149;237m 175ms[0m
[38;2;128;128;128m[0m
  [38;2;250;235;215mres://tests/unit/basketball/test_development_contract.gd[0m[38;2;128;128;128m > [0m[38;2;250;235;215mtest_detail_promotion_is_invariant[0m[38;2;34;139;34m STARTED[0m[38;2;128;128;128m[0m
  [38;2;250;235;215mres://tests/unit/basketball/test_development_contract.gd[0m[38;2;128;128;128m > [0m[38;2;250;235;215mtest_detail_promotion_is_invariant[0m[38;2;34;139;34m PASSED[0m[38;2;100;149;237m 887ms[0m
[38;2;128;128;128m[0m
  [38;2;250;235;215mres://tests/unit/basketball/test_development_contract.gd[0m[38;2;128;128;128m > [0m[38;2;250;235;215mtest_the_aggregate_executor_respects_caps_costs_and_the_ledger[0m[38;2;34;139;34m STARTED[0m[38;2;128;128;128m[0m
  [38;2;250;235;215mres://tests/unit/basketball/test_development_contract.gd[0m[38;2;128;128;128m > [0m[38;2;250;235;215mtest_the_aggregate_executor_respects_caps_costs_and_the_ledger[0m[38;2;34;139;34m PASSED[0m[38;2;100;149;237m 134ms[0m
[38;2;128;128;128m[0m
  [38;2;250;235;215mres://tests/unit/basketball/test_development_contract.gd[0m[38;2;128;128;128m > [0m[38;2;250;235;215mtest_aggregate_and_full_detail_spend_comparably[0m[38;2;34;139;34m STARTED[0m[38;2;128;128;128m[0m
  [38;2;250;235;215mres://tests/unit/basketball/test_development_contract.gd[0m[38;2;128;128;128m > [0m[38;2;250;235;215mtest_aggregate_and_full_detail_spend_comparably[0m[38;2;34;139;34m PASSED[0m[38;2;100;149;237m 654ms[0m
[38;2;128;128;128m[0m
  [38;2;250;235;215mres://tests/unit/basketball/test_development_contract.gd[0m[38;2;128;128;128m > [0m[38;2;250;235;215mtest_receipts_prevent_duplicate_annual_development[0m[38;2;34;139;34m STARTED[0m[38;2;128;128;128m[0m
  [38;2;250;235;215mres://tests/unit/basketball/test_development_contract.gd[0m[38;2;128;128;128m > [0m[38;2;250;235;215mtest_receipts_prevent_duplicate_annual_development[0m[38;2;34;139;34m PASSED[0m[38;2;100;149;237m 481ms[0m
[38;2;128;128;128m[0m
  [38;2;250;235;215mres://tests/unit/basketball/test_development_contract.gd[0m[38;2;128;128;128m > [0m[38;2;250;235;215mtest_receipts_are_shared_across_executors[0m[38;2;34;139;34m STARTED[0m[38;2;128;128;128m[0m
  [38;2;250;235;215mres://tests/unit/basketball/test_development_contract.gd[0m[38;2;128;128;128m > [0m[38;2;250;235;215mtest_receipts_are_shared_across_executors[0m[38;2;34;139;34m PASSED[0m[38;2;100;149;237m 208ms[0m
[38;2;128;128;128m[0m
  [38;2;250;235;215mres://tests/unit/basketball/test_development_contract.gd[0m[38;2;128;128;128m > [0m[38;2;250;235;215mtest_age_advances_once_per_career_year[0m[38;2;34;139;34m STARTED[0m[38;2;128;128;128m[0m
  [38;2;250;235;215mres://tests/unit/basketball/test_development_contract.gd[0m[38;2;128;128;128m > [0m[38;2;250;235;215mtest_age_advances_once_per_career_year[0m[38;2;34;139;34m PASSED[0m[38;2;100;149;237m 144ms[0m
[38;2;128;128;128m[0m
  [38;2;250;235;215mres://tests/unit/basketball/test_development_contract.gd[0m[38;2;128;128;128m > [0m[38;2;250;235;215mtest_natural_annual_resolution_runs_once[0m[38;2;34;139;34m STARTED[0m[38;2;128;128;128m[0m
  [38;2;250;235;215mres://tests/unit/basketball/test_development_contract.gd[0m[38;2;128;128;128m > [0m[38;2;250;235;215mtest_natural_annual_resolution_runs_once[0m[38;2;34;139;34m PASSED[0m[38;2;100;149;237m 151ms[0m
[38;2;128;128;128m[0m
  [38;2;250;235;215mres://tests/unit/basketball/test_development_contract.gd[0m[38;2;128;128;128m > [0m[38;2;250;235;215mtest_a_cap_reduction_never_lowers_the_current_rating[0m[38;2;34;139;34m STARTED[0m[38;2;128;128;128m[0m
  [38;2;250;235;215mres://tests/unit/basketball/test_development_contract.gd[0m[38;2;128;128;128m > [0m[38;2;250;235;215mtest_a_cap_reduction_never_lowers_the_current_rating[0m[38;2;34;139;34m PASSED[0m[38;2;100;149;237m 463ms[0m
[38;2;128;128;128m[0m
  [38;2;250;235;215mres://tests/unit/basketball/test_development_contract.gd[0m[38;2;128;128;128m > [0m[38;2;250;235;215mtest_direct_progress_resolves_points_and_carries_surplus[0m[38;2;34;139;34m STARTED[0m[38;2;128;128;128m[0m
  [38;2;250;235;215mres://tests/unit/basketball/test_development_contract.gd[0m[38;2;128;128;128m > [0m[38;2;250;235;215mtest_direct_progress_resolves_points_and_carries_surplus[0m[38;2;34;139;34m PASSED[0m[38;2;100;149;237m 267ms[0m
[38;2;128;128;128m[0m
  [38;2;250;235;215mres://tests/unit/basketball/test_development_contract.gd[0m[38;2;128;128;128m > [0m[38;2;250;235;215mtest_direct_progress_respects_the_cost_band_boundary[0m[38;2;34;139;34m STARTED[0m[38;2;128;128;128m[0m
  [38;2;250;235;215mres://tests/unit/basketball/test_development_contract.gd[0m[38;2;128;128;128m > [0m[38;2;250;235;215mtest_direct_progress_respects_the_cost_band_boundary[0m[38;2;34;139;34m PASSED[0m[38;2;100;149;237m 411ms[0m
[38;2;128;128;128m[0m
  [38;2;250;235;215mres://tests/unit/basketball/test_development_contract.gd[0m[38;2;128;128;128m > [0m[38;2;250;235;215mtest_direct_progress_converts_at_cap[0m[38;2;34;139;34m STARTED[0m[38;2;128;128;128m[0m
  [38;2;250;235;215mres://tests/unit/basketball/test_development_contract.gd[0m[38;2;128;128;128m > [0m[38;2;250;235;215mtest_direct_progress_converts_at_cap[0m[38;2;34;139;34m PASSED[0m[38;2;100;149;237m 112ms[0m
[38;2;128;128;128m[0m
[38;2;30;144;255mStatistics:[0m[38;2;128;128;128m 15 test cases | 0 errors | 0 failures | 0 flaky | 0 skipped | 0 orphans |[0m[38;2;34;139;34m PASSED[0m[38;2;100;149;237m 5s 411ms[0m
[38;2;128;128;128m[0m
[38;2;128;128;128m[0m
[38;2;0;206;209mRun Test Suite: [0m[38;2;250;235;215mres://tests/unit/basketball/test_development_projection.gd[0m
  [38;2;250;235;215mres://tests/unit/basketball/test_development_projection.gd[0m[38;2;128;128;128m > [0m[38;2;250;235;215mtest_the_three_values_have_distinct_labels[0m[38;2;34;139;34m STARTED[0m[38;2;128;128;128m[0m
  [38;2;250;235;215mres://tests/unit/basketball/test_development_projection.gd[0m[38;2;128;128;128m > [0m[38;2;250;235;215mtest_the_three_values_have_distinct_labels[0m[38;2;34;139;34m PASSED[0m[38;2;100;149;237m 111ms[0m
[38;2;128;128;128m[0m
  [38;2;250;235;215mres://tests/unit/basketball/test_development_projection.gd[0m[38;2;128;128;128m > [0m[38;2;250;235;215mtest_projected_peak_is_always_a_range[0m[38;2;34;139;34m STARTED[0m[38;2;128;128;128m[0m
  [38;2;250;235;215mres://tests/unit/basketball/test_development_projection.gd[0m[38;2;128;128;128m > [0m[38;2;250;235;215mtest_projected_peak_is_always_a_range[0m[38;2;34;139;34m PASSED[0m[38;2;100;149;237m 317ms[0m
[38;2;128;128;128m[0m
  [38;2;250;235;215mres://tests/unit/basketball/test_development_projection.gd[0m[38;2;128;128;128m > [0m[38;2;250;235;215mtest_projected_peak_respects_its_ordering_bounds[0m[38;2;34;139;34m STARTED[0m[38;2;128;128;128m[0m
  [38;2;250;235;215mres://tests/unit/basketball/test_development_projection.gd[0m[38;2;128;128;128m > [0m[38;2;250;235;215mtest_projected_peak_respects_its_ordering_bounds[0m[38;2;34;139;34m PASSED[0m[38;2;100;149;237m 17s 218ms[0m
[38;2;128;128;128m[0m
  [38;2;250;235;215mres://tests/unit/basketball/test_development_projection.gd[0m[38;2;128;128;128m > [0m[38;2;250;235;215mtest_projected_peak_responds_to_opportunity_supply[0m[38;2;34;139;34m STARTED[0m[38;2;128;128;128m[0m
  [38;2;250;235;215mres://tests/unit/basketball/test_development_projection.gd[0m[38;2;128;128;128m > [0m[38;2;250;235;215mtest_projected_peak_responds_to_opportunity_supply[0m[38;2;34;139;34m PASSED[0m[38;2;100;149;237m 334ms[0m
[38;2;128;128;128m[0m
  [38;2;250;235;215mres://tests/unit/basketball/test_development_projection.gd[0m[38;2;128;128;128m > [0m[38;2;250;235;215mtest_projected_peak_falls_with_age[0m[38;2;34;139;34m STARTED[0m[38;2;128;128;128m[0m
  [38;2;250;235;215mres://tests/unit/basketball/test_development_projection.gd[0m[38;2;128;128;128m > [0m[38;2;250;235;215mtest_projected_peak_falls_with_age[0m[38;2;34;139;34m PASSED[0m[38;2;100;149;237m 654ms[0m
[38;2;128;128;128m[0m
  [38;2;250;235;215mres://tests/unit/basketball/test_development_projection.gd[0m[38;2;128;128;128m > [0m[38;2;250;235;215mtest_projected_peak_responds_to_caps[0m[38;2;34;139;34m STARTED[0m[38;2;128;128;128m[0m
  [38;2;250;235;215mres://tests/unit/basketball/test_development_projection.gd[0m[38;2;128;128;128m > [0m[38;2;250;235;215mtest_projected_peak_responds_to_caps[0m[38;2;34;139;34m PASSED[0m[38;2;100;149;237m 245ms[0m
[38;2;128;128;128m[0m
  [38;2;250;235;215mres://tests/unit/basketball/test_development_projection.gd[0m[38;2;128;128;128m > [0m[38;2;250;235;215mtest_projected_peak_responds_to_timing_profile[0m[38;2;34;139;34m STARTED[0m[38;2;128;128;128m[0m
  [38;2;250;235;215mres://tests/unit/basketball/test_development_projection.gd[0m[38;2;128;128;128m > [0m[38;2;250;235;215mtest_projected_peak_responds_to_timing_profile[0m[38;2;34;139;34m PASSED[0m[38;2;100;149;237m 428ms[0m
[38;2;128;128;128m[0m
  [38;2;250;235;215mres://tests/unit/basketball/test_development_projection.gd[0m[38;2;128;128;128m > [0m[38;2;250;235;215mtest_projection_is_deterministic[0m[38;2;34;139;34m STARTED[0m[38;2;128;128;128m[0m
  [38;2;250;235;215mres://tests/unit/basketball/test_development_projection.gd[0m[38;2;128;128;128m > [0m[38;2;250;235;215mtest_projection_is_deterministic[0m[38;2;34;139;34m PASSED[0m[38;2;100;149;237m 1s 749ms[0m
[38;2;128;128;128m[0m
  [38;2;250;235;215mres://tests/unit/basketball/test_development_projection.gd[0m[38;2;128;128;128m > [0m[38;2;250;235;215mtest_projected_peak_width_stays_inside_its_guardrail[0m[38;2;34;139;34m STARTED[0m[38;2;128;128;128m[0m
  [38;2;250;235;215mres://tests/unit/basketball/test_development_projection.gd[0m[38;2;128;128;128m > [0m[38;2;250;235;215mtest_projected_peak_width_stays_inside_its_guardrail[0m[38;2;34;139;34m PASSED[0m[38;2;100;149;237m 547ms[0m
[38;2;128;128;128m[0m
  [38;2;250;235;215mres://tests/unit/basketball/test_development_projection.gd[0m[38;2;128;128;128m > [0m[38;2;250;235;215mtest_a_filled_player_projects_no_further_growth[0m[38;2;34;139;34m STARTED[0m[38;2;128;128;128m[0m
  [38;2;250;235;215mres://tests/unit/basketball/test_development_projection.gd[0m[38;2;128;128;128m > [0m[38;2;250;235;215mtest_a_filled_player_projects_no_further_growth[0m[38;2;34;139;34m PASSED[0m[38;2;100;149;237m 164ms[0m
[38;2;128;128;128m[0m
[38;2;30;144;255mStatistics:[0m[38;2;128;128;128m 10 test cases | 0 errors | 0 failures | 0 flaky | 0 skipped | 0 orphans |[0m[38;2;34;139;34m PASSED[0m[38;2;100;149;237m 22s 268ms[0m
[38;2;128;128;128m[0m
[38;2;128;128;128m[0m
[38;2;0;206;209mRun Test Suite: [0m[38;2;250;235;215mres://tests/unit/basketball/test_family_weight_contract.gd[0m
  [38;2;250;235;215mres://tests/unit/basketball/test_family_weight_contract.gd[0m[38;2;128;128;128m > [0m[38;2;250;235;215mtest_every_declared_attribute_receives_its_declared_tier_weight[0m[38;2;34;139;34m STARTED[0m[38;2;128;128;128m[0m
  [38;2;250;235;215mres://tests/unit/basketball/test_family_weight_contract.gd[0m[38;2;128;128;128m > [0m[38;2;250;235;215mtest_every_declared_attribute_receives_its_declared_tier_weight[0m[38;2;34;139;34m PASSED[0m[38;2;100;149;237m 124ms[0m
[38;2;128;128;128m[0m
  [38;2;250;235;215mres://tests/unit/basketball/test_family_weight_contract.gd[0m[38;2;128;128;128m > [0m[38;2;250;235;215mtest_the_three_tiers_are_strictly_ordered[0m[38;2;34;139;34m STARTED[0m[38;2;128;128;128m[0m
  [38;2;250;235;215mres://tests/unit/basketball/test_family_weight_contract.gd[0m[38;2;128;128;128m > [0m[38;2;250;235;215mtest_the_three_tiers_are_strictly_ordered[0m[38;2;34;139;34m PASSED[0m[38;2;100;149;237m 120ms[0m
[38;2;128;128;128m[0m
  [38;2;250;235;215mres://tests/unit/basketball/test_family_weight_contract.gd[0m[38;2;128;128;128m > [0m[38;2;250;235;215mtest_no_undeclared_attribute_receives_a_family_specific_weight[0m[38;2;34;139;34m STARTED[0m[38;2;128;128;128m[0m
  [38;2;250;235;215mres://tests/unit/basketball/test_family_weight_contract.gd[0m[38;2;128;128;128m > [0m[38;2;250;235;215mtest_no_undeclared_attribute_receives_a_family_specific_weight[0m[38;2;34;139;34m PASSED[0m[38;2;100;149;237m 411ms[0m
[38;2;128;128;128m[0m
  [38;2;250;235;215mres://tests/unit/basketball/test_family_weight_contract.gd[0m[38;2;128;128;128m > [0m[38;2;250;235;215mtest_the_number_of_emphasized_attributes_matches_the_declaration[0m[38;2;34;139;34m STARTED[0m[38;2;128;128;128m[0m
  [38;2;250;235;215mres://tests/unit/basketball/test_family_weight_contract.gd[0m[38;2;128;128;128m > [0m[38;2;250;235;215mtest_the_number_of_emphasized_attributes_matches_the_declaration[0m[38;2;34;139;34m PASSED[0m[38;2;100;149;237m 96ms[0m
[38;2;128;128;128m[0m
  [38;2;250;235;215mres://tests/unit/basketball/test_family_weight_contract.gd[0m[38;2;128;128;128m > [0m[38;2;250;235;215mtest_the_top_weighted_attributes_are_exactly_the_declared_primaries[0m[38;2;34;139;34m STARTED[0m[38;2;128;128;128m[0m
  [38;2;250;235;215mres://tests/unit/basketball/test_family_weight_contract.gd[0m[38;2;128;128;128m > [0m[38;2;250;235;215mtest_the_top_weighted_attributes_are_exactly_the_declared_primaries[0m[38;2;34;139;34m PASSED[0m[38;2;100;149;237m 95ms[0m
[38;2;128;128;128m[0m
  [38;2;250;235;215mres://tests/unit/basketball/test_family_weight_contract.gd[0m[38;2;128;128;128m > [0m[38;2;250;235;215mtest_the_weight_total_is_exactly_what_the_declaration_implies[0m[38;2;34;139;34m STARTED[0m[38;2;128;128;128m[0m
  [38;2;250;235;215mres://tests/unit/basketball/test_family_weight_contract.gd[0m[38;2;128;128;128m > [0m[38;2;250;235;215mtest_the_weight_total_is_exactly_what_the_declaration_implies[0m[38;2;34;139;34m PASSED[0m[38;2;100;149;237m 83ms[0m
[38;2;128;128;128m[0m
  [38;2;250;235;215mres://tests/unit/basketball/test_family_weight_contract.gd[0m[38;2;128;128;128m > [0m[38;2;250;235;215mtest_every_family_produces_one_positive_weight_per_canonical_attribute[0m[38;2;34;139;34m STARTED[0m[38;2;128;128;128m[0m
  [38;2;250;235;215mres://tests/unit/basketball/test_family_weight_contract.gd[0m[38;2;128;128;128m > [0m[38;2;250;235;215mtest_every_family_produces_one_positive_weight_per_canonical_attribute[0m[38;2;34;139;34m PASSED[0m[38;2;100;149;237m 303ms[0m
[38;2;128;128;128m[0m
  [38;2;250;235;215mres://tests/unit/basketball/test_family_weight_contract.gd[0m[38;2;128;128;128m > [0m[38;2;250;235;215mtest_each_canonical_index_maps_its_own_emphasis_to_its_own_weight[0m[38;2;34;139;34m STARTED[0m[38;2;128;128;128m[0m
  [38;2;250;235;215mres://tests/unit/basketball/test_family_weight_contract.gd[0m[38;2;128;128;128m > [0m[38;2;250;235;215mtest_each_canonical_index_maps_its_own_emphasis_to_its_own_weight[0m[38;2;34;139;34m PASSED[0m[38;2;100;149;237m 287ms[0m
[38;2;128;128;128m[0m
  [38;2;250;235;215mres://tests/unit/basketball/test_family_weight_contract.gd[0m[38;2;128;128;128m > [0m[38;2;250;235;215mtest_a_single_emphasized_attribute_moves_only_its_own_weight[0m[38;2;34;139;34m STARTED[0m[38;2;128;128;128m[0m
  [38;2;250;235;215mres://tests/unit/basketball/test_family_weight_contract.gd[0m[38;2;128;128;128m > [0m[38;2;250;235;215mtest_a_single_emphasized_attribute_moves_only_its_own_weight[0m[38;2;34;139;34m PASSED[0m[38;2;100;149;237m 119ms[0m
[38;2;128;128;128m[0m
  [38;2;250;235;215mres://tests/unit/basketball/test_family_weight_contract.gd[0m[38;2;128;128;128m > [0m[38;2;250;235;215mtest_an_emphasis_level_is_never_read_as_an_attribute_index[0m[38;2;34;139;34m STARTED[0m[38;2;128;128;128m[0m
  [38;2;250;235;215mres://tests/unit/basketball/test_family_weight_contract.gd[0m[38;2;128;128;128m > [0m[38;2;250;235;215mtest_an_emphasis_level_is_never_read_as_an_attribute_index[0m[38;2;34;139;34m PASSED[0m[38;2;100;149;237m 467ms[0m
[38;2;128;128;128m[0m
  [38;2;250;235;215mres://tests/unit/basketball/test_family_weight_contract.gd[0m[38;2;128;128;128m > [0m[38;2;250;235;215mtest_declaration_order_does_not_change_semantic_ownership[0m[38;2;34;139;34m STARTED[0m[38;2;128;128;128m[0m
  [38;2;250;235;215mres://tests/unit/basketball/test_family_weight_contract.gd[0m[38;2;128;128;128m > [0m[38;2;250;235;215mtest_declaration_order_does_not_change_semantic_ownership[0m[38;2;34;139;34m PASSED[0m[38;2;100;149;237m 79ms[0m
[38;2;128;128;128m[0m
  [38;2;250;235;215mres://tests/unit/basketball/test_family_weight_contract.gd[0m[38;2;128;128;128m > [0m[38;2;250;235;215mtest_dictionary_insertion_order_does_not_change_the_output[0m[38;2;34;139;34m STARTED[0m[38;2;128;128;128m[0m
  [38;2;250;235;215mres://tests/unit/basketball/test_family_weight_contract.gd[0m[38;2;128;128;128m > [0m[38;2;250;235;215mtest_dictionary_insertion_order_does_not_change_the_output[0m[38;2;34;139;34m PASSED[0m[38;2;100;149;237m 89ms[0m
[38;2;128;128;128m[0m
  [38;2;250;235;215mres://tests/unit/basketball/test_family_weight_contract.gd[0m[38;2;128;128;128m > [0m[38;2;250;235;215mtest_the_committed_family_catalog_is_well_formed[0m[38;2;34;139;34m STARTED[0m[38;2;128;128;128m[0m
  [38;2;250;235;215mres://tests/unit/basketball/test_family_weight_contract.gd[0m[38;2;128;128;128m > [0m[38;2;250;235;215mtest_the_committed_family_catalog_is_well_formed[0m[38;2;34;139;34m PASSED[0m[38;2;100;149;237m 101ms[0m
[38;2;128;128;128m[0m
  [38;2;250;235;215mres://tests/unit/basketball/test_family_weight_contract.gd[0m[38;2;128;128;128m > [0m[38;2;250;235;215mtest_a_duplicate_family_declaration_fails_loudly[0m[38;2;34;139;34m STARTED[0m[38;2;128;128;128m[0m
  [38;2;250;235;215mres://tests/unit/basketball/test_family_weight_contract.gd[0m[38;2;128;128;128m > [0m[38;2;250;235;215mtest_a_duplicate_family_declaration_fails_loudly[0m[38;2;34;139;34m PASSED[0m[38;2;100;149;237m 77ms[0m
[38;2;128;128;128m[0m
  [38;2;250;235;215mres://tests/unit/basketball/test_family_weight_contract.gd[0m[38;2;128;128;128m > [0m[38;2;250;235;215mtest_an_unknown_attribute_key_fails_loudly[0m[38;2;34;139;34m STARTED[0m[38;2;128;128;128m[0m
  [38;2;250;235;215mres://tests/unit/basketball/test_family_weight_contract.gd[0m[38;2;128;128;128m > [0m[38;2;250;235;215mtest_an_unknown_attribute_key_fails_loudly[0m[38;2;34;139;34m PASSED[0m[38;2;100;149;237m 75ms[0m
[38;2;128;128;128m[0m
  [38;2;250;235;215mres://tests/unit/basketball/test_family_weight_contract.gd[0m[38;2;128;128;128m > [0m[38;2;250;235;215mtest_an_undeclared_coverage_gap_fails_loudly[0m[38;2;34;139;34m STARTED[0m[38;2;128;128;128m[0m
  [38;2;250;235;215mres://tests/unit/basketball/test_family_weight_contract.gd[0m[38;2;128;128;128m > [0m[38;2;250;235;215mtest_an_undeclared_coverage_gap_fails_loudly[0m[38;2;34;139;34m PASSED[0m[38;2;100;149;237m 453ms[0m
[38;2;128;128;128m[0m
  [38;2;250;235;215mres://tests/unit/basketball/test_family_weight_contract.gd[0m[38;2;128;128;128m > [0m[38;2;250;235;215mtest_a_neutral_declaration_that_contradicts_the_catalog_fails_loudly[0m[38;2;34;139;34m STARTED[0m[38;2;128;128;128m[0m
  [38;2;250;235;215mres://tests/unit/basketball/test_family_weight_contract.gd[0m[38;2;128;128;128m > [0m[38;2;250;235;215mtest_a_neutral_declaration_that_contradicts_the_catalog_fails_loudly[0m[38;2;34;139;34m PASSED[0m[38;2;100;149;237m 188ms[0m
[38;2;128;128;128m[0m
  [38;2;250;235;215mres://tests/unit/basketball/test_family_weight_contract.gd[0m[38;2;128;128;128m > [0m[38;2;250;235;215mtest_an_emphasis_level_with_no_defined_weight_fails_loudly[0m[38;2;34;139;34m STARTED[0m[38;2;128;128;128m[0m
SCRIPT ERROR: Assertion failed: no creation-time allocation weight is defined for emphasis 3
   at: _weight_for_emphasis (res://calibration/harness/career_simulator.gd:696)
   GDScript backtrace (most recent call first):
       [0] _weight_for_emphasis (res://calibration/harness/career_simulator.gd:696)
       [1] weights_for_emphasis (res://calibration/harness/career_simulator.gd:669)
       [2] <anonymous lambda> (res://tests/unit/basketball/test_family_weight_contract.gd:339)
       [3] _execute (res://addons/gdUnit4/src/asserts/GdUnitGodotErrorAssertImpl.gd:17)
       [4] is_runtime_error (res://addons/gdUnit4/src/asserts/GdUnitGodotErrorAssertImpl.gd:98)
       [5] test_an_emphasis_level_with_no_defined_weight_fails_loudly (res://tests/unit/basketball/test_family_weight_contract.gd:338)
       [6] _execute_test_case (res://addons/gdUnit4/src/core/_TestCase.gd:79)
       [7] execute (res://addons/gdUnit4/src/core/_TestCase.gd:40)
       [8] _execute (res://addons/gdUnit4/src/core/execution/stages/single/GdUnitTestCaseSingleTestStage.gd:10)
       [9] execute (res://addons/gdUnit4/src/core/execution/stages/IGdUnitExecutionStage.gd:19)
       [10] _execute (res://addons/gdUnit4/src/core/execution/stages/single/GdUnitTestCaseSingleExecutionStage.gd:17)
       [11] execute (res://addons/gdUnit4/src/core/execution/stages/IGdUnitExecutionStage.gd:19)
       [12] _execute (res://addons/gdUnit4/src/core/execution/stages/GdUnitTestCaseExecutionStage.gd:25)
       [13] execute (res://addons/gdUnit4/src/core/execution/stages/IGdUnitExecutionStage.gd:19)
       [14] _execute (res://addons/gdUnit4/src/core/execution/stages/GdUnitTestSuiteExecutionStage.gd:35)
       [15] execute (res://addons/gdUnit4/src/core/execution/stages/IGdUnitExecutionStage.gd:19)
       [16] _execute (res://addons/gdUnit4/src/core/execution/stages/GdUnitTestCaseExecutionStage.gd:33)
       [17] execute (res://addons/gdUnit4/src/core/execution/stages/IGdUnitExecutionStage.gd:19)
       [18] _execute (res://addons/gdUnit4/src/core/execution/stages/single/GdUnitTestCaseSingleExecutionStage.gd:28)
       [19] execute (res://addons/gdUnit4/src/core/execution/stages/IGdUnitExecutionStage.gd:19)
       [20] _execute (res://addons/gdUnit4/src/core/execution/stages/single/GdUnitTestCaseSingleTestStage.gd:10)
       [21] execute (res://addons/gdUnit4/src/core/_TestCase.gd:41)
       [22] test_completed (res://addons/gdUnit4/src/core/_TestCase.gd:86)
  [38;2;250;235;215mres://tests/unit/basketball/test_family_weight_contract.gd[0m[38;2;128;128;128m > [0m[38;2;250;235;215mtest_an_emphasis_level_with_no_defined_weight_fails_loudly[0m[38;2;34;139;34m PASSED[0m[38;2;100;149;237m 81ms[0m
[38;2;128;128;128m[0m
  [38;2;250;235;215mres://tests/unit/basketball/test_family_weight_contract.gd[0m[38;2;128;128;128m > [0m[38;2;250;235;215mtest_a_wrongly_sized_emphasis_vector_fails_loudly[0m[38;2;34;139;34m STARTED[0m[38;2;128;128;128m[0m
SCRIPT ERROR: Assertion failed: one emphasis value per canonical attribute is required
   at: weights_for_emphasis (res://calibration/harness/career_simulator.gd:665)
   GDScript backtrace (most recent call first):
       [0] weights_for_emphasis (res://calibration/harness/career_simulator.gd:665)
       [1] <anonymous lambda> (res://tests/unit/basketball/test_family_weight_contract.gd:350)
       [2] _execute (res://addons/gdUnit4/src/asserts/GdUnitGodotErrorAssertImpl.gd:17)
       [3] is_runtime_error (res://addons/gdUnit4/src/asserts/GdUnitGodotErrorAssertImpl.gd:98)
       [4] test_a_wrongly_sized_emphasis_vector_fails_loudly (res://tests/unit/basketball/test_family_weight_contract.gd:349)
       [5] _execute_test_case (res://addons/gdUnit4/src/core/_TestCase.gd:79)
       [6] execute (res://addons/gdUnit4/src/core/_TestCase.gd:40)
       [7] _execute (res://addons/gdUnit4/src/core/execution/stages/single/GdUnitTestCaseSingleTestStage.gd:10)
       [8] execute (res://addons/gdUnit4/src/core/execution/stages/IGdUnitExecutionStage.gd:19)
       [9] _execute (res://addons/gdUnit4/src/core/execution/stages/single/GdUnitTestCaseSingleExecutionStage.gd:17)
       [10] execute (res://addons/gdUnit4/src/core/execution/stages/IGdUnitExecutionStage.gd:19)
       [11] _execute (res://addons/gdUnit4/src/core/execution/stages/GdUnitTestCaseExecutionStage.gd:25)
       [12] execute (res://addons/gdUnit4/src/core/execution/stages/IGdUnitExecutionStage.gd:19)
       [13] _execute (res://addons/gdUnit4/src/core/execution/stages/GdUnitTestSuiteExecutionStage.gd:35)
       [14] execute (res://addons/gdUnit4/src/core/execution/stages/IGdUnitExecutionStage.gd:19)
       [15] _execute (res://addons/gdUnit4/src/core/execution/stages/GdUnitTestCaseExecutionStage.gd:33)
       [16] execute (res://addons/gdUnit4/src/core/execution/stages/IGdUnitExecutionStage.gd:19)
       [17] _execute (res://addons/gdUnit4/src/core/execution/stages/single/GdUnitTestCaseSingleExecutionStage.gd:28)
       [18] execute (res://addons/gdUnit4/src/core/execution/stages/IGdUnitExecutionStage.gd:19)
       [19] _execute (res://addons/gdUnit4/src/core/execution/stages/single/GdUnitTestCaseSingleTestStage.gd:10)
       [20] execute (res://addons/gdUnit4/src/core/_TestCase.gd:41)
       [21] test_completed (res://addons/gdUnit4/src/core/_TestCase.gd:86)
  [38;2;250;235;215mres://tests/unit/basketball/test_family_weight_contract.gd[0m[38;2;128;128;128m > [0m[38;2;250;235;215mtest_a_wrongly_sized_emphasis_vector_fails_loudly[0m[38;2;34;139;34m PASSED[0m[38;2;100;149;237m 351ms[0m
[38;2;128;128;128m[0m
  [38;2;250;235;215mres://tests/unit/basketball/test_family_weight_contract.gd[0m[38;2;128;128;128m > [0m[38;2;250;235;215mtest_an_unknown_family_fails_loudly[0m[38;2;34;139;34m STARTED[0m[38;2;128;128;128m[0m
SCRIPT ERROR: Assertion failed: unknown position family
   at: family_allocation_weights (res://calibration/harness/career_simulator.gd:654)
   GDScript backtrace (most recent call first):
       [0] family_allocation_weights (res://calibration/harness/career_simulator.gd:654)
       [1] <anonymous lambda> (res://tests/unit/basketball/test_family_weight_contract.gd:358)
       [2] _execute (res://addons/gdUnit4/src/asserts/GdUnitGodotErrorAssertImpl.gd:17)
       [3] is_runtime_error (res://addons/gdUnit4/src/asserts/GdUnitGodotErrorAssertImpl.gd:98)
       [4] test_an_unknown_family_fails_loudly (res://tests/unit/basketball/test_family_weight_contract.gd:357)
       [5] _execute_test_case (res://addons/gdUnit4/src/core/_TestCase.gd:79)
       [6] execute (res://addons/gdUnit4/src/core/_TestCase.gd:40)
       [7] _execute (res://addons/gdUnit4/src/core/execution/stages/single/GdUnitTestCaseSingleTestStage.gd:10)
       [8] execute (res://addons/gdUnit4/src/core/execution/stages/IGdUnitExecutionStage.gd:19)
       [9] _execute (res://addons/gdUnit4/src/core/execution/stages/single/GdUnitTestCaseSingleExecutionStage.gd:17)
       [10] execute (res://addons/gdUnit4/src/core/execution/stages/IGdUnitExecutionStage.gd:19)
       [11] _execute (res://addons/gdUnit4/src/core/execution/stages/GdUnitTestCaseExecutionStage.gd:25)
       [12] execute (res://addons/gdUnit4/src/core/execution/stages/IGdUnitExecutionStage.gd:19)
       [13] _execute (res://addons/gdUnit4/src/core/execution/stages/GdUnitTestSuiteExecutionStage.gd:35)
       [14] execute (res://addons/gdUnit4/src/core/execution/stages/IGdUnitExecutionStage.gd:19)
       [15] _execute (res://addons/gdUnit4/src/core/execution/stages/GdUnitTestCaseExecutionStage.gd:33)
       [16] execute (res://addons/gdUnit4/src/core/execution/stages/IGdUnitExecutionStage.gd:19)
       [17] _execute (res://addons/gdUnit4/src/core/execution/stages/single/GdUnitTestCaseSingleExecutionStage.gd:28)
       [18] execute (res://addons/gdUnit4/src/core/execution/stages/IGdUnitExecutionStage.gd:19)
       [19] _execute (res://addons/gdUnit4/src/core/execution/stages/single/GdUnitTestCaseSingleTestStage.gd:10)
       [20] execute (res://addons/gdUnit4/src/core/_TestCase.gd:41)
       [21] test_completed (res://addons/gdUnit4/src/core/_TestCase.gd:86)
  [38;2;250;235;215mres://tests/unit/basketball/test_family_weight_contract.gd[0m[38;2;128;128;128m > [0m[38;2;250;235;215mtest_an_unknown_family_fails_loudly[0m[38;2;34;139;34m PASSED[0m[38;2;100;149;237m 100ms[0m
[38;2;128;128;128m[0m
  [38;2;250;235;215mres://tests/unit/basketball/test_family_weight_contract.gd[0m[38;2;128;128;128m > [0m[38;2;250;235;215mtest_the_weight_vector_is_a_pure_function_of_the_family[0m[38;2;34;139;34m STARTED[0m[38;2;128;128;128m[0m
  [38;2;250;235;215mres://tests/unit/basketball/test_family_weight_contract.gd[0m[38;2;128;128;128m > [0m[38;2;250;235;215mtest_the_weight_vector_is_a_pure_function_of_the_family[0m[38;2;34;139;34m PASSED[0m[38;2;100;149;237m 81ms[0m
[38;2;128;128;128m[0m
  [38;2;250;235;215mres://tests/unit/basketball/test_family_weight_contract.gd[0m[38;2;128;128;128m > [0m[38;2;250;235;215mtest_the_same_seed_and_family_reproduce_the_builder_exactly[0m[38;2;34;139;34m STARTED[0m[38;2;128;128;128m[0m
  [38;2;250;235;215mres://tests/unit/basketball/test_family_weight_contract.gd[0m[38;2;128;128;128m > [0m[38;2;250;235;215mtest_the_same_seed_and_family_reproduce_the_builder_exactly[0m[38;2;34;139;34m PASSED[0m[38;2;100;149;237m 403ms[0m
[38;2;128;128;128m[0m
  [38;2;250;235;215mres://tests/unit/basketball/test_family_weight_contract.gd[0m[38;2;128;128;128m > [0m[38;2;250;235;215mtest_families_that_declare_differently_weight_and_build_differently[0m[38;2;34;139;34m STARTED[0m[38;2;128;128;128m[0m
  [38;2;250;235;215mres://tests/unit/basketball/test_family_weight_contract.gd[0m[38;2;128;128;128m > [0m[38;2;250;235;215mtest_families_that_declare_differently_weight_and_build_differently[0m[38;2;34;139;34m PASSED[0m[38;2;100;149;237m 175ms[0m
[38;2;128;128;128m[0m
  [38;2;250;235;215mres://tests/unit/basketball/test_family_weight_contract.gd[0m[38;2;128;128;128m > [0m[38;2;250;235;215mtest_a_families_primaries_outrank_the_same_attributes_elsewhere[0m[38;2;34;139;34m STARTED[0m[38;2;128;128;128m[0m
  [38;2;250;235;215mres://tests/unit/basketball/test_family_weight_contract.gd[0m[38;2;128;128;128m > [0m[38;2;250;235;215mtest_a_families_primaries_outrank_the_same_attributes_elsewhere[0m[38;2;34;139;34m PASSED[0m[38;2;100;149;237m 260ms[0m
[38;2;128;128;128m[0m
  [38;2;250;235;215mres://tests/unit/basketball/test_family_weight_contract.gd[0m[38;2;128;128;128m > [0m[38;2;250;235;215mtest_no_family_collapses_onto_the_old_universal_trio[0m[38;2;34;139;34m STARTED[0m[38;2;128;128;128m[0m
  [38;2;250;235;215mres://tests/unit/basketball/test_family_weight_contract.gd[0m[38;2;128;128;128m > [0m[38;2;250;235;215mtest_no_family_collapses_onto_the_old_universal_trio[0m[38;2;34;139;34m PASSED[0m[38;2;100;149;237m 83ms[0m
[38;2;128;128;128m[0m
  [38;2;250;235;215mres://tests/unit/basketball/test_family_weight_contract.gd[0m[38;2;128;128;128m > [0m[38;2;250;235;215mtest_the_guard_emphasizes_none_of_the_defect_trio[0m[38;2;34;139;34m STARTED[0m[38;2;128;128;128m[0m
  [38;2;250;235;215mres://tests/unit/basketball/test_family_weight_contract.gd[0m[38;2;128;128;128m > [0m[38;2;250;235;215mtest_the_guard_emphasizes_none_of_the_defect_trio[0m[38;2;34;139;34m PASSED[0m[38;2;100;149;237m 81ms[0m
[38;2;128;128;128m[0m
  [38;2;250;235;215mres://tests/unit/basketball/test_family_weight_contract.gd[0m[38;2;128;128;128m > [0m[38;2;250;235;215mtest_every_canonical_attribute_is_emphasized_or_declared_neutral[0m[38;2;34;139;34m STARTED[0m[38;2;128;128;128m[0m
  [38;2;250;235;215mres://tests/unit/basketball/test_family_weight_contract.gd[0m[38;2;128;128;128m > [0m[38;2;250;235;215mtest_every_canonical_attribute_is_emphasized_or_declared_neutral[0m[38;2;34;139;34m PASSED[0m[38;2;100;149;237m 95ms[0m
[38;2;128;128;128m[0m
  [38;2;250;235;215mres://tests/unit/basketball/test_family_weight_contract.gd[0m[38;2;128;128;128m > [0m[38;2;250;235;215mtest_the_declared_neutral_set_is_exactly_the_documented_three[0m[38;2;34;139;34m STARTED[0m[38;2;128;128;128m[0m
  [38;2;250;235;215mres://tests/unit/basketball/test_family_weight_contract.gd[0m[38;2;128;128;128m > [0m[38;2;250;235;215mtest_the_declared_neutral_set_is_exactly_the_documented_three[0m[38;2;34;139;34m PASSED[0m[38;2;100;149;237m 405ms[0m
[38;2;128;128;128m[0m
  [38;2;250;235;215mres://tests/unit/basketball/test_family_weight_contract.gd[0m[38;2;128;128;128m > [0m[38;2;250;235;215mtest_the_repair_introduces_no_competition_specific_behaviour[0m[38;2;34;139;34m STARTED[0m[38;2;128;128;128m[0m
  [38;2;250;235;215mres://tests/unit/basketball/test_family_weight_contract.gd[0m[38;2;128;128;128m > [0m[38;2;250;235;215mtest_the_repair_introduces_no_competition_specific_behaviour[0m[38;2;34;139;34m PASSED[0m[38;2;100;149;237m 91ms[0m
[38;2;128;128;128m[0m
  [38;2;250;235;215mres://tests/unit/basketball/test_family_weight_contract.gd[0m[38;2;128;128;128m > [0m[38;2;250;235;215mtest_weighted_allocation_stays_legal_for_every_family[0m[38;2;34;139;34m STARTED[0m[38;2;128;128;128m[0m
  [38;2;250;235;215mres://tests/unit/basketball/test_family_weight_contract.gd[0m[38;2;128;128;128m > [0m[38;2;250;235;215mtest_weighted_allocation_stays_legal_for_every_family[0m[38;2;34;139;34m PASSED[0m[38;2;100;149;237m 273ms[0m
[38;2;128;128;128m[0m
[38;2;30;144;255mStatistics:[0m[38;2;128;128;128m 30 test cases | 0 errors | 0 failures | 0 flaky | 0 skipped | 0 orphans |[0m[38;2;34;139;34m PASSED[0m[38;2;100;149;237m 6s 918ms[0m
[38;2;128;128;128m[0m
[38;2;128;128;128m[0m
[38;2;0;206;209mRun Test Suite: [0m[38;2;250;235;215mres://tests/unit/basketball/test_generational_progression.gd[0m
  [38;2;250;235;215mres://tests/unit/basketball/test_generational_progression.gd[0m[38;2;128;128;128m > [0m[38;2;250;235;215mtest_game_development_stops_at_the_seasonal_cap[0m[38;2;34;139;34m STARTED[0m[38;2;128;128;128m[0m
  [38;2;250;235;215mres://tests/unit/basketball/test_generational_progression.gd[0m[38;2;128;128;128m > [0m[38;2;250;235;215mtest_game_development_stops_at_the_seasonal_cap[0m[38;2;34;139;34m PASSED[0m[38;2;100;149;237m 145ms[0m
[38;2;128;128;128m[0m
  [38;2;250;235;215mres://tests/unit/basketball/test_generational_progression.gd[0m[38;2;128;128;128m > [0m[38;2;250;235;215mtest_the_game_cap_is_a_seasonal_pool_not_a_per_grant_limit[0m[38;2;34;139;34m STARTED[0m[38;2;128;128;128m[0m
  [38;2;250;235;215mres://tests/unit/basketball/test_generational_progression.gd[0m[38;2;128;128;128m > [0m[38;2;250;235;215mtest_the_game_cap_is_a_seasonal_pool_not_a_per_grant_limit[0m[38;2;34;139;34m PASSED[0m[38;2;100;149;237m 176ms[0m
[38;2;128;128;128m[0m
  [38;2;250;235;215mres://tests/unit/basketball/test_generational_progression.gd[0m[38;2;128;128;128m > [0m[38;2;250;235;215mtest_the_game_cap_follows_the_phase_and_resets_each_career_year[0m[38;2;34;139;34m STARTED[0m[38;2;128;128;128m[0m
  [38;2;250;235;215mres://tests/unit/basketball/test_generational_progression.gd[0m[38;2;128;128;128m > [0m[38;2;250;235;215mtest_the_game_cap_follows_the_phase_and_resets_each_career_year[0m[38;2;34;139;34m PASSED[0m[38;2;100;149;237m 206ms[0m
[38;2;128;128;128m[0m
  [38;2;250;235;215mres://tests/unit/basketball/test_generational_progression.gd[0m[38;2;128;128;128m > [0m[38;2;250;235;215mtest_no_career_season_exceeds_the_game_development_cap[0m[38;2;34;139;34m STARTED[0m[38;2;128;128;128m[0m
  [38;2;250;235;215mres://tests/unit/basketball/test_generational_progression.gd[0m[38;2;128;128;128m > [0m[38;2;250;235;215mtest_no_career_season_exceeds_the_game_development_cap[0m[38;2;34;139;34m PASSED[0m[38;2;100;149;237m 1min 19s 266ms[0m
[38;2;128;128;128m[0m
  [38;2;250;235;215mres://tests/unit/basketball/test_generational_progression.gd[0m[38;2;128;128;128m > [0m[38;2;250;235;215mtest_an_ordinary_season_raises_no_guardrail_warning[0m[38;2;34;139;34m STARTED[0m[38;2;128;128;128m[0m
  [38;2;250;235;215mres://tests/unit/basketball/test_generational_progression.gd[0m[38;2;128;128;128m > [0m[38;2;250;235;215mtest_an_ordinary_season_raises_no_guardrail_warning[0m[38;2;34;139;34m PASSED[0m[38;2;100;149;237m 1s 373ms[0m
[38;2;128;128;128m[0m
  [38;2;250;235;215mres://tests/unit/basketball/test_generational_progression.gd[0m[38;2;128;128;128m > [0m[38;2;250;235;215mtest_an_exceptional_season_warns_and_carries_its_explanation[0m[38;2;34;139;34m STARTED[0m[38;2;128;128;128m[0m
  [38;2;250;235;215mres://tests/unit/basketball/test_generational_progression.gd[0m[38;2;128;128;128m > [0m[38;2;250;235;215mtest_an_exceptional_season_warns_and_carries_its_explanation[0m[38;2;34;139;34m PASSED[0m[38;2;100;149;237m 1s 823ms[0m
[38;2;128;128;128m[0m
  [38;2;250;235;215mres://tests/unit/basketball/test_generational_progression.gd[0m[38;2;128;128;128m > [0m[38;2;250;235;215mtest_the_offseason_note_alone_does_not_explain_an_exceptional_season[0m[38;2;34;139;34m STARTED[0m[38;2;128;128;128m[0m
  [38;2;250;235;215mres://tests/unit/basketball/test_generational_progression.gd[0m[38;2;128;128;128m > [0m[38;2;250;235;215mtest_the_offseason_note_alone_does_not_explain_an_exceptional_season[0m[38;2;34;139;34m PASSED[0m[38;2;100;149;237m 2s 884ms[0m
[38;2;128;128;128m[0m
  [38;2;250;235;215mres://tests/unit/basketball/test_generational_progression.gd[0m[38;2;128;128;128m > [0m[38;2;250;235;215mtest_an_unnamed_grant_cannot_explain_an_exceptional_season[0m[38;2;34;139;34m STARTED[0m[38;2;128;128;128m[0m
  [38;2;250;235;215mres://tests/unit/basketball/test_generational_progression.gd[0m[38;2;128;128;128m > [0m[38;2;250;235;215mtest_an_unnamed_grant_cannot_explain_an_exceptional_season[0m[38;2;34;139;34m PASSED[0m[38;2;100;149;237m 1s 267ms[0m
[38;2;128;128;128m[0m
  [38;2;250;235;215mres://tests/unit/basketball/test_generational_progression.gd[0m[38;2;128;128;128m > [0m[38;2;250;235;215mtest_every_exceptional_season_in_the_cohort_is_explained[0m[38;2;34;139;34m STARTED[0m[38;2;128;128;128m[0m
  [38;2;250;235;215mres://tests/unit/basketball/test_generational_progression.gd[0m[38;2;128;128;128m > [0m[38;2;250;235;215mtest_every_exceptional_season_in_the_cohort_is_explained[0m[38;2;34;139;34m PASSED[0m[38;2;100;149;237m 932ms[0m
[38;2;128;128;128m[0m
  [38;2;250;235;215mres://tests/unit/basketball/test_generational_progression.gd[0m[38;2;128;128;128m > [0m[38;2;250;235;215mtest_the_seasonal_total_matches_a_full_ledger_scan[0m[38;2;34;139;34m STARTED[0m[38;2;128;128;128m[0m
  [38;2;250;235;215mres://tests/unit/basketball/test_generational_progression.gd[0m[38;2;128;128;128m > [0m[38;2;250;235;215mtest_the_seasonal_total_matches_a_full_ledger_scan[0m[38;2;34;139;34m PASSED[0m[38;2;100;149;237m 2s 879ms[0m
[38;2;128;128;128m[0m
  [38;2;250;235;215mres://tests/unit/basketball/test_generational_progression.gd[0m[38;2;128;128;128m > [0m[38;2;250;235;215mtest_spending_and_decline_do_not_reduce_the_seasonal_total[0m[38;2;34;139;34m STARTED[0m[38;2;128;128;128m[0m
  [38;2;250;235;215mres://tests/unit/basketball/test_generational_progression.gd[0m[38;2;128;128;128m > [0m[38;2;250;235;215mtest_spending_and_decline_do_not_reduce_the_seasonal_total[0m[38;2;34;139;34m PASSED[0m[38;2;100;149;237m 1s 102ms[0m
[38;2;128;128;128m[0m
  [38;2;250;235;215mres://tests/unit/basketball/test_generational_progression.gd[0m[38;2;128;128;128m > [0m[38;2;250;235;215mtest_the_at_cap_conversion_is_not_seasonal_availability[0m[38;2;34;139;34m STARTED[0m[38;2;128;128;128m[0m
  [38;2;250;235;215mres://tests/unit/basketball/test_generational_progression.gd[0m[38;2;128;128;128m > [0m[38;2;250;235;215mtest_the_at_cap_conversion_is_not_seasonal_availability[0m[38;2;34;139;34m PASSED[0m[38;2;100;149;237m 919ms[0m
[38;2;128;128;128m[0m
  [38;2;250;235;215mres://tests/unit/basketball/test_generational_progression.gd[0m[38;2;128;128;128m > [0m[38;2;250;235;215mtest_the_seasonal_index_survives_ledger_duplication[0m[38;2;34;139;34m STARTED[0m[38;2;128;128;128m[0m
  [38;2;250;235;215mres://tests/unit/basketball/test_generational_progression.gd[0m[38;2;128;128;128m > [0m[38;2;250;235;215mtest_the_seasonal_index_survives_ledger_duplication[0m[38;2;34;139;34m PASSED[0m[38;2;100;149;237m 914ms[0m
[38;2;128;128;128m[0m
  [38;2;250;235;215mres://tests/unit/basketball/test_generational_progression.gd[0m[38;2;128;128;128m > [0m[38;2;250;235;215mtest_every_rating_point_is_reconstructible_from_the_ledger[0m[38;2;34;139;34m STARTED[0m[38;2;128;128;128m[0m
  [38;2;250;235;215mres://tests/unit/basketball/test_generational_progression.gd[0m[38;2;128;128;128m > [0m[38;2;250;235;215mtest_every_rating_point_is_reconstructible_from_the_ledger[0m[38;2;34;139;34m PASSED[0m[38;2;100;149;237m 5s 539ms[0m
[38;2;128;128;128m[0m
  [38;2;250;235;215mres://tests/unit/basketball/test_generational_progression.gd[0m[38;2;128;128;128m > [0m[38;2;250;235;215mtest_annual_opportunity_resolves_once_per_career_year[0m[38;2;34;139;34m STARTED[0m[38;2;128;128;128m[0m
  [38;2;250;235;215mres://tests/unit/basketball/test_generational_progression.gd[0m[38;2;128;128;128m > [0m[38;2;250;235;215mtest_annual_opportunity_resolves_once_per_career_year[0m[38;2;34;139;34m PASSED[0m[38;2;100;149;237m 5s 159ms[0m
[38;2;128;128;128m[0m
  [38;2;250;235;215mres://tests/unit/basketball/test_generational_progression.gd[0m[38;2;128;128;128m > [0m[38;2;250;235;215mtest_the_generational_uplift_carries_ledger_provenance[0m[38;2;34;139;34m STARTED[0m[38;2;128;128;128m[0m
  [38;2;250;235;215mres://tests/unit/basketball/test_generational_progression.gd[0m[38;2;128;128;128m > [0m[38;2;250;235;215mtest_the_generational_uplift_carries_ledger_provenance[0m[38;2;34;139;34m PASSED[0m[38;2;100;149;237m 13s 699ms[0m
[38;2;128;128;128m[0m
  [38;2;250;235;215mres://tests/unit/basketball/test_generational_progression.gd[0m[38;2;128;128;128m > [0m[38;2;250;235;215mtest_the_outcome_label_grants_ratings_through_no_other_channel[0m[38;2;34;139;34m STARTED[0m[38;2;128;128;128m[0m
  [38;2;250;235;215mres://tests/unit/basketball/test_generational_progression.gd[0m[38;2;128;128;128m > [0m[38;2;250;235;215mtest_the_outcome_label_grants_ratings_through_no_other_channel[0m[38;2;34;139;34m PASSED[0m[38;2;100;149;237m 2s 890ms[0m
[38;2;128;128;128m[0m
  [38;2;250;235;215mres://tests/unit/basketball/test_generational_progression.gd[0m[38;2;128;128;128m > [0m[38;2;250;235;215mtest_the_wallet_reconciles_with_the_ledger[0m[38;2;34;139;34m STARTED[0m[38;2;128;128;128m[0m
  [38;2;250;235;215mres://tests/unit/basketball/test_generational_progression.gd[0m[38;2;128;128;128m > [0m[38;2;250;235;215mtest_the_wallet_reconciles_with_the_ledger[0m[38;2;34;139;34m PASSED[0m[38;2;100;149;237m 1s 586ms[0m
[38;2;128;128;128m[0m
  [38;2;250;235;215mres://tests/unit/basketball/test_generational_progression.gd[0m[38;2;128;128;128m > [0m[38;2;250;235;215mtest_the_generational_cohort_never_exceeds_a_cap[0m[38;2;34;139;34m STARTED[0m[38;2;128;128;128m[0m
  [38;2;250;235;215mres://tests/unit/basketball/test_generational_progression.gd[0m[38;2;128;128;128m > [0m[38;2;250;235;215mtest_the_generational_cohort_never_exceeds_a_cap[0m[38;2;34;139;34m PASSED[0m[38;2;100;149;237m 980ms[0m
[38;2;128;128;128m[0m
  [38;2;250;235;215mres://tests/unit/basketball/test_generational_progression.gd[0m[38;2;128;128;128m > [0m[38;2;250;235;215mtest_the_generational_cohort_reaches_its_locked_band[0m[38;2;34;139;34m STARTED[0m[38;2;128;128;128m[0m
  [38;2;250;235;215mres://tests/unit/basketball/test_generational_progression.gd[0m[38;2;128;128;128m > [0m[38;2;250;235;215mtest_the_generational_cohort_reaches_its_locked_band[0m[38;2;34;139;34m PASSED[0m[38;2;100;149;237m 1s 780ms[0m
[38;2;128;128;128m[0m
  [38;2;250;235;215mres://tests/unit/basketball/test_generational_progression.gd[0m[38;2;128;128;128m > [0m[38;2;250;235;215mtest_the_generational_cohort_does_not_reach_ninety_six[0m[38;2;34;139;34m STARTED[0m[38;2;128;128;128m[0m
  [38;2;250;235;215mres://tests/unit/basketball/test_generational_progression.gd[0m[38;2;128;128;128m > [0m[38;2;250;235;215mtest_the_generational_cohort_does_not_reach_ninety_six[0m[38;2;34;139;34m PASSED[0m[38;2;100;149;237m 1s 857ms[0m
[38;2;128;128;128m[0m
  [38;2;250;235;215mres://tests/unit/basketball/test_generational_progression.gd[0m[38;2;128;128;128m > [0m[38;2;250;235;215mtest_the_adjacent_cohorts_stay_inside_their_own_bands[0m[38;2;34;139;34m STARTED[0m[38;2;128;128;128m[0m
  [38;2;250;235;215mres://tests/unit/basketball/test_generational_progression.gd[0m[38;2;128;128;128m > [0m[38;2;250;235;215mtest_the_adjacent_cohorts_stay_inside_their_own_bands[0m[38;2;34;139;34m PASSED[0m[38;2;100;149;237m 1min 40s 665ms[0m
[38;2;128;128;128m[0m
  [38;2;250;235;215mres://tests/unit/basketball/test_generational_progression.gd[0m[38;2;128;128;128m > [0m[38;2;250;235;215mtest_no_ordinary_career_reaches_the_generational_band[0m[38;2;34;139;34m STARTED[0m[38;2;128;128;128m[0m
  [38;2;250;235;215mres://tests/unit/basketball/test_generational_progression.gd[0m[38;2;128;128;128m > [0m[38;2;250;235;215mtest_no_ordinary_career_reaches_the_generational_band[0m[38;2;34;139;34m PASSED[0m[38;2;100;149;237m 347ms[0m
[38;2;128;128;128m[0m
  [38;2;250;235;215mres://tests/unit/basketball/test_generational_progression.gd[0m[38;2;128;128;128m > [0m[38;2;250;235;215mtest_every_executor_produces_the_same_generational_career[0m[38;2;34;139;34m STARTED[0m[38;2;128;128;128m[0m
  [38;2;250;235;215mres://tests/unit/basketball/test_generational_progression.gd[0m[38;2;128;128;128m > [0m[38;2;250;235;215mtest_every_executor_produces_the_same_generational_career[0m[38;2;34;139;34m PASSED[0m[38;2;100;149;237m 11s 45ms[0m
[38;2;128;128;128m[0m
  [38;2;250;235;215mres://tests/unit/basketball/test_generational_progression.gd[0m[38;2;128;128;128m > [0m[38;2;250;235;215mtest_the_forced_path_override_reproduces_the_natural_career[0m[38;2;34;139;34m STARTED[0m[38;2;128;128;128m[0m
  [38;2;250;235;215mres://tests/unit/basketball/test_generational_progression.gd[0m[38;2;128;128;128m > [0m[38;2;250;235;215mtest_the_forced_path_override_reproduces_the_natural_career[0m[38;2;34;139;34m PASSED[0m[38;2;100;149;237m 10min 32s 575ms[0m
[38;2;128;128;128m[0m
  [38;2;250;235;215mres://tests/unit/basketball/test_generational_progression.gd[0m[38;2;128;128;128m > [0m[38;2;250;235;215mtest_the_corrected_cohort_is_deterministic[0m[38;2;34;139;34m STARTED[0m[38;2;128;128;128m[0m
  [38;2;250;235;215mres://tests/unit/basketball/test_generational_progression.gd[0m[38;2;128;128;128m > [0m[38;2;250;235;215mtest_the_corrected_cohort_is_deterministic[0m[38;2;34;139;34m PASSED[0m[38;2;100;149;237m 1min 22s 306ms[0m
[38;2;128;128;128m[0m
  [38;2;250;235;215mres://tests/unit/basketball/test_generational_progression.gd[0m[38;2;128;128;128m > [0m[38;2;250;235;215mtest_the_outcome_label_never_reaches_the_projected_peak[0m[38;2;34;139;34m STARTED[0m[38;2;128;128;128m[0m
  [38;2;250;235;215mres://tests/unit/basketball/test_generational_progression.gd[0m[38;2;128;128;128m > [0m[38;2;250;235;215mtest_the_outcome_label_never_reaches_the_projected_peak[0m[38;2;34;139;34m PASSED[0m[38;2;100;149;237m 48s 208ms[0m
[38;2;128;128;128m[0m
  [38;2;250;235;215mres://tests/unit/basketball/test_generational_progression.gd[0m[38;2;128;128;128m > [0m[38;2;250;235;215mtest_a_spend_stops_at_the_cap_even_when_asked_to_pass_it[0m[38;2;34;139;34m STARTED[0m[38;2;128;128;128m[0m
  [38;2;250;235;215mres://tests/unit/basketball/test_generational_progression.gd[0m[38;2;128;128;128m > [0m[38;2;250;235;215mtest_a_spend_stops_at_the_cap_even_when_asked_to_pass_it[0m[38;2;34;139;34m PASSED[0m[38;2;100;149;237m 945ms[0m
[38;2;128;128;128m[0m
  [38;2;250;235;215mres://tests/unit/basketball/test_generational_progression.gd[0m[38;2;128;128;128m > [0m[38;2;250;235;215mtest_no_exceptional_career_reaches_the_generational_band[0m[38;2;34;139;34m STARTED[0m[38;2;128;128;128m[0m
  [38;2;250;235;215mres://tests/unit/basketball/test_generational_progression.gd[0m[38;2;128;128;128m > [0m[38;2;250;235;215mtest_no_exceptional_career_reaches_the_generational_band[0m[38;2;34;139;34m PASSED[0m[38;2;100;149;237m 978ms[0m
[38;2;128;128;128m[0m
[38;2;30;144;255mStatistics:[0m[38;2;128;128;128m 29 test cases | 0 errors | 0 failures | 0 flaky | 0 skipped | 0 orphans |[0m[38;2;34;139;34m PASSED[0m[38;2;100;149;237m 16min 52s 710ms[0m
[38;2;128;128;128m[0m
[38;2;128;128;128m[0m
[38;2;0;206;209mRun Test Suite: [0m[38;2;250;235;215mres://tests/unit/basketball/test_guardrail_exception.gd[0m
  [38;2;250;235;215mres://tests/unit/basketball/test_guardrail_exception.gd[0m[38;2;128;128;128m > [0m[38;2;250;235;215mtest_the_permitted_share_is_twenty_percent[0m[38;2;34;139;34m STARTED[0m[38;2;128;128;128m[0m
  [38;2;250;235;215mres://tests/unit/basketball/test_guardrail_exception.gd[0m[38;2;128;128;128m > [0m[38;2;250;235;215mtest_the_permitted_share_is_twenty_percent[0m[38;2;34;139;34m PASSED[0m[38;2;100;149;237m 674ms[0m
[38;2;128;128;128m[0m
  [38;2;250;235;215mres://tests/unit/basketball/test_guardrail_exception.gd[0m[38;2;128;128;128m > [0m[38;2;250;235;215mtest_an_excess_inside_the_permitted_share_is_allowed[0m[38;2;34;139;34m STARTED[0m[38;2;128;128;128m[0m
  [38;2;250;235;215mres://tests/unit/basketball/test_guardrail_exception.gd[0m[38;2;128;128;128m > [0m[38;2;250;235;215mtest_an_excess_inside_the_permitted_share_is_allowed[0m[38;2;34;139;34m PASSED[0m[38;2;100;149;237m 1s 56ms[0m
[38;2;128;128;128m[0m
  [38;2;250;235;215mres://tests/unit/basketball/test_guardrail_exception.gd[0m[38;2;128;128;128m > [0m[38;2;250;235;215mtest_an_excess_exactly_at_the_permitted_share_is_allowed[0m[38;2;34;139;34m STARTED[0m[38;2;128;128;128m[0m
  [38;2;250;235;215mres://tests/unit/basketball/test_guardrail_exception.gd[0m[38;2;128;128;128m > [0m[38;2;250;235;215mtest_an_excess_exactly_at_the_permitted_share_is_allowed[0m[38;2;34;139;34m PASSED[0m[38;2;100;149;237m 1s 56ms[0m
[38;2;128;128;128m[0m
  [38;2;250;235;215mres://tests/unit/basketball/test_guardrail_exception.gd[0m[38;2;128;128;128m > [0m[38;2;250;235;215mtest_an_excess_beyond_the_permitted_share_is_a_violation[0m[38;2;34;139;34m STARTED[0m[38;2;128;128;128m[0m
  [38;2;250;235;215mres://tests/unit/basketball/test_guardrail_exception.gd[0m[38;2;128;128;128m > [0m[38;2;250;235;215mtest_an_excess_beyond_the_permitted_share_is_a_violation[0m[38;2;34;139;34m PASSED[0m[38;2;100;149;237m 1s 50ms[0m
[38;2;128;128;128m[0m
  [38;2;250;235;215mres://tests/unit/basketball/test_guardrail_exception.gd[0m[38;2;128;128;128m > [0m[38;2;250;235;215mtest_a_career_without_the_condition_may_not_exceed_at_all[0m[38;2;34;139;34m STARTED[0m[38;2;128;128;128m[0m
  [38;2;250;235;215mres://tests/unit/basketball/test_guardrail_exception.gd[0m[38;2;128;128;128m > [0m[38;2;250;235;215mtest_a_career_without_the_condition_may_not_exceed_at_all[0m[38;2;34;139;34m PASSED[0m[38;2;100;149;237m 1s 609ms[0m
[38;2;128;128;128m[0m
  [38;2;250;235;215mres://tests/unit/basketball/test_guardrail_exception.gd[0m[38;2;128;128;128m > [0m[38;2;250;235;215mtest_a_career_without_the_condition_inside_its_guardrails_is_fine[0m[38;2;34;139;34m STARTED[0m[38;2;128;128;128m[0m
  [38;2;250;235;215mres://tests/unit/basketball/test_guardrail_exception.gd[0m[38;2;128;128;128m > [0m[38;2;250;235;215mtest_a_career_without_the_condition_inside_its_guardrails_is_fine[0m[38;2;34;139;34m PASSED[0m[38;2;100;149;237m 1s 883ms[0m
[38;2;128;128;128m[0m
  [38;2;250;235;215mres://tests/unit/basketball/test_guardrail_exception.gd[0m[38;2;128;128;128m > [0m[38;2;250;235;215mtest_the_condition_is_persistent_and_survives_duplication[0m[38;2;34;139;34m STARTED[0m[38;2;128;128;128m[0m
  [38;2;250;235;215mres://tests/unit/basketball/test_guardrail_exception.gd[0m[38;2;128;128;128m > [0m[38;2;250;235;215mtest_the_condition_is_persistent_and_survives_duplication[0m[38;2;34;139;34m PASSED[0m[38;2;100;149;237m 3s 589ms[0m
[38;2;128;128;128m[0m
  [38;2;250;235;215mres://tests/unit/basketball/test_guardrail_exception.gd[0m[38;2;128;128;128m > [0m[38;2;250;235;215mtest_the_condition_is_part_of_the_invariant_signature[0m[38;2;34;139;34m STARTED[0m[38;2;128;128;128m[0m
  [38;2;250;235;215mres://tests/unit/basketball/test_guardrail_exception.gd[0m[38;2;128;128;128m > [0m[38;2;250;235;215mtest_the_condition_is_part_of_the_invariant_signature[0m[38;2;34;139;34m PASSED[0m[38;2;100;149;237m 1s 811ms[0m
[38;2;128;128;128m[0m
  [38;2;250;235;215mres://tests/unit/basketball/test_guardrail_exception.gd[0m[38;2;128;128;128m > [0m[38;2;250;235;215mtest_an_unexplained_season_is_a_violation_inside_the_share[0m[38;2;34;139;34m STARTED[0m[38;2;128;128;128m[0m
  [38;2;250;235;215mres://tests/unit/basketball/test_guardrail_exception.gd[0m[38;2;128;128;128m > [0m[38;2;250;235;215mtest_an_unexplained_season_is_a_violation_inside_the_share[0m[38;2;34;139;34m PASSED[0m[38;2;100;149;237m 1s 191ms[0m
[38;2;128;128;128m[0m
  [38;2;250;235;215mres://tests/unit/basketball/test_guardrail_exception.gd[0m[38;2;128;128;128m > [0m[38;2;250;235;215mtest_an_unexplained_season_is_a_violation_without_any_excess[0m[38;2;34;139;34m STARTED[0m[38;2;128;128;128m[0m
  [38;2;250;235;215mres://tests/unit/basketball/test_guardrail_exception.gd[0m[38;2;128;128;128m > [0m[38;2;250;235;215mtest_an_unexplained_season_is_a_violation_without_any_excess[0m[38;2;34;139;34m PASSED[0m[38;2;100;149;237m 1s 6ms[0m
[38;2;128;128;128m[0m
  [38;2;250;235;215mres://tests/unit/basketball/test_guardrail_exception.gd[0m[38;2;128;128;128m > [0m[38;2;250;235;215mtest_the_exception_changes_no_attribute_point_cost[0m[38;2;34;139;34m STARTED[0m[38;2;128;128;128m[0m
  [38;2;250;235;215mres://tests/unit/basketball/test_guardrail_exception.gd[0m[38;2;128;128;128m > [0m[38;2;250;235;215mtest_the_exception_changes_no_attribute_point_cost[0m[38;2;34;139;34m PASSED[0m[38;2;100;149;237m 1s 715ms[0m
[38;2;128;128;128m[0m
  [38;2;250;235;215mres://tests/unit/basketball/test_guardrail_exception.gd[0m[38;2;128;128;128m > [0m[38;2;250;235;215mtest_the_exception_does_not_lift_the_game_development_cap[0m[38;2;34;139;34m STARTED[0m[38;2;128;128;128m[0m
  [38;2;250;235;215mres://tests/unit/basketball/test_guardrail_exception.gd[0m[38;2;128;128;128m > [0m[38;2;250;235;215mtest_the_exception_does_not_lift_the_game_development_cap[0m[38;2;34;139;34m PASSED[0m[38;2;100;149;237m 1s 850ms[0m
[38;2;128;128;128m[0m
  [38;2;250;235;215mres://tests/unit/basketball/test_guardrail_exception.gd[0m[38;2;128;128;128m > [0m[38;2;250;235;215mtest_the_population_shares_are_unchanged[0m[38;2;34;139;34m STARTED[0m[38;2;128;128;128m[0m
  [38;2;250;235;215mres://tests/unit/basketball/test_guardrail_exception.gd[0m[38;2;128;128;128m > [0m[38;2;250;235;215mtest_the_population_shares_are_unchanged[0m[38;2;34;139;34m PASSED[0m[38;2;100;149;237m 873ms[0m
[38;2;128;128;128m[0m
  [38;2;250;235;215mres://tests/unit/basketball/test_guardrail_exception.gd[0m[38;2;128;128;128m > [0m[38;2;250;235;215mtest_only_the_generational_path_carries_the_condition[0m[38;2;34;139;34m STARTED[0m[38;2;128;128;128m[0m
  [38;2;250;235;215mres://tests/unit/basketball/test_guardrail_exception.gd[0m[38;2;128;128;128m > [0m[38;2;250;235;215mtest_only_the_generational_path_carries_the_condition[0m[38;2;34;139;34m PASSED[0m[38;2;100;149;237m 17s 764ms[0m
[38;2;128;128;128m[0m
  [38;2;250;235;215mres://tests/unit/basketball/test_guardrail_exception.gd[0m[38;2;128;128;128m > [0m[38;2;250;235;215mtest_no_career_violates_the_ruling[0m[38;2;34;139;34m STARTED[0m[38;2;128;128;128m[0m
  [38;2;250;235;215mres://tests/unit/basketball/test_guardrail_exception.gd[0m[38;2;128;128;128m > [0m[38;2;250;235;215mtest_no_career_violates_the_ruling[0m[38;2;34;139;34m PASSED[0m[38;2;100;149;237m 1min 27s 548ms[0m
[38;2;128;128;128m[0m
  [38;2;250;235;215mres://tests/unit/basketball/test_guardrail_exception.gd[0m[38;2;128;128;128m > [0m[38;2;250;235;215mtest_the_generational_cohort_actually_uses_the_exception[0m[38;2;34;139;34m STARTED[0m[38;2;128;128;128m[0m
  [38;2;250;235;215mres://tests/unit/basketball/test_guardrail_exception.gd[0m[38;2;128;128;128m > [0m[38;2;250;235;215mtest_the_generational_cohort_actually_uses_the_exception[0m[38;2;34;139;34m PASSED[0m[38;2;100;149;237m 36s 362ms[0m
[38;2;128;128;128m[0m
  [38;2;250;235;215mres://tests/unit/basketball/test_guardrail_exception.gd[0m[38;2;128;128;128m > [0m[38;2;250;235;215mtest_the_exception_does_not_silence_the_seasonal_warning[0m[38;2;34;139;34m STARTED[0m[38;2;128;128;128m[0m
  [38;2;250;235;215mres://tests/unit/basketball/test_guardrail_exception.gd[0m[38;2;128;128;128m > [0m[38;2;250;235;215mtest_the_exception_does_not_silence_the_seasonal_warning[0m[38;2;34;139;34m PASSED[0m[38;2;100;149;237m 5s 295ms[0m
[38;2;128;128;128m[0m
[38;2;30;144;255mStatistics:[0m[38;2;128;128;128m 17 test cases | 0 errors | 0 failures | 0 flaky | 0 skipped | 0 orphans |[0m[38;2;34;139;34m PASSED[0m[38;2;100;149;237m 2min 51s 766ms[0m
[38;2;128;128;128m[0m
[38;2;128;128;128m[0m
[38;2;0;206;209mRun Test Suite: [0m[38;2;250;235;215mres://tests/unit/basketball/test_layered_identity.gd[0m
  [38;2;250;235;215mres://tests/unit/basketball/test_layered_identity.gd[0m[38;2;128;128;128m > [0m[38;2;250;235;215mtest_rotation_roles_are_the_seven_locked_ids[0m[38;2;34;139;34m STARTED[0m[38;2;128;128;128m[0m
  [38;2;250;235;215mres://tests/unit/basketball/test_layered_identity.gd[0m[38;2;128;128;128m > [0m[38;2;250;235;215mtest_rotation_roles_are_the_seven_locked_ids[0m[38;2;34;139;34m PASSED[0m[38;2;100;149;237m 1s 950ms[0m
[38;2;128;128;128m[0m
  [38;2;250;235;215mres://tests/unit/basketball/test_layered_identity.gd[0m[38;2;128;128;128m > [0m[38;2;250;235;215mtest_tactical_roles_are_the_eleven_locked_ids[0m[38;2;34;139;34m STARTED[0m[38;2;128;128;128m[0m
  [38;2;250;235;215mres://tests/unit/basketball/test_layered_identity.gd[0m[38;2;128;128;128m > [0m[38;2;250;235;215mtest_tactical_roles_are_the_eleven_locked_ids[0m[38;2;34;139;34m PASSED[0m[38;2;100;149;237m 463ms[0m
[38;2;128;128;128m[0m
  [38;2;250;235;215mres://tests/unit/basketball/test_layered_identity.gd[0m[38;2;128;128;128m > [0m[38;2;250;235;215mtest_the_legacy_balanced_role_is_gone[0m[38;2;34;139;34m STARTED[0m[38;2;128;128;128m[0m
  [38;2;250;235;215mres://tests/unit/basketball/test_layered_identity.gd[0m[38;2;128;128;128m > [0m[38;2;250;235;215mtest_the_legacy_balanced_role_is_gone[0m[38;2;34;139;34m PASSED[0m[38;2;100;149;237m 643ms[0m
[38;2;128;128;128m[0m
  [38;2;250;235;215mres://tests/unit/basketball/test_layered_identity.gd[0m[38;2;128;128;128m > [0m[38;2;250;235;215mtest_migration_does_not_turn_a_dnp_into_a_demotion[0m[38;2;34;139;34m STARTED[0m[38;2;128;128;128m[0m
  [38;2;250;235;215mres://tests/unit/basketball/test_layered_identity.gd[0m[38;2;128;128;128m > [0m[38;2;250;235;215mtest_migration_does_not_turn_a_dnp_into_a_demotion[0m[38;2;34;139;34m PASSED[0m[38;2;100;149;237m 929ms[0m
[38;2;128;128;128m[0m
  [38;2;250;235;215mres://tests/unit/basketball/test_layered_identity.gd[0m[38;2;128;128;128m > [0m[38;2;250;235;215mtest_archetype_classification_is_side_effect_free[0m[38;2;34;139;34m STARTED[0m[38;2;128;128;128m[0m
  [38;2;250;235;215mres://tests/unit/basketball/test_layered_identity.gd[0m[38;2;128;128;128m > [0m[38;2;250;235;215mtest_archetype_classification_is_side_effect_free[0m[38;2;34;139;34m PASSED[0m[38;2;100;149;237m 894ms[0m
[38;2;128;128;128m[0m
  [38;2;250;235;215mres://tests/unit/basketball/test_layered_identity.gd[0m[38;2;128;128;128m > [0m[38;2;250;235;215mtest_archetype_has_no_memory[0m[38;2;34;139;34m STARTED[0m[38;2;128;128;128m[0m
  [38;2;250;235;215mres://tests/unit/basketball/test_layered_identity.gd[0m[38;2;128;128;128m > [0m[38;2;250;235;215mtest_archetype_has_no_memory[0m[38;2;34;139;34m PASSED[0m[38;2;100;149;237m 1s 787ms[0m
[38;2;128;128;128m[0m
  [38;2;250;235;215mres://tests/unit/basketball/test_layered_identity.gd[0m[38;2;128;128;128m > [0m[38;2;250;235;215mtest_hybrid_builds_receive_composite_descriptors[0m[38;2;34;139;34m STARTED[0m[38;2;128;128;128m[0m
  [38;2;250;235;215mres://tests/unit/basketball/test_layered_identity.gd[0m[38;2;128;128;128m > [0m[38;2;250;235;215mtest_hybrid_builds_receive_composite_descriptors[0m[38;2;34;139;34m PASSED[0m[38;2;100;149;237m 914ms[0m
[38;2;128;128;128m[0m
  [38;2;250;235;215mres://tests/unit/basketball/test_layered_identity.gd[0m[38;2;128;128;128m > [0m[38;2;250;235;215mtest_archetype_grants_nothing[0m[38;2;34;139;34m STARTED[0m[38;2;128;128;128m[0m
  [38;2;250;235;215mres://tests/unit/basketball/test_layered_identity.gd[0m[38;2;128;128;128m > [0m[38;2;250;235;215mtest_archetype_grants_nothing[0m[38;2;34;139;34m PASSED[0m[38;2;100;149;237m 1s 363ms[0m
[38;2;128;128;128m[0m
  [38;2;250;235;215mres://tests/unit/basketball/test_layered_identity.gd[0m[38;2;128;128;128m > [0m[38;2;250;235;215mtest_no_gameplay_balance_profile_contains_archetype_data[0m[38;2;34;139;34m STARTED[0m[38;2;128;128;128m[0m
  [38;2;250;235;215mres://tests/unit/basketball/test_layered_identity.gd[0m[38;2;128;128;128m > [0m[38;2;250;235;215mtest_no_gameplay_balance_profile_contains_archetype_data[0m[38;2;34;139;34m PASSED[0m[38;2;100;149;237m 1s 298ms[0m
[38;2;128;128;128m[0m
  [38;2;250;235;215mres://tests/unit/basketball/test_layered_identity.gd[0m[38;2;128;128;128m > [0m[38;2;250;235;215mtest_a_player_carries_exactly_one_tactical_role[0m[38;2;34;139;34m STARTED[0m[38;2;128;128;128m[0m
  [38;2;250;235;215mres://tests/unit/basketball/test_layered_identity.gd[0m[38;2;128;128;128m > [0m[38;2;250;235;215mtest_a_player_carries_exactly_one_tactical_role[0m[38;2;34;139;34m PASSED[0m[38;2;100;149;237m 1s 345ms[0m
[38;2;128;128;128m[0m
  [38;2;250;235;215mres://tests/unit/basketball/test_layered_identity.gd[0m[38;2;128;128;128m > [0m[38;2;250;235;215mtest_archetype_is_not_a_match_profile_field[0m[38;2;34;139;34m STARTED[0m[38;2;128;128;128m[0m
  [38;2;250;235;215mres://tests/unit/basketball/test_layered_identity.gd[0m[38;2;128;128;128m > [0m[38;2;250;235;215mtest_archetype_is_not_a_match_profile_field[0m[38;2;34;139;34m PASSED[0m[38;2;100;149;237m 1s 225ms[0m
[38;2;128;128;128m[0m
[38;2;30;144;255mStatistics:[0m[38;2;128;128;128m 11 test cases | 0 errors | 0 failures | 0 flaky | 0 skipped | 0 orphans |[0m[38;2;34;139;34m PASSED[0m[38;2;100;149;237m 15s 216ms[0m
[38;2;128;128;128m[0m
[38;2;128;128;128m[0m
[38;2;0;206;209mRun Test Suite: [0m[38;2;250;235;215mres://tests/unit/basketball/test_overall_calculator.gd[0m
  [38;2;250;235;215mres://tests/unit/basketball/test_overall_calculator.gd[0m[38;2;128;128;128m > [0m[38;2;250;235;215mtest_empty_preview_reproduces_the_documented_derivation[0m[38;2;34;139;34m STARTED[0m[38;2;128;128;128m[0m
  [38;2;250;235;215mres://tests/unit/basketball/test_overall_calculator.gd[0m[38;2;128;128;128m > [0m[38;2;250;235;215mtest_empty_preview_reproduces_the_documented_derivation[0m[38;2;34;139;34m PASSED[0m[38;2;100;149;237m 1s 521ms[0m
[38;2;128;128;128m[0m
  [38;2;250;235;215mres://tests/unit/basketball/test_overall_calculator.gd[0m[38;2;128;128;128m > [0m[38;2;250;235;215mtest_overall_is_monotonic_in_every_attribute[0m[38;2;34;139;34m STARTED[0m[38;2;128;128;128m[0m
  [38;2;250;235;215mres://tests/unit/basketball/test_overall_calculator.gd[0m[38;2;128;128;128m > [0m[38;2;250;235;215mtest_overall_is_monotonic_in_every_attribute[0m[38;2;34;139;34m PASSED[0m[38;2;100;149;237m 1s 929ms[0m
[38;2;128;128;128m[0m
  [38;2;250;235;215mres://tests/unit/basketball/test_overall_calculator.gd[0m[38;2;128;128;128m > [0m[38;2;250;235;215mtest_scale_is_preserved_at_uniform_ratings[0m[38;2;34;139;34m STARTED[0m[38;2;128;128;128m[0m
  [38;2;250;235;215mres://tests/unit/basketball/test_overall_calculator.gd[0m[38;2;128;128;128m > [0m[38;2;250;235;215mtest_scale_is_preserved_at_uniform_ratings[0m[38;2;34;139;34m PASSED[0m[38;2;100;149;237m 1s 948ms[0m
[38;2;128;128;128m[0m
  [38;2;250;235;215mres://tests/unit/basketball/test_overall_calculator.gd[0m[38;2;128;128;128m > [0m[38;2;250;235;215mtest_no_non_rating_state_changes_current_overall[0m[38;2;34;139;34m STARTED[0m[38;2;128;128;128m[0m
  [38;2;250;235;215mres://tests/unit/basketball/test_overall_calculator.gd[0m[38;2;128;128;128m > [0m[38;2;250;235;215mtest_no_non_rating_state_changes_current_overall[0m[38;2;34;139;34m PASSED[0m[38;2;100;149;237m 1s 249ms[0m
[38;2;128;128;128m[0m
  [38;2;250;235;215mres://tests/unit/basketball/test_overall_calculator.gd[0m[38;2;128;128;128m > [0m[38;2;250;235;215mtest_maximum_potential_is_never_below_current_overall[0m[38;2;34;139;34m STARTED[0m[38;2;128;128;128m[0m
  [38;2;250;235;215mres://tests/unit/basketball/test_overall_calculator.gd[0m[38;2;128;128;128m > [0m[38;2;250;235;215mtest_maximum_potential_is_never_below_current_overall[0m[38;2;34;139;34m PASSED[0m[38;2;100;149;237m 1s 292ms[0m
[38;2;128;128;128m[0m
  [38;2;250;235;215mres://tests/unit/basketball/test_overall_calculator.gd[0m[38;2;128;128;128m > [0m[38;2;250;235;215mtest_user_and_npc_use_the_same_function[0m[38;2;34;139;34m STARTED[0m[38;2;128;128;128m[0m
  [38;2;250;235;215mres://tests/unit/basketball/test_overall_calculator.gd[0m[38;2;128;128;128m > [0m[38;2;250;235;215mtest_user_and_npc_use_the_same_function[0m[38;2;34;139;34m PASSED[0m[38;2;100;149;237m 1s 915ms[0m
[38;2;128;128;128m[0m
[38;2;30;144;255mStatistics:[0m[38;2;128;128;128m 6 test cases | 0 errors | 0 failures | 0 flaky | 0 skipped | 0 orphans |[0m[38;2;34;139;34m PASSED[0m[38;2;100;149;237m 11s 511ms[0m
[38;2;128;128;128m[0m
[38;2;128;128;128m[0m
[38;2;0;206;209mRun Test Suite: [0m[38;2;250;235;215mres://tests/unit/basketball/test_overall_exclusion.gd[0m
  [38;2;250;235;215mres://tests/unit/basketball/test_overall_exclusion.gd[0m[38;2;128;128;128m > [0m[38;2;250;235;215mtest_no_resolution_path_reads_a_development_projection[0m[38;2;34;139;34m STARTED[0m[38;2;128;128;128m[0m
  [38;2;250;235;215mres://tests/unit/basketball/test_overall_exclusion.gd[0m[38;2;128;128;128m > [0m[38;2;250;235;215mtest_no_resolution_path_reads_a_development_projection[0m[38;2;34;139;34m PASSED[0m[38;2;100;149;237m 1s 696ms[0m
[38;2;128;128;128m[0m
  [38;2;250;235;215mres://tests/unit/basketball/test_overall_exclusion.gd[0m[38;2;128;128;128m > [0m[38;2;250;235;215mtest_the_match_profile_carries_no_development_value[0m[38;2;34;139;34m STARTED[0m[38;2;128;128;128m[0m
  [38;2;250;235;215mres://tests/unit/basketball/test_overall_exclusion.gd[0m[38;2;128;128;128m > [0m[38;2;250;235;215mtest_the_match_profile_carries_no_development_value[0m[38;2;34;139;34m PASSED[0m[38;2;100;149;237m 1s 62ms[0m
[38;2;128;128;128m[0m
  [38;2;250;235;215mres://tests/unit/basketball/test_overall_exclusion.gd[0m[38;2;128;128;128m > [0m[38;2;250;235;215mtest_no_persisted_state_stores_a_development_value[0m[38;2;34;139;34m STARTED[0m[38;2;128;128;128m[0m
  [38;2;250;235;215mres://tests/unit/basketball/test_overall_exclusion.gd[0m[38;2;128;128;128m > [0m[38;2;250;235;215mtest_no_persisted_state_stores_a_development_value[0m[38;2;34;139;34m PASSED[0m[38;2;100;149;237m 1s 993ms[0m
[38;2;128;128;128m[0m
  [38;2;250;235;215mres://tests/unit/basketball/test_overall_exclusion.gd[0m[38;2;128;128;128m > [0m[38;2;250;235;215mtest_no_capability_reads_an_identity_layer[0m[38;2;34;139;34m STARTED[0m[38;2;128;128;128m[0m
  [38;2;250;235;215mres://tests/unit/basketball/test_overall_exclusion.gd[0m[38;2;128;128;128m > [0m[38;2;250;235;215mtest_no_capability_reads_an_identity_layer[0m[38;2;34;139;34m PASSED[0m[38;2;100;149;237m 1s 422ms[0m
[38;2;128;128;128m[0m
[38;2;30;144;255mStatistics:[0m[38;2;128;128;128m 4 test cases | 0 errors | 0 failures | 0 flaky | 0 skipped | 0 orphans |[0m[38;2;34;139;34m PASSED[0m[38;2;100;149;237m 10s 355ms[0m
[38;2;128;128;128m[0m
[38;2;128;128;128m[0m
[38;2;0;206;209mRun Test Suite: [0m[38;2;250;235;215mres://tests/unit/basketball/test_player_attributes.gd[0m
  [38;2;250;235;215mres://tests/unit/basketball/test_player_attributes.gd[0m[38;2;128;128;128m > [0m[38;2;250;235;215mtest_canonical_model_has_exactly_twenty_attributes[0m[38;2;34;139;34m STARTED[0m[38;2;128;128;128m[0m
  [38;2;250;235;215mres://tests/unit/basketball/test_player_attributes.gd[0m[38;2;128;128;128m > [0m[38;2;250;235;215mtest_canonical_model_has_exactly_twenty_attributes[0m[38;2;34;139;34m PASSED[0m[38;2;100;149;237m 1s 579ms[0m
[38;2;128;128;128m[0m
  [38;2;250;235;215mres://tests/unit/basketball/test_player_attributes.gd[0m[38;2;128;128;128m > [0m[38;2;250;235;215mtest_default_active_ratings_are_in_domain[0m[38;2;34;139;34m STARTED[0m[38;2;128;128;128m[0m
  [38;2;250;235;215mres://tests/unit/basketball/test_player_attributes.gd[0m[38;2;128;128;128m > [0m[38;2;250;235;215mtest_default_active_ratings_are_in_domain[0m[38;2;34;139;34m PASSED[0m[38;2;100;149;237m 929ms[0m
[38;2;128;128;128m[0m
[38;2;30;144;255mStatistics:[0m[38;2;128;128;128m 2 test cases | 0 errors | 0 failures | 0 flaky | 0 skipped | 0 orphans |[0m[38;2;34;139;34m PASSED[0m[38;2;100;149;237m 3s 822ms[0m
[38;2;128;128;128m[0m
[38;2;128;128;128m[0m
[38;2;0;206;209mRun Test Suite: [0m[38;2;250;235;215mres://tests/unit/basketball/test_player_model.gd[0m
  [38;2;250;235;215mres://tests/unit/basketball/test_player_model.gd[0m[38;2;128;128;128m > [0m[38;2;250;235;215mtest_all_twenty_attributes_exist_exactly_once[0m[38;2;34;139;34m STARTED[0m[38;2;128;128;128m[0m
  [38;2;250;235;215mres://tests/unit/basketball/test_player_model.gd[0m[38;2;128;128;128m > [0m[38;2;250;235;215mtest_all_twenty_attributes_exist_exactly_once[0m[38;2;34;139;34m PASSED[0m[38;2;100;149;237m 1s 771ms[0m
[38;2;128;128;128m[0m
  [38;2;250;235;215mres://tests/unit/basketball/test_player_model.gd[0m[38;2;128;128;128m > [0m[38;2;250;235;215mtest_attribute_ids_are_stable[0m[38;2;34;139;34m STARTED[0m[38;2;128;128;128m[0m
  [38;2;250;235;215mres://tests/unit/basketball/test_player_model.gd[0m[38;2;128;128;128m > [0m[38;2;250;235;215mtest_attribute_ids_are_stable[0m[38;2;34;139;34m PASSED[0m[38;2;100;149;237m 1s 387ms[0m
[38;2;128;128;128m[0m
  [38;2;250;235;215mres://tests/unit/basketball/test_player_model.gd[0m[38;2;128;128;128m > [0m[38;2;250;235;215mtest_attribute_serialization_is_stable[0m[38;2;34;139;34m STARTED[0m[38;2;128;128;128m[0m
  [38;2;250;235;215mres://tests/unit/basketball/test_player_model.gd[0m[38;2;128;128;128m > [0m[38;2;250;235;215mtest_attribute_serialization_is_stable[0m[38;2;34;139;34m PASSED[0m[38;2;100;149;237m 2s 879ms[0m
[38;2;128;128;128m[0m
  [38;2;250;235;215mres://tests/unit/basketball/test_player_model.gd[0m[38;2;128;128;128m > [0m[38;2;250;235;215mtest_rating_domain_is_enforced[0m[38;2;34;139;34m STARTED[0m[38;2;128;128;128m[0m
  [38;2;250;235;215mres://tests/unit/basketball/test_player_model.gd[0m[38;2;128;128;128m > [0m[38;2;250;235;215mtest_rating_domain_is_enforced[0m[38;2;34;139;34m PASSED[0m[38;2;100;149;237m 2s 823ms[0m
[38;2;128;128;128m[0m
  [38;2;250;235;215mres://tests/unit/basketball/test_player_model.gd[0m[38;2;128;128;128m > [0m[38;2;250;235;215mtest_a_sub_active_rating_is_rejected[0m[38;2;34;139;34m STARTED[0m[38;2;128;128;128m[0m
SCRIPT ERROR: Assertion failed: short_range must be a whole-number active-player rating from 25 through 99
   at: require_active (res://src/domain/basketball/model/rating.gd:38)
   GDScript backtrace (most recent call first):
       [0] require_active (res://src/domain/basketball/model/rating.gd:38)
       [1] _init (res://src/domain/basketball/model/player_attributes.gd:57)
       [2] <anonymous lambda> (res://tests/unit/basketball/test_player_model.gd:66)
       [3] _execute (res://addons/gdUnit4/src/asserts/GdUnitGodotErrorAssertImpl.gd:17)
       [4] is_runtime_error (res://addons/gdUnit4/src/asserts/GdUnitGodotErrorAssertImpl.gd:98)
       [5] test_a_sub_active_rating_is_rejected (res://tests/unit/basketball/test_player_model.gd:65)
       [6] _execute_test_case (res://addons/gdUnit4/src/core/_TestCase.gd:79)
       [7] execute (res://addons/gdUnit4/src/core/_TestCase.gd:40)
       [8] _execute (res://addons/gdUnit4/src/core/execution/stages/single/GdUnitTestCaseSingleTestStage.gd:10)
       [9] execute (res://addons/gdUnit4/src/core/execution/stages/IGdUnitExecutionStage.gd:19)
       [10] _execute (res://addons/gdUnit4/src/core/execution/stages/single/GdUnitTestCaseSingleExecutionStage.gd:17)
       [11] execute (res://addons/gdUnit4/src/core/execution/stages/IGdUnitExecutionStage.gd:19)
       [12] _execute (res://addons/gdUnit4/src/core/execution/stages/GdUnitTestCaseExecutionStage.gd:25)
       [13] execute (res://addons/gdUnit4/src/core/execution/stages/IGdUnitExecutionStage.gd:19)
       [14] _execute (res://addons/gdUnit4/src/core/execution/stages/GdUnitTestSuiteExecutionStage.gd:35)
       [15] execute (res://addons/gdUnit4/src/core/execution/stages/IGdUnitExecutionStage.gd:19)
       [16] _execute (res://addons/gdUnit4/src/core/execution/stages/GdUnitTestCaseExecutionStage.gd:33)
       [17] execute (res://addons/gdUnit4/src/core/execution/stages/IGdUnitExecutionStage.gd:19)
       [18] _execute (res://addons/gdUnit4/src/core/execution/stages/single/GdUnitTestCaseSingleExecutionStage.gd:28)
       [19] execute (res://addons/gdUnit4/src/core/execution/stages/IGdUnitExecutionStage.gd:19)
       [20] _execute (res://addons/gdUnit4/src/core/execution/stages/single/GdUnitTestCaseSingleTestStage.gd:10)
       [21] execute (res://addons/gdUnit4/src/core/_TestCase.gd:41)
       [22] test_completed (res://addons/gdUnit4/src/core/_TestCase.gd:86)
  [38;2;250;235;215mres://tests/unit/basketball/test_player_model.gd[0m[38;2;128;128;128m > [0m[38;2;250;235;215mtest_a_sub_active_rating_is_rejected[0m[38;2;34;139;34m PASSED[0m[38;2;100;149;237m 1s 792ms[0m
[38;2;128;128;128m[0m
  [38;2;250;235;215mres://tests/unit/basketball/test_player_model.gd[0m[38;2;128;128;128m > [0m[38;2;250;235;215mtest_cap_domain_is_enforced[0m[38;2;34;139;34m STARTED[0m[38;2;128;128;128m[0m
SCRIPT ERROR: Assertion failed: cap for short_range must lie between 40 and 99
   at: AttributeCaps._init (res://src/domain/basketball/model/attribute_caps.gd:37)
   GDScript backtrace (most recent call first):
       [0] _init (res://src/domain/basketball/model/attribute_caps.gd:37)
       [1] <anonymous lambda> (res://tests/unit/basketball/test_player_model.gd:78)
       [2] _execute (res://addons/gdUnit4/src/asserts/GdUnitGodotErrorAssertImpl.gd:17)
       [3] is_runtime_error (res://addons/gdUnit4/src/asserts/GdUnitGodotErrorAssertImpl.gd:98)
       [4] test_cap_domain_is_enforced (res://tests/unit/basketball/test_player_model.gd:77)
       [5] _execute_test_case (res://addons/gdUnit4/src/core/_TestCase.gd:79)
       [6] execute (res://addons/gdUnit4/src/core/_TestCase.gd:40)
       [7] _execute (res://addons/gdUnit4/src/core/execution/stages/single/GdUnitTestCaseSingleTestStage.gd:10)
       [8] execute (res://addons/gdUnit4/src/core/execution/stages/IGdUnitExecutionStage.gd:19)
       [9] _execute (res://addons/gdUnit4/src/core/execution/stages/single/GdUnitTestCaseSingleExecutionStage.gd:17)
       [10] execute (res://addons/gdUnit4/src/core/execution/stages/IGdUnitExecutionStage.gd:19)
       [11] _execute (res://addons/gdUnit4/src/core/execution/stages/GdUnitTestCaseExecutionStage.gd:25)
       [12] execute (res://addons/gdUnit4/src/core/execution/stages/IGdUnitExecutionStage.gd:19)
       [13] _execute (res://addons/gdUnit4/src/core/execution/stages/GdUnitTestSuiteExecutionStage.gd:35)
       [14] execute (res://addons/gdUnit4/src/core/execution/stages/IGdUnitExecutionStage.gd:19)
       [15] _execute (res://addons/gdUnit4/src/core/execution/stages/GdUnitTestCaseExecutionStage.gd:33)
       [16] execute (res://addons/gdUnit4/src/core/execution/stages/IGdUnitExecutionStage.gd:19)
       [17] _execute (res://addons/gdUnit4/src/core/execution/stages/single/GdUnitTestCaseSingleExecutionStage.gd:28)
       [18] execute (res://addons/gdUnit4/src/core/execution/stages/IGdUnitExecutionStage.gd:19)
       [19] _execute (res://addons/gdUnit4/src/core/execution/stages/single/GdUnitTestCaseSingleTestStage.gd:10)
       [20] execute (res://addons/gdUnit4/src/core/_TestCase.gd:41)
       [21] test_completed (res://addons/gdUnit4/src/core/_TestCase.gd:86)
  [38;2;250;235;215mres://tests/unit/basketball/test_player_model.gd[0m[38;2;128;128;128m > [0m[38;2;250;235;215mtest_cap_domain_is_enforced[0m[38;2;34;139;34m PASSED[0m[38;2;100;149;237m 1s 498ms[0m
[38;2;128;128;128m[0m
  [38;2;250;235;215mres://tests/unit/basketball/test_player_model.gd[0m[38;2;128;128;128m > [0m[38;2;250;235;215mtest_caps_are_immutable[0m[38;2;34;139;34m STARTED[0m[38;2;128;128;128m[0m
  [38;2;250;235;215mres://tests/unit/basketball/test_player_model.gd[0m[38;2;128;128;128m > [0m[38;2;250;235;215mtest_caps_are_immutable[0m[38;2;34;139;34m PASSED[0m[38;2;100;149;237m 1s 702ms[0m
[38;2;128;128;128m[0m
  [38;2;250;235;215mres://tests/unit/basketball/test_player_model.gd[0m[38;2;128;128;128m > [0m[38;2;250;235;215mtest_body_profile_carries_standing_reach[0m[38;2;34;139;34m STARTED[0m[38;2;128;128;128m[0m
  [38;2;250;235;215mres://tests/unit/basketball/test_player_model.gd[0m[38;2;128;128;128m > [0m[38;2;250;235;215mtest_body_profile_carries_standing_reach[0m[38;2;34;139;34m PASSED[0m[38;2;100;149;237m 1s 839ms[0m
[38;2;128;128;128m[0m
  [38;2;250;235;215mres://tests/unit/basketball/test_player_model.gd[0m[38;2;128;128;128m > [0m[38;2;250;235;215mtest_standing_reach_never_falls_as_height_or_wingspan_rises[0m[38;2;34;139;34m STARTED[0m[38;2;128;128;128m[0m
  [38;2;250;235;215mres://tests/unit/basketball/test_player_model.gd[0m[38;2;128;128;128m > [0m[38;2;250;235;215mtest_standing_reach_never_falls_as_height_or_wingspan_rises[0m[38;2;34;139;34m PASSED[0m[38;2;100;149;237m 4s 218ms[0m
[38;2;128;128;128m[0m
  [38;2;250;235;215mres://tests/unit/basketball/test_player_model.gd[0m[38;2;128;128;128m > [0m[38;2;250;235;215mtest_standing_reach_rises_across_a_growth_span[0m[38;2;34;139;34m STARTED[0m[38;2;128;128;128m[0m
  [38;2;250;235;215mres://tests/unit/basketball/test_player_model.gd[0m[38;2;128;128;128m > [0m[38;2;250;235;215mtest_standing_reach_rises_across_a_growth_span[0m[38;2;34;139;34m PASSED[0m[38;2;100;149;237m 1s 316ms[0m
[38;2;128;128;128m[0m
  [38;2;250;235;215mres://tests/unit/basketball/test_player_model.gd[0m[38;2;128;128;128m > [0m[38;2;250;235;215mtest_migration_preserves_hidden_fractional_progress[0m[38;2;34;139;34m STARTED[0m[38;2;128;128;128m[0m
  [38;2;250;235;215mres://tests/unit/basketball/test_player_model.gd[0m[38;2;128;128;128m > [0m[38;2;250;235;215mtest_migration_preserves_hidden_fractional_progress[0m[38;2;34;139;34m PASSED[0m[38;2;100;149;237m 4s 859ms[0m
[38;2;128;128;128m[0m
  [38;2;250;235;215mres://tests/unit/basketball/test_player_model.gd[0m[38;2;128;128;128m > [0m[38;2;250;235;215mtest_migration_has_no_side_effects_on_caps_or_currency[0m[38;2;34;139;34m STARTED[0m[38;2;128;128;128m[0m
  [38;2;250;235;215mres://tests/unit/basketball/test_player_model.gd[0m[38;2;128;128;128m > [0m[38;2;250;235;215mtest_migration_has_no_side_effects_on_caps_or_currency[0m[38;2;34;139;34m PASSED[0m[38;2;100;149;237m 3s 821ms[0m
[38;2;128;128;128m[0m
  [38;2;250;235;215mres://tests/unit/basketball/test_player_model.gd[0m[38;2;128;128;128m > [0m[38;2;250;235;215mtest_migration_derives_standing_reach_only_when_missing[0m[38;2;34;139;34m STARTED[0m[38;2;128;128;128m[0m
  [38;2;250;235;215mres://tests/unit/basketball/test_player_model.gd[0m[38;2;128;128;128m > [0m[38;2;250;235;215mtest_migration_derives_standing_reach_only_when_missing[0m[38;2;34;139;34m PASSED[0m[38;2;100;149;237m 3s 101ms[0m
[38;2;128;128;128m[0m
  [38;2;250;235;215mres://tests/unit/basketball/test_player_model.gd[0m[38;2;128;128;128m > [0m[38;2;250;235;215mtest_migration_reports_every_conversion[0m[38;2;34;139;34m STARTED[0m[38;2;128;128;128m[0m
  [38;2;250;235;215mres://tests/unit/basketball/test_player_model.gd[0m[38;2;128;128;128m > [0m[38;2;250;235;215mtest_migration_reports_every_conversion[0m[38;2;34;139;34m PASSED[0m[38;2;100;149;237m 3s 79ms[0m
[38;2;128;128;128m[0m
  [38;2;250;235;215mres://tests/unit/basketball/test_player_model.gd[0m[38;2;128;128;128m > [0m[38;2;250;235;215mtest_receipts_decline_duplicates_quietly[0m[38;2;34;139;34m STARTED[0m[38;2;128;128;128m[0m
  [38;2;250;235;215mres://tests/unit/basketball/test_player_model.gd[0m[38;2;128;128;128m > [0m[38;2;250;235;215mtest_receipts_decline_duplicates_quietly[0m[38;2;34;139;34m PASSED[0m[38;2;100;149;237m 940ms[0m
[38;2;128;128;128m[0m
[38;2;30;144;255mStatistics:[0m[38;2;128;128;128m 15 test cases | 0 errors | 0 failures | 0 flaky | 0 skipped | 0 orphans |[0m[38;2;34;139;34m PASSED[0m[38;2;100;149;237m 43s 267ms[0m
[38;2;128;128;128m[0m
[38;2;128;128;128m[0m
[38;2;0;206;209mRun Test Suite: [0m[38;2;250;235;215mres://tests/unit/basketball/test_projected_peak_model.gd[0m
  [38;2;250;235;215mres://tests/unit/basketball/test_projected_peak_model.gd[0m[38;2;128;128;128m > [0m[38;2;250;235;215mtest_interval_generation_is_deterministic[0m[38;2;34;139;34m STARTED[0m[38;2;128;128;128m[0m
  [38;2;250;235;215mres://tests/unit/basketball/test_projected_peak_model.gd[0m[38;2;128;128;128m > [0m[38;2;250;235;215mtest_interval_generation_is_deterministic[0m[38;2;34;139;34m PASSED[0m[38;2;100;149;237m 43s 360ms[0m
[38;2;128;128;128m[0m
  [38;2;250;235;215mres://tests/unit/basketball/test_projected_peak_model.gd[0m[38;2;128;128;128m > [0m[38;2;250;235;215mtest_bounds_and_ordering_hold_at_extremes[0m[38;2;34;139;34m STARTED[0m[38;2;128;128;128m[0m
  [38;2;250;235;215mres://tests/unit/basketball/test_projected_peak_model.gd[0m[38;2;128;128;128m > [0m[38;2;250;235;215mtest_bounds_and_ordering_hold_at_extremes[0m[38;2;34;139;34m PASSED[0m[38;2;100;149;237m 1min 30s 132ms[0m
[38;2;128;128;128m[0m
  [38;2;250;235;215mres://tests/unit/basketball/test_projected_peak_model.gd[0m[38;2;128;128;128m > [0m[38;2;250;235;215mtest_projection_ignores_identity_and_career_state[0m[38;2;34;139;34m STARTED[0m[38;2;128;128;128m[0m
  [38;2;250;235;215mres://tests/unit/basketball/test_projected_peak_model.gd[0m[38;2;128;128;128m > [0m[38;2;250;235;215mtest_projection_ignores_identity_and_career_state[0m[38;2;34;139;34m PASSED[0m[38;2;100;149;237m 6s 100ms[0m
[38;2;128;128;128m[0m
  [38;2;250;235;215mres://tests/unit/basketball/test_projected_peak_model.gd[0m[38;2;128;128;128m > [0m[38;2;250;235;215mtest_risk_profile_changes_the_interval_width[0m[38;2;34;139;34m STARTED[0m[38;2;128;128;128m[0m
  [38;2;250;235;215mres://tests/unit/basketball/test_projected_peak_model.gd[0m[38;2;128;128;128m > [0m[38;2;250;235;215mtest_risk_profile_changes_the_interval_width[0m[38;2;34;139;34m PASSED[0m[38;2;100;149;237m 8s 924ms[0m
[38;2;128;128;128m[0m
  [38;2;250;235;215mres://tests/unit/basketball/test_projected_peak_model.gd[0m[38;2;128;128;128m > [0m[38;2;250;235;215mtest_more_uncertainty_never_narrows_the_interval[0m[38;2;34;139;34m STARTED[0m[38;2;128;128;128m[0m
  [38;2;250;235;215mres://tests/unit/basketball/test_projected_peak_model.gd[0m[38;2;128;128;128m > [0m[38;2;250;235;215mtest_more_uncertainty_never_narrows_the_interval[0m[38;2;34;139;34m PASSED[0m[38;2;100;149;237m 9s 940ms[0m
[38;2;128;128;128m[0m
  [38;2;250;235;215mres://tests/unit/basketball/test_projected_peak_model.gd[0m[38;2;128;128;128m > [0m[38;2;250;235;215mtest_binding_caps_narrow_the_interval_without_a_rule[0m[38;2;34;139;34m STARTED[0m[38;2;128;128;128m[0m
  [38;2;250;235;215mres://tests/unit/basketball/test_projected_peak_model.gd[0m[38;2;128;128;128m > [0m[38;2;250;235;215mtest_binding_caps_narrow_the_interval_without_a_rule[0m[38;2;34;139;34m PASSED[0m[38;2;100;149;237m 2s 311ms[0m
[38;2;128;128;128m[0m
  [38;2;250;235;215mres://tests/unit/basketball/test_projected_peak_model.gd[0m[38;2;128;128;128m > [0m[38;2;250;235;215mtest_reachable_growth_respects_caps_under_any_opportunity[0m[38;2;34;139;34m STARTED[0m[38;2;128;128;128m[0m
  [38;2;250;235;215mres://tests/unit/basketball/test_projected_peak_model.gd[0m[38;2;128;128;128m > [0m[38;2;250;235;215mtest_reachable_growth_respects_caps_under_any_opportunity[0m[38;2;34;139;34m PASSED[0m[38;2;100;149;237m 5s 518ms[0m
[38;2;128;128;128m[0m
  [38;2;250;235;215mres://tests/unit/basketball/test_projected_peak_model.gd[0m[38;2;128;128;128m > [0m[38;2;250;235;215mtest_opportunity_shares_move_the_projection[0m[38;2;34;139;34m STARTED[0m[38;2;128;128;128m[0m
  [38;2;250;235;215mres://tests/unit/basketball/test_projected_peak_model.gd[0m[38;2;128;128;128m > [0m[38;2;250;235;215mtest_opportunity_shares_move_the_projection[0m[38;2;34;139;34m PASSED[0m[38;2;100;149;237m 1s 703ms[0m
[38;2;128;128;128m[0m
  [38;2;250;235;215mres://tests/unit/basketball/test_projected_peak_model.gd[0m[38;2;128;128;128m > [0m[38;2;250;235;215mtest_horizon_and_age_reduce_expected_opportunity[0m[38;2;34;139;34m STARTED[0m[38;2;128;128;128m[0m
  [38;2;250;235;215mres://tests/unit/basketball/test_projected_peak_model.gd[0m[38;2;128;128;128m > [0m[38;2;250;235;215mtest_horizon_and_age_reduce_expected_opportunity[0m[38;2;34;139;34m PASSED[0m[38;2;100;149;237m 660ms[0m
[38;2;128;128;128m[0m
  [38;2;250;235;215mres://tests/unit/basketball/test_projected_peak_model.gd[0m[38;2;128;128;128m > [0m[38;2;250;235;215mtest_regression_against_the_previous_pessimistic_model[0m[38;2;34;139;34m STARTED[0m[38;2;128;128;128m[0m
  [38;2;250;235;215mres://tests/unit/basketball/test_projected_peak_model.gd[0m[38;2;128;128;128m > [0m[38;2;250;235;215mtest_regression_against_the_previous_pessimistic_model[0m[38;2;34;139;34m PASSED[0m[38;2;100;149;237m 915ms[0m
[38;2;128;128;128m[0m
  [38;2;250;235;215mres://tests/unit/basketball/test_projected_peak_model.gd[0m[38;2;128;128;128m > [0m[38;2;250;235;215mtest_minimum_width_holds_where_the_legal_interval_permits_it[0m[38;2;34;139;34m STARTED[0m[38;2;128;128;128m[0m
  [38;2;250;235;215mres://tests/unit/basketball/test_projected_peak_model.gd[0m[38;2;128;128;128m > [0m[38;2;250;235;215mtest_minimum_width_holds_where_the_legal_interval_permits_it[0m[38;2;34;139;34m PASSED[0m[38;2;100;149;237m 3s 397ms[0m
[38;2;128;128;128m[0m
[38;2;30;144;255mStatistics:[0m[38;2;128;128;128m 11 test cases | 0 errors | 0 failures | 0 flaky | 0 skipped | 0 orphans |[0m[38;2;34;139;34m PASSED[0m[38;2;100;149;237m 2min 58s 129ms[0m
[38;2;128;128;128m[0m
[38;2;128;128;128m[0m
[38;2;0;206;209mRun Test Suite: [0m[38;2;250;235;215mres://tests/unit/basketball/test_simulation_balance.gd[0m
  [38;2;250;235;215mres://tests/unit/basketball/test_simulation_balance.gd[0m[38;2;128;128;128m > [0m[38;2;250;235;215mtest_every_simulation_tunable_is_named_and_inside_its_safe_range[0m[38;2;34;139;34m STARTED[0m[38;2;128;128;128m[0m
  [38;2;250;235;215mres://tests/unit/basketball/test_simulation_balance.gd[0m[38;2;128;128;128m > [0m[38;2;250;235;215mtest_every_simulation_tunable_is_named_and_inside_its_safe_range[0m[38;2;34;139;34m PASSED[0m[38;2;100;149;237m 2s 123ms[0m
[38;2;128;128;128m[0m
  [38;2;250;235;215mres://tests/unit/basketball/test_simulation_balance.gd[0m[38;2;128;128;128m > [0m[38;2;250;235;215mtest_the_profile_carries_an_identity_and_version[0m[38;2;34;139;34m STARTED[0m[38;2;128;128;128m[0m
  [38;2;250;235;215mres://tests/unit/basketball/test_simulation_balance.gd[0m[38;2;128;128;128m > [0m[38;2;250;235;215mtest_the_profile_carries_an_identity_and_version[0m[38;2;34;139;34m PASSED[0m[38;2;100;149;237m 379ms[0m
[38;2;128;128;128m[0m
  [38;2;250;235;215mres://tests/unit/basketball/test_simulation_balance.gd[0m[38;2;128;128;128m > [0m[38;2;250;235;215mtest_shot_baselines_are_monotonic_in_the_rating[0m[38;2;34;139;34m STARTED[0m[38;2;128;128;128m[0m
  [38;2;250;235;215mres://tests/unit/basketball/test_simulation_balance.gd[0m[38;2;128;128;128m > [0m[38;2;250;235;215mtest_shot_baselines_are_monotonic_in_the_rating[0m[38;2;34;139;34m PASSED[0m[38;2;100;149;237m 123ms[0m
[38;2;128;128;128m[0m
  [38;2;250;235;215mres://tests/unit/basketball/test_simulation_balance.gd[0m[38;2;128;128;128m > [0m[38;2;250;235;215mtest_shot_floors_and_ceilings_bound_every_family[0m[38;2;34;139;34m STARTED[0m[38;2;128;128;128m[0m
  [38;2;250;235;215mres://tests/unit/basketball/test_simulation_balance.gd[0m[38;2;128;128;128m > [0m[38;2;250;235;215mtest_shot_floors_and_ceilings_bound_every_family[0m[38;2;34;139;34m PASSED[0m[38;2;100;149;237m 927ms[0m
[38;2;128;128;128m[0m
  [38;2;250;235;215mres://tests/unit/basketball/test_simulation_balance.gd[0m[38;2;128;128;128m > [0m[38;2;250;235;215mtest_opposed_curves_respond_within_the_required_band[0m[38;2;34;139;34m STARTED[0m[38;2;128;128;128m[0m
  [38;2;250;235;215mres://tests/unit/basketball/test_simulation_balance.gd[0m[38;2;128;128;128m > [0m[38;2;250;235;215mtest_opposed_curves_respond_within_the_required_band[0m[38;2;34;139;34m PASSED[0m[38;2;100;149;237m 447ms[0m
[38;2;128;128;128m[0m
  [38;2;250;235;215mres://tests/unit/basketball/test_simulation_balance.gd[0m[38;2;128;128;128m > [0m[38;2;250;235;215mtest_tendency_multipliers_are_centred_and_reciprocal[0m[38;2;34;139;34m STARTED[0m[38;2;128;128;128m[0m
  [38;2;250;235;215mres://tests/unit/basketball/test_simulation_balance.gd[0m[38;2;128;128;128m > [0m[38;2;250;235;215mtest_tendency_multipliers_are_centred_and_reciprocal[0m[38;2;34;139;34m PASSED[0m[38;2;100;149;237m 1s 564ms[0m
[38;2;128;128;128m[0m
  [38;2;250;235;215mres://tests/unit/basketball/test_simulation_balance.gd[0m[38;2;128;128;128m > [0m[38;2;250;235;215mtest_candidate_weights_are_clamped_to_their_band[0m[38;2;34;139;34m STARTED[0m[38;2;128;128;128m[0m
  [38;2;250;235;215mres://tests/unit/basketball/test_simulation_balance.gd[0m[38;2;128;128;128m > [0m[38;2;250;235;215mtest_candidate_weights_are_clamped_to_their_band[0m[38;2;34;139;34m PASSED[0m[38;2;100;149;237m 988ms[0m
[38;2;128;128;128m[0m
  [38;2;250;235;215mres://tests/unit/basketball/test_simulation_balance.gd[0m[38;2;128;128;128m > [0m[38;2;250;235;215mtest_capability_weight_table_is_complete_and_bounded[0m[38;2;34;139;34m STARTED[0m[38;2;128;128;128m[0m
  [38;2;250;235;215mres://tests/unit/basketball/test_simulation_balance.gd[0m[38;2;128;128;128m > [0m[38;2;250;235;215mtest_capability_weight_table_is_complete_and_bounded[0m[38;2;34;139;34m PASSED[0m[38;2;100;149;237m 580ms[0m
[38;2;128;128;128m[0m
  [38;2;250;235;215mres://tests/unit/basketball/test_simulation_balance.gd[0m[38;2;128;128;128m > [0m[38;2;250;235;215mtest_role_opportunity_stays_inside_its_bounds[0m[38;2;34;139;34m STARTED[0m[38;2;128;128;128m[0m
  [38;2;250;235;215mres://tests/unit/basketball/test_simulation_balance.gd[0m[38;2;128;128;128m > [0m[38;2;250;235;215mtest_role_opportunity_stays_inside_its_bounds[0m[38;2;34;139;34m PASSED[0m[38;2;100;149;237m 898ms[0m
[38;2;128;128;128m[0m
  [38;2;250;235;215mres://tests/unit/basketball/test_simulation_balance.gd[0m[38;2;128;128;128m > [0m[38;2;250;235;215mtest_rule_profiles_model_their_bonus_structures[0m[38;2;34;139;34m STARTED[0m[38;2;128;128;128m[0m
  [38;2;250;235;215mres://tests/unit/basketball/test_simulation_balance.gd[0m[38;2;128;128;128m > [0m[38;2;250;235;215mtest_rule_profiles_model_their_bonus_structures[0m[38;2;34;139;34m PASSED[0m[38;2;100;149;237m 891ms[0m
[38;2;128;128;128m[0m
[38;2;30;144;255mStatistics:[0m[38;2;128;128;128m 10 test cases | 0 errors | 0 failures | 0 flaky | 0 skipped | 0 orphans |[0m[38;2;34;139;34m PASSED[0m[38;2;100;149;237m 12s 390ms[0m
[38;2;128;128;128m[0m
[38;2;128;128;128m[0m
[38;2;0;206;209mRun Test Suite: [0m[38;2;250;235;215mres://tests/unit/shared/test_seeded_random_source.gd[0m
  [38;2;250;235;215mres://tests/unit/shared/test_seeded_random_source.gd[0m[38;2;128;128;128m > [0m[38;2;250;235;215mtest_same_seed_reproduces_draws[0m[38;2;34;139;34m STARTED[0m[38;2;128;128;128m[0m
  [38;2;250;235;215mres://tests/unit/shared/test_seeded_random_source.gd[0m[38;2;128;128;128m > [0m[38;2;250;235;215mtest_same_seed_reproduces_draws[0m[38;2;34;139;34m PASSED[0m[38;2;100;149;237m 978ms[0m
[38;2;128;128;128m[0m
  [38;2;250;235;215mres://tests/unit/shared/test_seeded_random_source.gd[0m[38;2;128;128;128m > [0m[38;2;250;235;215mtest_child_stream_is_independent_of_parent_consumption[0m[38;2;34;139;34m STARTED[0m[38;2;128;128;128m[0m
  [38;2;250;235;215mres://tests/unit/shared/test_seeded_random_source.gd[0m[38;2;128;128;128m > [0m[38;2;250;235;215mtest_child_stream_is_independent_of_parent_consumption[0m[38;2;34;139;34m PASSED[0m[38;2;100;149;237m 2s 367ms[0m
[38;2;128;128;128m[0m
[38;2;30;144;255mStatistics:[0m[38;2;128;128;128m 2 test cases | 0 errors | 0 failures | 0 flaky | 0 skipped | 0 orphans |[0m[38;2;34;139;34m PASSED[0m[38;2;100;149;237m 5s 512ms[0m
[38;2;128;128;128m[0m
[38;2;128;128;128m[0m
[38;2;0;206;209mRun Test Suite: [0m[38;2;250;235;215mres://tests/unit/tools/test_parse_gate.gd[0m
  [38;2;250;235;215mres://tests/unit/tools/test_parse_gate.gd[0m[38;2;128;128;128m > [0m[38;2;250;235;215mtest_a_malformed_script_makes_the_gate_exit_nonzero[0m[38;2;34;139;34m STARTED[0m[38;2;128;128;128m[0m
  [38;2;250;235;215mres://tests/unit/tools/test_parse_gate.gd[0m[38;2;128;128;128m > [0m[38;2;250;235;215mtest_a_malformed_script_makes_the_gate_exit_nonzero[0m[38;2;34;139;34m PASSED[0m[38;2;100;149;237m 7min 18s 619ms[0m
[38;2;128;128;128m[0m
  [38;2;250;235;215mres://tests/unit/tools/test_parse_gate.gd[0m[38;2;128;128;128m > [0m[38;2;250;235;215mtest_the_reported_count_agrees_with_the_exit_status[0m[38;2;34;139;34m STARTED[0m[38;2;128;128;128m[0m
  [38;2;250;235;215mres://tests/unit/tools/test_parse_gate.gd[0m[38;2;128;128;128m > [0m[38;2;250;235;215mtest_the_reported_count_agrees_with_the_exit_status[0m[38;2;34;139;34m PASSED[0m[38;2;100;149;237m 283ms[0m
[38;2;128;128;128m[0m
  [38;2;250;235;215mres://tests/unit/tools/test_parse_gate.gd[0m[38;2;128;128;128m > [0m[38;2;250;235;215mtest_removing_the_fixture_returns_the_gate_to_a_pass[0m[38;2;34;139;34m STARTED[0m[38;2;128;128;128m[0m
  [38;2;250;235;215mres://tests/unit/tools/test_parse_gate.gd[0m[38;2;128;128;128m > [0m[38;2;250;235;215mtest_removing_the_fixture_returns_the_gate_to_a_pass[0m[38;2;34;139;34m PASSED[0m[38;2;100;149;237m 2min 46s 303ms[0m
[38;2;128;128;128m[0m
  [38;2;250;235;215mres://tests/unit/tools/test_parse_gate.gd[0m[38;2;128;128;128m > [0m[38;2;250;235;215mtest_the_gate_verifies_its_own_detector_before_walking[0m[38;2;34;139;34m STARTED[0m[38;2;128;128;128m[0m
  [38;2;250;235;215mres://tests/unit/tools/test_parse_gate.gd[0m[38;2;128;128;128m > [0m[38;2;250;235;215mtest_the_gate_verifies_its_own_detector_before_walking[0m[38;2;34;139;34m PASSED[0m[38;2;100;149;237m 191ms[0m
[38;2;128;128;128m[0m
  [38;2;250;235;215mres://tests/unit/tools/test_parse_gate.gd[0m[38;2;128;128;128m > [0m[38;2;250;235;215mtest_a_valid_script_is_not_reported[0m[38;2;34;139;34m STARTED[0m[38;2;128;128;128m[0m
  [38;2;250;235;215mres://tests/unit/tools/test_parse_gate.gd[0m[38;2;128;128;128m > [0m[38;2;250;235;215mtest_a_valid_script_is_not_reported[0m[38;2;34;139;34m PASSED[0m[38;2;100;149;237m 1s 76ms[0m
[38;2;128;128;128m[0m
  [38;2;250;235;215mres://tests/unit/tools/test_parse_gate.gd[0m[38;2;128;128;128m > [0m[38;2;250;235;215mtest_every_configured_root_exists_and_contains_scripts[0m[38;2;34;139;34m STARTED[0m[38;2;128;128;128m[0m
  [38;2;250;235;215mres://tests/unit/tools/test_parse_gate.gd[0m[38;2;128;128;128m > [0m[38;2;250;235;215mtest_every_configured_root_exists_and_contains_scripts[0m[38;2;34;139;34m PASSED[0m[38;2;100;149;237m 629ms[0m
[38;2;128;128;128m[0m
  [38;2;250;235;215mres://tests/unit/tools/test_parse_gate.gd[0m[38;2;128;128;128m > [0m[38;2;250;235;215mtest_the_calibration_root_is_covered[0m[38;2;34;139;34m STARTED[0m[38;2;128;128;128m[0m
  [38;2;250;235;215mres://tests/unit/tools/test_parse_gate.gd[0m[38;2;128;128;128m > [0m[38;2;250;235;215mtest_the_calibration_root_is_covered[0m[38;2;34;139;34m PASSED[0m[38;2;100;149;237m 754ms[0m
[38;2;128;128;128m[0m
[38;2;30;144;255mStatistics:[0m[38;2;128;128;128m 7 test cases | 0 errors | 0 failures | 0 flaky | 0 skipped | 0 orphans |[0m[38;2;34;139;34m PASSED[0m[38;2;100;149;237m 10min 9s 838ms[0m
[38;2;128;128;128m[0m
[38;2;128;128;128m[0m
[38;2;30;144;255mOverall Summary:[0m[38;2;255;255;255m 703 test cases | 0 errors | 0 failures | 0 flaky | 0 skipped | 0 orphans |[0m
[38;2;233;150;122mExecuted test suites: (57/57)[0m
[38;2;233;150;122mExecuted test cases : (703/703)[0m
[38;2;233;150;122mTotal execution time: 2h 7min 57s 807ms[0m
[38;2;255;255;255m [0m[38;2;100;149;237mOpen XML Report at: file://C:/Users/valexander/leaguebound-godot-core/reports/report_130/results.xml[0m
[38;2;100;149;237mOpen HTML Report at: file://C:/Users/valexander/leaguebound-godot-core/reports/report_130/index.html[0m
[38;2;233;150;122mExit code: 0[0m
Run dispose test resources
Run tests ends with 0

=== All requested checks passed
